annual_income,loan_amount,credit_score,debt_to_income,employment_years,prior_delinquencies,purpose,default
63100.0,20200.0,696.0,0.284,10.9,1,education,0
32200.0,19400.0,676.0,0.229,6.7,0,education,0
78800.0,20600.0,740.0,0.44,0.1,0,debt_consolidation,0
86700.0,46600.0,722.0,0.123,1.8,0,education,0
20400.0,14600.0,471.0,0.164,5.8,0,debt_consolidation,1
28300.0,24100.0,718.0,0.304,4.9,0,debt_consolidation,0
57800.0,21500.0,610.0,0.332,0.4,1,home_improvement,1
46300.0,30300.0,580.0,0.021,1.2,0,debt_consolidation,0
53700.0,36100.0,667.0,0.106,0.2,0,debt_consolidation,0
35400.0,9800.0,709.0,0.254,23.7,0,debt_consolidation,1
84100.0,50700.0,565.0,0.416,8.2,1,debt_consolidation,1
79900.0,49900.0,729.0,0.469,13.4,1,debt_consolidation,0
56000.0,39800.0,733.0,0.239,0.5,0,home_improvement,1
95200.0,60000.0,683.0,0.263,10.4,0,medical,0
68400.0,9000.0,619.0,0.196,4.6,0,debt_consolidation,0
35300.0,9200.0,611.0,0.343,16.0,0,debt_consolidation,0
65100.0,14100.0,752.0,0.433,1.8,1,debt_consolidation,0
33500.0,7500.0,574.0,0.406,9.5,0,debt_consolidation,0
84100.0,39000.0,755.0,0.277,7.0,0,debt_consolidation,0
52800.0,42400.0,668.0,0.196,10.7,0,home_improvement,0
49400.0,22700.0,673.0,0.281,5.8,0,education,0
38500.0,24400.0,560.0,0.418,5.1,2,medical,1
99800.0,40000.0,670.0,0.24,4.8,0,business,0
50100.0,17800.0,723.0,0.098,3.0,0,business,0
43700.0,33500.0,586.0,0.244,7.1,0,debt_consolidation,0
45400.0,28300.0,715.0,0.252,1.7,0,debt_consolidation,1
70700.0,26900.0,686.0,0.098,7.2,0,home_improvement,0
65000.0,54000.0,635.0,0.303,1.9,0,home_improvement,1
66600.0,33200.0,740.0,0.331,14.6,2,home_improvement,1
67200.0,16800.0,526.0,,10.9,2,home_improvement,1
158100.0,60000.0,704.0,0.147,1.1,2,business,1
44200.0,28300.0,793.0,0.353,4.3,1,home_improvement,0
41900.0,16500.0,781.0,0.377,0.9,0,business,0
36100.0,28000.0,707.0,0.332,4.3,1,business,0
73700.0,38800.0,659.0,0.179,0.6,0,home_improvement,0
95300.0,45200.0,635.0,0.174,0.7,0,debt_consolidation,0
51200.0,40300.0,659.0,0.29,12.7,1,debt_consolidation,1
35600.0,16700.0,718.0,,1.6,0,debt_consolidation,0
35900.0,15500.0,623.0,0.224,1.9,0,business,0
75000.0,13700.0,733.0,0.409,7.1,0,business,0
78600.0,30700.0,829.0,0.24,0.5,0,debt_consolidation,1
71100.0,29700.0,676.0,0.091,3.8,0,debt_consolidation,0
38800.0,9500.0,586.0,0.258,3.6,1,medical,0
60800.0,34700.0,586.0,0.328,,0,home_improvement,1
57400.0,12300.0,734.0,0.314,7.1,1,medical,0
60400.0,16800.0,676.0,0.313,8.3,0,debt_consolidation,0
83800.0,46000.0,741.0,0.429,2.9,0,debt_consolidation,0
60600.0,19100.0,643.0,0.169,6.3,0,debt_consolidation,0
76100.0,46600.0,738.0,0.238,11.0,1,debt_consolidation,0
56000.0,36500.0,669.0,0.435,6.9,1,debt_consolidation,0
62600.0,21300.0,629.0,0.083,6.2,0,debt_consolidation,0
74300.0,12600.0,652.0,0.275,1.5,0,home_improvement,0
26100.0,12800.0,596.0,0.403,3.7,2,medical,1
46200.0,8100.0,819.0,0.401,3.1,0,debt_consolidation,0
42800.0,21900.0,673.0,0.346,1.0,0,business,0
39400.0,26800.0,725.0,0.349,3.6,0,debt_consolidation,1
47200.0,28100.0,642.0,0.176,2.7,1,education,1
114400.0,52500.0,606.0,0.417,,0,debt_consolidation,0
35100.0,30100.0,664.0,0.16,1.1,0,medical,0
87900.0,15900.0,757.0,0.166,10.5,0,debt_consolidation,0
23400.0,18800.0,644.0,0.319,11.6,1,home_improvement,1
45800.0,33900.0,619.0,0.231,9.0,1,business,0
58800.0,25600.0,691.0,0.301,0.6,1,debt_consolidation,0
72600.0,16100.0,715.0,0.323,5.5,0,medical,0
77300.0,17400.0,795.0,0.458,1.0,0,education,0
80600.0,60000.0,705.0,0.323,0.7,0,debt_consolidation,0
45500.0,13100.0,725.0,0.218,,2,debt_consolidation,0
43000.0,34400.0,730.0,0.348,0.6,0,medical,1
83200.0,41800.0,599.0,0.197,1.4,0,business,0
49200.0,23100.0,613.0,0.371,0.4,0,debt_consolidation,0
28600.0,17000.0,604.0,0.286,10.9,0,medical,0
30700.0,8400.0,587.0,0.32,2.2,0,medical,0
34200.0,15100.0,736.0,0.102,12.8,0,home_improvement,0
69500.0,59100.0,700.0,0.055,4.6,1,medical,0
58200.0,16900.0,686.0,0.13,4.7,1,debt_consolidation,1
76500.0,60000.0,499.0,0.455,6.2,0,home_improvement,1
43800.0,39200.0,824.0,0.165,2.2,0,business,0
58600.0,8300.0,617.0,0.353,14.6,0,medical,0
74100.0,38900.0,824.0,0.216,4.0,0,debt_consolidation,0
46400.0,11000.0,579.0,0.256,4.3,0,education,1
68100.0,40700.0,623.0,0.276,0.6,0,debt_consolidation,0
38900.0,34700.0,526.0,0.444,20.7,0,debt_consolidation,0
45200.0,37000.0,705.0,0.338,2.1,0,debt_consolidation,0
44800.0,37600.0,603.0,0.319,1.0,1,debt_consolidation,1
29800.0,8100.0,605.0,0.41,3.7,1,home_improvement,0
69100.0,36900.0,584.0,0.217,6.6,0,debt_consolidation,1
42800.0,12300.0,734.0,0.387,0.9,0,medical,0
54500.0,44700.0,730.0,0.37,10.0,1,business,0
68900.0,17400.0,807.0,0.369,4.1,0,home_improvement,0
67700.0,15100.0,632.0,0.264,13.0,0,debt_consolidation,0
75600.0,8300.0,695.0,0.236,0.5,0,business,0
51600.0,12700.0,590.0,0.193,6.6,0,debt_consolidation,1
43800.0,11000.0,657.0,0.199,2.0,0,home_improvement,0
52100.0,8400.0,644.0,0.188,14.1,0,debt_consolidation,0
23300.0,18500.0,713.0,0.317,3.6,0,business,0
26300.0,19000.0,751.0,0.257,,0,debt_consolidation,0
28000.0,8500.0,749.0,0.323,4.2,0,business,0
32900.0,23900.0,621.0,0.329,6.3,0,business,1
66200.0,29000.0,750.0,0.174,6.0,0,business,0
34400.0,24800.0,677.0,0.171,4.4,0,medical,0
44800.0,16100.0,657.0,0.257,1.6,0,education,0
103700.0,57200.0,630.0,0.202,6.8,0,business,1
45300.0,18400.0,641.0,0.192,1.4,0,debt_consolidation,0
78300.0,19600.0,802.0,0.45,10.4,0,medical,1
34000.0,19300.0,702.0,0.127,4.5,0,debt_consolidation,0
48900.0,34300.0,692.0,0.482,0.7,1,debt_consolidation,0
33700.0,23700.0,662.0,0.309,9.6,0,home_improvement,0
45700.0,17600.0,850.0,0.379,8.8,0,business,0
82500.0,42500.0,771.0,0.367,1.2,0,debt_consolidation,0
22800.0,16200.0,630.0,0.342,2.8,2,home_improvement,1
67300.0,9700.0,661.0,0.446,5.4,0,education,0
61000.0,9600.0,665.0,0.172,11.8,0,education,0
40300.0,16200.0,690.0,0.264,8.2,0,debt_consolidation,0
26300.0,7300.0,631.0,0.195,34.1,0,home_improvement,0
56200.0,22500.0,711.0,0.11,2.3,0,education,0
41600.0,7300.0,782.0,0.214,11.9,0,business,0
60900.0,34900.0,588.0,0.467,1.2,0,business,1
54800.0,34900.0,601.0,0.263,2.5,0,debt_consolidation,1
120700.0,60000.0,646.0,0.478,2.0,0,debt_consolidation,0
48100.0,29800.0,649.0,0.489,0.4,1,education,0
32500.0,13600.0,820.0,0.58,3.0,1,home_improvement,1
59300.0,50300.0,750.0,0.471,7.7,0,education,0
60500.0,41200.0,746.0,0.516,4.6,0,medical,0
106900.0,55800.0,661.0,0.313,6.1,0,debt_consolidation,0
82300.0,21800.0,660.0,0.303,8.3,2,business,1
64800.0,40100.0,578.0,0.309,1.9,0,debt_consolidation,1
112600.0,60000.0,735.0,0.28,7.4,0,business,0
29900.0,19300.0,714.0,0.295,10.0,1,home_improvement,0
39300.0,28500.0,770.0,0.355,14.1,1,business,0
34100.0,28400.0,665.0,0.233,1.3,0,debt_consolidation,1
44600.0,38300.0,670.0,0.142,10.2,0,home_improvement,1
27200.0,16400.0,692.0,0.316,13.7,1,debt_consolidation,0
74400.0,60000.0,742.0,0.211,4.8,0,education,0
48500.0,40200.0,577.0,0.221,4.3,0,business,0
26000.0,2700.0,732.0,0.266,1.1,0,medical,0
32600.0,19900.0,679.0,0.243,6.4,0,education,0
63400.0,15400.0,606.0,0.391,6.9,1,debt_consolidation,0
82400.0,27700.0,534.0,,2.4,1,business,1
147000.0,49700.0,670.0,0.396,7.8,2,debt_consolidation,0
232600.0,60000.0,781.0,0.301,3.5,1,education,0
66600.0,7200.0,797.0,0.271,3.6,0,debt_consolidation,0
33000.0,9500.0,705.0,0.296,4.4,0,medical,0
18700.0,2300.0,817.0,0.151,2.1,0,debt_consolidation,0
61900.0,38400.0,677.0,0.314,9.4,0,debt_consolidation,1
36100.0,29300.0,747.0,0.365,0.6,2,debt_consolidation,1
44000.0,39500.0,648.0,0.379,3.1,1,home_improvement,1
39900.0,18300.0,644.0,0.145,2.6,1,debt_consolidation,1
50500.0,15600.0,633.0,0.128,12.2,0,business,1
92300.0,60000.0,536.0,0.226,10.7,0,medical,0
58600.0,11200.0,770.0,0.418,0.2,1,business,0
50000.0,44000.0,635.0,0.302,1.1,2,debt_consolidation,1
32300.0,21700.0,624.0,0.203,11.7,1,education,0
23500.0,11800.0,597.0,0.135,1.5,0,home_improvement,0
42500.0,7500.0,666.0,0.212,0.6,0,business,0
52700.0,6000.0,803.0,0.205,1.1,2,debt_consolidation,0
131100.0,60000.0,827.0,0.374,10.9,0,debt_consolidation,0
57800.0,24900.0,564.0,0.381,0.9,0,debt_consolidation,1
88600.0,60000.0,655.0,0.175,3.8,3,home_improvement,1
42200.0,25900.0,608.0,0.355,0.8,1,business,1
30000.0,13400.0,749.0,0.345,2.6,1,debt_consolidation,0
33400.0,9400.0,700.0,0.162,11.1,1,education,0
37700.0,18300.0,635.0,0.272,11.6,1,debt_consolidation,0
157000.0,36200.0,685.0,0.314,0.9,0,debt_consolidation,0
35900.0,22700.0,647.0,0.296,0.9,0,business,0
82400.0,48200.0,793.0,0.109,2.5,0,medical,0
34500.0,25800.0,718.0,0.293,2.7,1,business,1
86300.0,39700.0,727.0,0.344,5.4,0,home_improvement,1
65700.0,21200.0,493.0,0.438,4.0,0,medical,1
50100.0,38500.0,675.0,,0.0,2,education,1
53100.0,34700.0,826.0,0.225,17.7,0,education,0
39100.0,26000.0,773.0,0.259,1.9,1,debt_consolidation,0
67700.0,35400.0,551.0,0.309,1.2,1,debt_consolidation,0
43200.0,34600.0,658.0,0.29,0.9,0,debt_consolidation,0
29400.0,8300.0,596.0,0.34,3.6,0,education,0
28600.0,12100.0,800.0,0.167,2.1,1,medical,0
59100.0,43600.0,697.0,0.32,1.3,1,education,0
119300.0,24600.0,626.0,0.206,9.5,1,debt_consolidation,0
58700.0,43800.0,682.0,0.266,2.2,0,medical,0
51100.0,19500.0,497.0,0.451,0.4,1,debt_consolidation,1
62500.0,12500.0,604.0,0.14,8.4,0,business,0
104100.0,17000.0,683.0,0.252,3.0,0,debt_consolidation,1
60500.0,46900.0,739.0,0.153,2.4,1,education,0
44100.0,31900.0,544.0,0.295,4.7,0,debt_consolidation,0
94200.0,31100.0,653.0,0.385,0.2,0,debt_consolidation,0
67100.0,13000.0,751.0,0.297,0.2,1,home_improvement,0
116800.0,34800.0,578.0,0.268,,0,home_improvement,1
59400.0,16100.0,696.0,0.413,,0,debt_consolidation,0
29400.0,20200.0,685.0,0.313,0.2,0,home_improvement,0
27300.0,7400.0,800.0,0.362,1.4,0,debt_consolidation,0
123700.0,33800.0,664.0,0.352,10.9,0,business,0
128300.0,16100.0,668.0,0.02,10.6,0,home_improvement,0
49500.0,28600.0,740.0,0.272,5.3,0,home_improvement,1
44700.0,29100.0,587.0,0.172,5.8,0,home_improvement,1
112500.0,60000.0,665.0,0.197,18.9,0,medical,0
31100.0,17300.0,648.0,0.427,0.9,0,debt_consolidation,0
34600.0,30200.0,670.0,0.243,4.8,0,education,1
74700.0,35700.0,739.0,0.469,4.4,1,business,0
44500.0,35100.0,719.0,0.139,1.3,0,home_improvement,0
54000.0,33300.0,628.0,0.172,4.3,0,debt_consolidation,1
49900.0,8300.0,690.0,0.356,6.2,0,debt_consolidation,0
64100.0,48000.0,784.0,0.246,1.0,1,business,0
109500.0,60000.0,622.0,0.311,0.9,0,debt_consolidation,1
56700.0,35300.0,690.0,0.269,12.8,0,debt_consolidation,0
74800.0,18300.0,666.0,0.266,1.4,0,business,0
19400.0,8700.0,676.0,0.25,3.8,1,business,0
52900.0,42600.0,566.0,0.298,0.6,1,home_improvement,1
35500.0,9700.0,779.0,0.344,3.1,1,debt_consolidation,0
29500.0,3000.0,626.0,0.441,5.8,0,home_improvement,0
34900.0,10700.0,752.0,0.26,0.9,0,medical,0
45800.0,22400.0,637.0,0.241,0.6,1,debt_consolidation,0
85600.0,60000.0,636.0,0.228,6.3,0,debt_consolidation,0
27900.0,17100.0,765.0,0.427,7.9,0,business,0
55000.0,45900.0,750.0,0.349,4.8,1,medical,1
42500.0,19700.0,695.0,0.09,12.7,0,home_improvement,0
46000.0,19000.0,733.0,0.086,3.6,1,business,0
89400.0,25500.0,660.0,0.197,5.5,1,education,0
70900.0,19500.0,679.0,0.303,1.6,0,business,0
105700.0,60000.0,634.0,0.277,1.1,0,debt_consolidation,1
50100.0,8200.0,743.0,0.331,7.6,0,home_improvement,0
38300.0,11300.0,631.0,0.262,2.5,0,education,0
48400.0,39100.0,784.0,0.42,0.7,0,home_improvement,0
61200.0,34400.0,658.0,0.357,2.0,0,debt_consolidation,0
59200.0,8100.0,681.0,0.288,2.3,0,education,0
31500.0,20900.0,733.0,0.395,6.0,1,education,0
56700.0,28700.0,682.0,0.115,12.3,2,debt_consolidation,0
60700.0,47600.0,659.0,0.271,0.6,0,home_improvement,0
190800.0,60000.0,678.0,0.294,20.0,2,education,0
138500.0,14300.0,743.0,0.34,16.5,0,education,0
35400.0,9400.0,634.0,0.108,2.3,1,home_improvement,0
46900.0,14400.0,671.0,0.254,7.9,0,debt_consolidation,0
26100.0,17300.0,681.0,0.32,4.1,0,debt_consolidation,0
40300.0,20500.0,741.0,0.328,1.1,1,medical,0
63400.0,44300.0,673.0,0.399,2.7,0,medical,1
99000.0,50500.0,807.0,0.356,0.8,1,education,0
37600.0,13600.0,669.0,0.274,2.8,0,home_improvement,0
39100.0,7200.0,663.0,0.347,3.7,0,debt_consolidation,0
18500.0,4800.0,668.0,0.26,0.2,0,home_improvement,0
49900.0,21000.0,588.0,0.295,11.7,1,home_improvement,0
31900.0,17300.0,607.0,0.359,3.1,0,home_improvement,1
41600.0,35400.0,643.0,0.275,4.5,0,debt_consolidation,1
34900.0,10200.0,760.0,0.316,5.4,0,debt_consolidation,0
51700.0,32700.0,678.0,0.376,9.5,0,business,1
22500.0,5000.0,646.0,0.351,2.2,0,home_improvement,1
26000.0,17400.0,766.0,0.403,9.3,0,business,0
157100.0,17100.0,789.0,0.513,2.3,0,education,0
28500.0,17800.0,768.0,0.35,6.7,0,medical,0
31300.0,7200.0,620.0,0.234,0.4,0,debt_consolidation,1
135700.0,33100.0,645.0,0.331,9.1,0,debt_consolidation,1
231500.0,60000.0,807.0,0.327,3.5,0,education,0
30200.0,12100.0,697.0,0.341,0.9,0,home_improvement,1
45100.0,21500.0,661.0,0.43,18.8,1,debt_consolidation,1
64300.0,22300.0,730.0,0.112,4.8,1,education,0
128600.0,60000.0,751.0,0.431,2.7,2,debt_consolidation,0
33100.0,11000.0,640.0,0.465,2.8,0,debt_consolidation,0
47900.0,25600.0,695.0,0.337,1.5,1,business,0
79900.0,60000.0,745.0,0.339,2.4,0,home_improvement,0
67300.0,42500.0,599.0,0.256,2.5,0,debt_consolidation,1
44900.0,16100.0,681.0,0.281,0.3,0,debt_consolidation,0
50700.0,27500.0,602.0,0.35,5.6,0,business,1
27200.0,4500.0,611.0,0.343,0.1,0,business,1
48100.0,25800.0,641.0,0.352,1.8,0,debt_consolidation,0
47400.0,21100.0,713.0,0.343,4.3,1,home_improvement,0
60800.0,42900.0,657.0,0.37,9.4,0,education,1
41000.0,31900.0,635.0,0.359,1.1,0,debt_consolidation,1
68600.0,17800.0,684.0,0.178,6.9,0,home_improvement,0
89900.0,14900.0,600.0,0.363,10.2,0,debt_consolidation,0
58600.0,24200.0,710.0,0.466,12.1,1,debt_consolidation,0
64600.0,34100.0,759.0,0.277,18.7,1,education,0
55600.0,22300.0,674.0,0.43,0.7,0,debt_consolidation,0
54200.0,32700.0,666.0,0.188,0.1,0,home_improvement,1
37800.0,19100.0,706.0,0.277,14.0,0,debt_consolidation,0
63500.0,53900.0,538.0,0.216,1.8,0,home_improvement,1
51600.0,22100.0,718.0,0.418,24.3,0,business,0
154300.0,25600.0,850.0,0.444,6.1,0,home_improvement,0
119000.0,40600.0,671.0,0.27,16.0,0,home_improvement,0
65700.0,38400.0,672.0,0.397,4.5,1,home_improvement,1
37000.0,11300.0,732.0,0.445,10.6,0,business,0
31100.0,9800.0,795.0,,2.2,1,education,0
98300.0,36500.0,748.0,0.293,5.7,0,debt_consolidation,1
61800.0,43100.0,529.0,0.353,6.8,0,debt_consolidation,0
68900.0,58700.0,719.0,0.196,0.1,0,home_improvement,0
22600.0,8600.0,850.0,0.291,1.4,1,medical,0
86100.0,22100.0,724.0,0.494,19.6,0,debt_consolidation,0
68000.0,29700.0,599.0,0.23,9.2,0,home_improvement,0
31100.0,11900.0,700.0,0.365,2.3,0,education,0
42800.0,38200.0,590.0,0.332,1.2,0,home_improvement,1
61800.0,29100.0,766.0,0.264,0.3,0,education,0
55600.0,35800.0,613.0,0.302,4.6,0,debt_consolidation,1
46800.0,38900.0,685.0,0.455,0.1,0,education,0
51400.0,31000.0,620.0,0.335,0.0,0,medical,0
47800.0,14300.0,642.0,0.351,,1,business,0
58500.0,34300.0,784.0,0.44,1.4,0,education,0
113100.0,47700.0,687.0,0.251,0.8,1,debt_consolidation,0
15000.0,6600.0,641.0,0.175,1.8,1,education,0
48100.0,42500.0,600.0,0.457,1.6,1,medical,1
59200.0,19100.0,549.0,0.294,1.7,1,home_improvement,0
62800.0,29800.0,592.0,0.369,0.3,1,debt_consolidation,0
45000.0,10300.0,688.0,0.204,0.6,0,debt_consolidation,0
22500.0,5500.0,749.0,0.319,2.9,0,education,0
63800.0,37200.0,641.0,0.17,2.9,0,home_improvement,0
128500.0,60000.0,790.0,0.286,1.7,0,debt_consolidation,0
25200.0,15400.0,630.0,0.215,15.9,0,home_improvement,0
83400.0,30300.0,663.0,0.192,14.8,0,business,0
46000.0,6800.0,604.0,0.25,1.0,0,debt_consolidation,0
52500.0,25000.0,749.0,0.051,10.5,0,home_improvement,0
32000.0,16100.0,827.0,,9.9,0,business,0
45800.0,32800.0,557.0,0.358,6.9,0,business,1
103800.0,60000.0,656.0,0.315,11.3,1,debt_consolidation,0
72500.0,57800.0,769.0,0.173,3.2,0,debt_consolidation,0
128800.0,60000.0,579.0,0.335,3.6,2,home_improvement,1
97600.0,38300.0,720.0,0.192,9.5,0,debt_consolidation,0
67500.0,40900.0,766.0,0.352,7.1,0,home_improvement,0
129600.0,60000.0,685.0,0.268,1.5,2,home_improvement,0
67500.0,58400.0,719.0,0.247,0.4,1,medical,0
82000.0,35900.0,803.0,0.271,1.4,0,education,0
46700.0,28900.0,816.0,0.536,0.1,0,business,0
56000.0,23200.0,676.0,0.204,4.0,0,education,0
38200.0,26400.0,643.0,0.303,,0,home_improvement,0
88900.0,60000.0,616.0,0.358,6.6,0,debt_consolidation,0
30100.0,25100.0,748.0,0.184,,0,medical,0
80100.0,18100.0,584.0,0.121,11.6,1,education,0
49300.0,13000.0,662.0,0.22,11.9,2,debt_consolidation,0
97300.0,60000.0,687.0,0.356,2.4,0,debt_consolidation,0
78900.0,47700.0,645.0,0.246,12.9,0,education,0
134600.0,60000.0,700.0,0.257,4.6,1,debt_consolidation,0
78100.0,27400.0,850.0,0.371,10.7,0,medical,0
24700.0,19200.0,671.0,0.199,8.9,0,debt_consolidation,0
52400.0,33900.0,650.0,0.271,0.0,1,home_improvement,0
30200.0,7700.0,751.0,0.129,3.6,0,debt_consolidation,0
41800.0,8400.0,697.0,0.312,2.5,0,home_improvement,0
115300.0,60000.0,781.0,0.303,1.3,0,medical,0
74500.0,16900.0,692.0,0.36,0.5,1,debt_consolidation,0
38200.0,28100.0,663.0,0.165,17.4,1,debt_consolidation,0
32600.0,17800.0,555.0,0.261,3.8,0,debt_consolidation,1
55100.0,26500.0,567.0,0.152,1.9,1,debt_consolidation,1
29500.0,9500.0,552.0,0.255,10.3,0,home_improvement,0
38700.0,34300.0,707.0,0.428,0.8,0,debt_consolidation,0
63300.0,42900.0,585.0,0.248,15.8,2,home_improvement,1
96500.0,60000.0,768.0,0.143,2.2,0,education,0
73500.0,52600.0,682.0,0.212,0.2,1,business,0
17200.0,9800.0,663.0,0.119,1.1,0,debt_consolidation,0
63100.0,53700.0,621.0,0.15,0.7,0,business,0
56200.0,31900.0,724.0,,15.0,0,business,0
66600.0,34400.0,624.0,0.135,9.1,0,education,0
121600.0,38800.0,611.0,0.311,1.3,0,education,1
19300.0,6300.0,763.0,0.283,1.4,1,home_improvement,0
40300.0,27800.0,705.0,0.227,10.9,0,debt_consolidation,0
72800.0,26800.0,664.0,0.303,0.3,1,business,0
24600.0,16800.0,725.0,0.186,4.1,1,business,0
113300.0,60000.0,681.0,0.364,4.6,0,debt_consolidation,1
65100.0,29400.0,707.0,0.21,0.0,0,debt_consolidation,0
82700.0,14700.0,623.0,,5.5,0,debt_consolidation,0
40700.0,25800.0,825.0,0.229,0.2,0,home_improvement,0
81400.0,8800.0,639.0,0.349,7.0,0,business,0
92400.0,60000.0,789.0,0.334,3.3,0,debt_consolidation,0
60900.0,31700.0,667.0,0.02,2.5,0,education,0
60900.0,29900.0,736.0,0.305,2.8,0,medical,0
62000.0,34400.0,731.0,0.106,12.8,0,debt_consolidation,0
35200.0,18100.0,760.0,0.246,1.9,1,education,0
50300.0,18100.0,621.0,,0.2,1,home_improvement,0
50200.0,16300.0,755.0,0.245,27.7,1,debt_consolidation,0
65600.0,28400.0,809.0,0.33,0.5,0,home_improvement,0
89300.0,60000.0,662.0,0.352,1.1,1,debt_consolidation,1
31900.0,6600.0,682.0,0.203,0.9,0,education,0
50900.0,18300.0,643.0,0.199,4.4,0,debt_consolidation,0
113600.0,28800.0,656.0,0.276,1.4,1,medical,1
37400.0,16500.0,800.0,0.126,3.6,1,home_improvement,0
35900.0,7400.0,610.0,0.232,6.5,0,business,0
59900.0,42400.0,614.0,0.415,1.9,0,education,0
82600.0,15100.0,793.0,0.129,5.4,1,education,0
54500.0,34500.0,724.0,0.246,8.1,1,debt_consolidation,0
105300.0,33100.0,828.0,0.221,0.8,1,home_improvement,0
83100.0,39700.0,648.0,0.481,7.5,0,education,1
82500.0,21400.0,689.0,0.226,0.3,0,education,0
71500.0,48900.0,634.0,0.232,2.9,0,education,1
173500.0,60000.0,690.0,0.177,1.1,0,debt_consolidation,0
48900.0,13600.0,556.0,0.281,0.6,0,debt_consolidation,0
19900.0,17200.0,728.0,0.307,1.5,1,debt_consolidation,0
120800.0,43500.0,703.0,0.191,3.8,0,debt_consolidation,0
43100.0,23500.0,676.0,0.379,5.1,0,medical,0
57200.0,37800.0,653.0,0.307,6.6,0,home_improvement,1
104300.0,27100.0,617.0,0.365,13.9,0,home_improvement,1
24300.0,11100.0,731.0,0.247,4.0,1,debt_consolidation,0
29000.0,4500.0,598.0,0.304,2.7,0,medical,1
24300.0,16000.0,716.0,0.259,16.4,0,debt_consolidation,0
36400.0,15800.0,825.0,0.426,1.7,0,debt_consolidation,0
67500.0,54900.0,784.0,0.292,1.3,0,medical,0
70400.0,22500.0,575.0,0.281,3.9,1,education,1
62200.0,52200.0,642.0,0.234,2.2,0,debt_consolidation,0
26700.0,5700.0,710.0,0.228,0.3,0,debt_consolidation,0
17100.0,10000.0,675.0,0.304,0.9,1,home_improvement,0
55700.0,19300.0,582.0,,5.3,0,education,0
42800.0,10500.0,707.0,0.212,6.9,0,debt_consolidation,0
68200.0,11900.0,679.0,0.293,3.7,0,home_improvement,0
77000.0,48100.0,814.0,0.298,0.1,0,debt_consolidation,0
58100.0,16600.0,662.0,0.316,1.6,0,home_improvement,0
79200.0,44200.0,762.0,0.109,4.0,0,education,1
60800.0,53700.0,591.0,0.188,1.7,0,medical,0
70600.0,24900.0,608.0,0.143,3.2,1,debt_consolidation,0
38100.0,4900.0,731.0,0.283,1.4,0,debt_consolidation,0
49500.0,10600.0,756.0,0.19,5.7,0,debt_consolidation,0
59800.0,11700.0,613.0,0.23,1.8,0,debt_consolidation,0
81700.0,38500.0,682.0,0.161,3.5,0,debt_consolidation,0
44500.0,31000.0,583.0,0.24,1.6,0,debt_consolidation,0
70300.0,23700.0,667.0,0.168,0.8,0,medical,0
47400.0,10300.0,739.0,0.356,0.1,0,medical,0
51100.0,31300.0,650.0,0.328,8.1,0,education,1
82000.0,28000.0,663.0,0.295,5.8,0,debt_consolidation,0
20000.0,11200.0,601.0,0.25,2.3,0,education,0
28300.0,24000.0,635.0,0.076,15.7,0,home_improvement,1
25800.0,8600.0,803.0,0.234,8.3,0,education,0
16900.0,8600.0,685.0,0.204,4.7,0,debt_consolidation,0
38600.0,28800.0,610.0,0.305,2.8,0,business,0
78800.0,51500.0,658.0,0.342,3.6,1,debt_consolidation,0
47000.0,33000.0,568.0,0.312,4.9,0,debt_consolidation,0
59800.0,42900.0,609.0,0.406,2.0,1,debt_consolidation,0
93400.0,49700.0,775.0,0.223,4.7,0,debt_consolidation,0
105200.0,55600.0,670.0,0.219,0.7,1,business,0
52300.0,35300.0,812.0,0.384,11.7,0,education,0
106600.0,60000.0,673.0,0.297,3.7,0,business,0
56700.0,36100.0,677.0,0.255,0.5,0,business,1
35600.0,14400.0,725.0,0.465,13.0,0,home_improvement,0
40200.0,30700.0,493.0,0.338,2.4,1,medical,0
25800.0,7500.0,694.0,0.261,0.5,0,business,0
34700.0,7800.0,677.0,0.211,0.2,2,debt_consolidation,0
45300.0,17000.0,784.0,0.413,12.8,0,debt_consolidation,0
81000.0,24500.0,748.0,0.301,1.2,0,home_improvement,0
128100.0,60000.0,601.0,0.282,2.9,2,education,0
27100.0,7700.0,767.0,0.348,1.8,0,medical,0
65900.0,41200.0,662.0,0.368,1.2,0,debt_consolidation,1
32200.0,16400.0,617.0,0.335,4.9,0,medical,1
68700.0,15200.0,694.0,0.368,1.5,0,education,1
50700.0,15600.0,666.0,0.325,3.7,0,debt_consolidation,0
21700.0,11200.0,788.0,0.335,4.7,0,education,0
86200.0,59200.0,704.0,0.207,10.2,0,business,0
40000.0,16700.0,694.0,0.461,0.2,0,debt_consolidation,0
41500.0,11900.0,743.0,0.157,3.0,1,debt_consolidation,0
31700.0,10700.0,757.0,0.311,,1,education,0
39100.0,6900.0,735.0,0.146,4.8,0,home_improvement,0
67100.0,8100.0,779.0,0.27,6.5,0,debt_consolidation,0
49300.0,43300.0,723.0,0.223,1.1,0,business,0
63900.0,11300.0,692.0,0.294,3.3,1,debt_consolidation,0
64900.0,13000.0,767.0,0.314,6.2,2,debt_consolidation,0
104900.0,60000.0,674.0,0.184,1.6,0,business,0
45600.0,28800.0,682.0,0.277,4.6,0,education,0
25900.0,11600.0,801.0,0.419,3.8,0,home_improvement,0
92400.0,57200.0,794.0,0.149,9.2,0,debt_consolidation,0
45900.0,38900.0,679.0,0.195,4.1,0,debt_consolidation,0
94600.0,17000.0,648.0,0.366,1.7,1,debt_consolidation,0
65600.0,19300.0,782.0,0.288,1.7,1,business,0
50700.0,40000.0,736.0,0.295,7.7,0,debt_consolidation,1
64500.0,46700.0,702.0,0.382,11.4,1,debt_consolidation,0
143700.0,60000.0,657.0,0.201,1.1,0,medical,0
153000.0,53700.0,703.0,0.228,15.6,2,business,0
56100.0,48000.0,678.0,0.216,2.1,1,education,0
58700.0,22000.0,633.0,0.245,1.7,0,debt_consolidation,0
92800.0,60000.0,689.0,0.414,1.3,0,debt_consolidation,0
35500.0,28600.0,699.0,0.11,2.5,0,business,0
64000.0,15100.0,654.0,0.161,3.8,0,education,0
53500.0,14200.0,743.0,0.143,17.6,0,medical,0
63400.0,35800.0,770.0,0.42,5.0,0,home_improvement,0
35700.0,27700.0,748.0,0.219,0.7,2,medical,0
24500.0,4000.0,661.0,0.247,7.0,0,business,0
19200.0,15000.0,733.0,0.119,0.8,1,debt_consolidation,1
31000.0,11600.0,685.0,0.254,6.0,0,debt_consolidation,0
43100.0,18300.0,593.0,0.367,1.7,0,debt_consolidation,0
46800.0,17400.0,727.0,0.305,2.1,0,education,0
142700.0,60000.0,690.0,0.269,2.6,0,debt_consolidation,0
94200.0,19300.0,850.0,0.124,7.0,0,debt_consolidation,0
33500.0,18700.0,782.0,0.247,2.8,1,education,0
64500.0,14100.0,730.0,0.295,17.2,0,education,0
44200.0,37300.0,697.0,0.181,2.1,0,home_improvement,0
47000.0,34700.0,691.0,0.345,0.5,0,business,0
59400.0,17100.0,610.0,0.369,13.2,1,debt_consolidation,0
73800.0,25000.0,558.0,0.227,11.5,0,home_improvement,0
45700.0,18500.0,619.0,0.353,2.2,0,education,0
92200.0,39100.0,677.0,0.269,0.4,0,education,1
30600.0,23100.0,533.0,0.395,1.1,0,education,1
54300.0,30000.0,642.0,0.483,4.2,0,education,0
198600.0,60000.0,663.0,0.171,2.3,0,medical,0
60600.0,40900.0,665.0,0.357,14.8,0,medical,0
110900.0,51700.0,634.0,0.41,,1,business,0
56700.0,11500.0,656.0,0.183,2.4,0,business,0
72400.0,13500.0,801.0,0.222,0.2,1,home_improvement,0
52700.0,19000.0,726.0,0.221,26.5,0,education,0
49800.0,29000.0,641.0,0.267,2.9,0,home_improvement,1
36700.0,7600.0,675.0,0.244,8.9,0,education,0
67200.0,36300.0,678.0,0.26,1.4,0,debt_consolidation,0
35400.0,11200.0,626.0,0.364,0.4,0,debt_consolidation,1
75600.0,49600.0,626.0,0.09,0.9,0,business,1
93200.0,11400.0,751.0,0.183,8.8,1,education,0
65100.0,30900.0,651.0,0.347,0.7,1,debt_consolidation,0
47000.0,6700.0,603.0,0.335,13.4,0,home_improvement,0
68000.0,24800.0,677.0,0.174,8.6,0,debt_consolidation,1
46400.0,5200.0,688.0,0.336,4.5,0,medical,0
86500.0,41100.0,542.0,0.413,1.1,1,debt_consolidation,1
21700.0,15500.0,677.0,0.275,0.7,0,education,0
45800.0,8300.0,741.0,0.179,,0,education,0
20000.0,13800.0,712.0,0.367,5.1,0,home_improvement,0
25700.0,14600.0,836.0,0.452,3.0,1,debt_consolidation,0
107100.0,53900.0,768.0,0.191,3.3,0,medical,1
84800.0,49100.0,781.0,0.284,7.6,1,medical,0
37800.0,13900.0,850.0,0.389,2.1,0,debt_consolidation,0
25600.0,17100.0,733.0,0.292,4.3,0,debt_consolidation,0
12300.0,8900.0,691.0,0.105,1.4,1,education,0
41300.0,29800.0,748.0,0.324,2.5,0,debt_consolidation,0
181700.0,57300.0,641.0,0.182,0.1,0,debt_consolidation,0
67300.0,41900.0,688.0,0.153,0.1,1,home_improvement,0
41000.0,9000.0,635.0,,0.6,0,home_improvement,0
68400.0,33900.0,708.0,0.399,1.1,1,medical,0
24800.0,2500.0,634.0,0.197,0.3,0,business,0
46700.0,11900.0,632.0,0.313,5.4,0,education,0
56900.0,34400.0,709.0,0.338,9.8,0,debt_consolidation,1
51900.0,41500.0,670.0,0.296,0.1,0,debt_consolidation,1
80500.0,11200.0,545.0,0.31,10.0,1,debt_consolidation,1
64400.0,35200.0,578.0,0.318,0.0,0,education,0
75700.0,46100.0,600.0,0.294,,0,home_improvement,1
38400.0,32500.0,618.0,0.204,12.6,0,business,0
84900.0,53000.0,709.0,0.195,3.0,0,home_improvement,0
122300.0,22300.0,695.0,0.27,0.1,0,debt_consolidation,0
33400.0,7300.0,755.0,0.267,7.8,1,home_improvement,0
34800.0,21200.0,733.0,0.323,2.4,0,debt_consolidation,0
105700.0,28800.0,755.0,0.39,5.3,0,debt_consolidation,0
49200.0,41500.0,723.0,0.314,6.7,0,debt_consolidation,0
109300.0,60000.0,695.0,0.199,1.9,1,debt_consolidation,1
43400.0,37300.0,757.0,0.062,22.6,1,debt_consolidation,0
112100.0,37500.0,744.0,0.203,0.9,0,home_improvement,0
57900.0,39000.0,706.0,0.146,17.2,0,medical,0
61600.0,38800.0,769.0,0.207,8.0,0,business,0
118500.0,15200.0,516.0,0.304,0.7,1,debt_consolidation,1
45200.0,14100.0,660.0,0.288,0.0,0,home_improvement,0
33800.0,9000.0,659.0,0.466,1.3,0,medical,1
43300.0,17200.0,761.0,0.328,0.7,0,business,0
67900.0,58600.0,790.0,0.471,0.3,1,medical,0
24800.0,19300.0,578.0,0.352,,1,home_improvement,1
74500.0,24900.0,779.0,0.389,,1,business,0
41400.0,21700.0,598.0,0.244,0.4,1,education,0
96200.0,24400.0,600.0,0.173,0.7,0,debt_consolidation,0
16400.0,5300.0,664.0,0.235,9.9,0,debt_consolidation,0
36600.0,5600.0,658.0,0.279,3.3,1,business,0
23300.0,14300.0,571.0,0.217,11.0,0,business,1
35800.0,22400.0,725.0,0.18,0.4,0,home_improvement,0
61300.0,47300.0,728.0,0.322,12.3,0,education,0
49500.0,39500.0,754.0,0.179,2.2,0,debt_consolidation,0
47700.0,10900.0,650.0,0.127,3.0,0,education,1
50000.0,34700.0,677.0,0.168,2.2,0,home_improvement,0
60000.0,12500.0,678.0,0.257,0.0,0,debt_consolidation,0
32700.0,13000.0,798.0,0.181,0.7,0,home_improvement,0
77100.0,39500.0,482.0,0.257,2.1,0,home_improvement,0
75500.0,10500.0,613.0,0.34,1.5,0,business,1
65700.0,14800.0,680.0,0.337,6.6,0,business,0
71600.0,22700.0,604.0,0.214,1.0,0,debt_consolidation,1
62800.0,12700.0,662.0,0.15,10.3,0,debt_consolidation,0
149900.0,60000.0,671.0,0.222,0.3,0,debt_consolidation,0
51900.0,17200.0,634.0,0.346,2.1,1,debt_consolidation,1
46500.0,23300.0,685.0,0.369,8.0,0,home_improvement,0
37200.0,33400.0,724.0,0.315,0.7,1,home_improvement,1
32300.0,17900.0,663.0,0.4,12.2,0,debt_consolidation,0
29100.0,12500.0,648.0,0.453,3.7,2,business,1
34700.0,29300.0,668.0,0.232,9.9,0,medical,1
52300.0,14500.0,679.0,0.429,2.8,0,debt_consolidation,0
64000.0,15600.0,558.0,0.254,4.0,0,education,0
55600.0,29400.0,712.0,0.382,4.2,0,debt_consolidation,1
36900.0,16300.0,648.0,0.351,3.8,0,education,0
85000.0,60000.0,768.0,0.082,2.7,1,home_improvement,0
78400.0,10500.0,721.0,0.183,6.9,0,debt_consolidation,0
50000.0,29700.0,762.0,0.158,9.9,2,home_improvement,1
39100.0,26100.0,609.0,0.102,4.0,0,business,0
71300.0,60000.0,654.0,,,0,education,1
59500.0,12900.0,593.0,0.487,3.7,0,education,0
26300.0,7800.0,631.0,0.254,10.0,0,medical,0
52400.0,44300.0,768.0,0.365,2.0,0,medical,0
61800.0,37400.0,784.0,0.428,2.1,0,business,0
34500.0,4500.0,600.0,0.301,3.4,0,debt_consolidation,0
59600.0,9600.0,648.0,0.277,0.2,0,debt_consolidation,1
26200.0,19100.0,675.0,0.255,11.6,2,medical,0
105700.0,58600.0,721.0,0.334,5.4,0,business,0
101100.0,55800.0,557.0,0.367,3.4,0,home_improvement,1
47800.0,38400.0,568.0,0.326,0.1,0,business,0
65000.0,19000.0,714.0,0.323,5.1,1,education,0
16200.0,3700.0,544.0,0.275,0.1,0,debt_consolidation,0
30400.0,18000.0,649.0,0.121,0.6,0,business,0
46800.0,37700.0,691.0,0.37,4.1,1,medical,0
31700.0,9900.0,709.0,0.152,0.7,1,home_improvement,0
77400.0,49900.0,670.0,0.342,1.5,0,education,0
147100.0,32600.0,654.0,0.356,7.1,0,debt_consolidation,0
30100.0,7100.0,739.0,0.166,35.0,1,education,0
35600.0,29200.0,700.0,0.219,5.0,0,home_improvement,0
60900.0,11800.0,635.0,0.492,8.2,0,home_improvement,1
121200.0,14500.0,683.0,0.272,1.6,0,education,0
29400.0,21200.0,707.0,0.158,1.9,0,debt_consolidation,1
61400.0,23900.0,800.0,0.36,9.5,0,debt_consolidation,0
134700.0,56200.0,735.0,0.203,5.5,1,debt_consolidation,0
23700.0,17500.0,765.0,0.088,13.2,1,home_improvement,1
28600.0,7000.0,637.0,0.332,2.3,0,home_improvement,1
43800.0,27200.0,643.0,0.188,2.6,0,home_improvement,1
41800.0,14700.0,664.0,0.312,6.2,1,home_improvement,0
81300.0,14900.0,670.0,0.199,2.8,0,debt_consolidation,0
61100.0,39700.0,609.0,0.351,0.5,0,medical,0
22300.0,7900.0,769.0,0.298,12.1,1,education,0
70100.0,55600.0,742.0,0.021,7.7,0,education,0
40600.0,33900.0,659.0,0.318,0.3,0,debt_consolidation,0
102500.0,60000.0,725.0,0.251,4.9,0,education,0
39600.0,14200.0,696.0,0.422,4.0,0,home_improvement,0
39400.0,11400.0,730.0,0.32,11.0,0,medical,0
71000.0,57800.0,586.0,0.356,2.4,0,debt_consolidation,0
79300.0,36700.0,670.0,0.209,0.7,1,education,1
67800.0,45200.0,676.0,0.201,5.4,0,business,1
23300.0,17700.0,724.0,0.277,3.6,0,business,1
70900.0,22800.0,636.0,0.244,2.1,0,business,0
32300.0,6300.0,505.0,0.414,35.0,1,debt_consolidation,0
60900.0,36500.0,604.0,0.265,4.9,0,home_improvement,0
26600.0,15200.0,676.0,0.158,2.2,1,debt_consolidation,0
67700.0,21400.0,684.0,0.197,1.3,1,home_improvement,0
36200.0,20600.0,798.0,0.377,12.0,1,education,0
28500.0,20900.0,721.0,0.263,0.3,0,education,0
77400.0,29400.0,686.0,0.258,9.7,0,business,0
61100.0,18000.0,678.0,0.386,,1,business,0
39900.0,27100.0,757.0,0.189,0.4,0,debt_consolidation,0
111900.0,60000.0,639.0,0.056,2.8,0,business,0
43500.0,37600.0,670.0,0.195,5.0,0,business,1
55100.0,12000.0,604.0,0.304,14.6,0,education,1
62000.0,50300.0,779.0,0.255,1.1,1,debt_consolidation,0
39700.0,28300.0,707.0,0.124,0.0,0,debt_consolidation,0
68600.0,45400.0,630.0,0.382,0.2,1,home_improvement,1
41500.0,14500.0,672.0,0.296,2.1,0,debt_consolidation,1
44100.0,5200.0,716.0,0.319,2.1,0,debt_consolidation,0
107100.0,54200.0,662.0,0.322,2.9,0,debt_consolidation,0
32200.0,10600.0,643.0,0.15,0.7,0,home_improvement,0
16200.0,5400.0,634.0,0.31,9.0,0,education,0
121200.0,60000.0,704.0,0.371,2.7,0,debt_consolidation,0
193800.0,43100.0,655.0,0.394,0.4,0,business,0
44200.0,37500.0,648.0,0.352,9.3,0,debt_consolidation,1
20600.0,10400.0,586.0,0.331,2.1,0,debt_consolidation,1
46400.0,35800.0,685.0,0.106,4.4,0,home_improvement,0
47000.0,15400.0,667.0,0.279,12.5,1,home_improvement,0
49300.0,29900.0,657.0,0.184,3.6,3,debt_consolidation,1
31000.0,16900.0,694.0,0.408,0.0,0,education,0
72400.0,60000.0,732.0,0.393,,0,debt_consolidation,0
70400.0,17100.0,729.0,0.185,30.5,0,debt_consolidation,0
25700.0,6800.0,719.0,0.275,2.7,0,home_improvement,0
76800.0,60000.0,663.0,0.305,2.1,0,debt_consolidation,0
151200.0,27000.0,640.0,0.37,0.2,0,business,0
59000.0,35900.0,607.0,0.112,3.0,1,home_improvement,0
45800.0,6800.0,638.0,0.059,5.5,2,debt_consolidation,0
50500.0,8200.0,681.0,0.284,19.3,0,medical,0
73700.0,42600.0,625.0,0.027,0.1,1,education,0
22800.0,12300.0,687.0,0.296,4.6,1,home_improvement,0
58800.0,32800.0,612.0,0.339,3.0,0,business,1
44600.0,21400.0,564.0,0.404,1.1,0,home_improvement,1
136500.0,60000.0,737.0,0.218,1.7,1,debt_consolidation,0
49700.0,44400.0,647.0,0.296,7.3,0,medical,0
124700.0,40000.0,621.0,0.345,5.1,1,business,1
31200.0,11200.0,603.0,0.162,1.2,1,debt_consolidation,0
72700.0,26100.0,710.0,0.372,3.1,2,debt_consolidation,1
63600.0,45200.0,776.0,0.307,0.8,0,education,1
35100.0,13300.0,652.0,0.219,5.7,0,education,0
59200.0,38000.0,665.0,0.294,0.8,1,debt_consolidation,1
99300.0,45400.0,755.0,0.266,4.9,2,business,0
46100.0,27000.0,553.0,0.358,2.7,0,debt_consolidation,1
23200.0,17700.0,818.0,0.244,3.8,0,medical,0
53700.0,27500.0,850.0,0.303,7.8,0,business,0
34500.0,16600.0,491.0,0.218,5.8,1,debt_consolidation,1
45700.0,14300.0,673.0,0.186,3.1,1,home_improvement,0
52000.0,26700.0,630.0,0.297,0.1,1,debt_consolidation,1
23100.0,7200.0,661.0,0.19,5.4,0,education,1
24200.0,18800.0,651.0,0.36,8.3,0,home_improvement,0
68900.0,28300.0,737.0,0.339,10.8,1,medical,0
41700.0,8500.0,672.0,0.203,3.9,0,home_improvement,0
15000.0,4400.0,616.0,0.301,0.3,1,debt_consolidation,1
80200.0,42300.0,668.0,0.203,2.5,0,debt_consolidation,0
62100.0,51700.0,716.0,0.12,0.9,0,debt_consolidation,0
37900.0,12900.0,597.0,0.22,0.8,0,home_improvement,0
28000.0,8700.0,565.0,,8.4,0,business,1
82300.0,35000.0,819.0,0.332,0.1,0,medical,0
64500.0,56400.0,635.0,0.295,1.4,0,debt_consolidation,1
178300.0,60000.0,670.0,0.371,0.6,0,business,0
66800.0,14700.0,652.0,0.182,7.0,0,debt_consolidation,0
65800.0,38900.0,718.0,0.242,15.1,0,business,0
49800.0,36500.0,804.0,0.444,1.7,0,debt_consolidation,0
81500.0,58200.0,721.0,0.087,2.3,0,debt_consolidation,0
74100.0,36400.0,574.0,0.235,0.9,0,business,0
101300.0,60000.0,583.0,0.173,7.1,1,home_improvement,0
41700.0,23600.0,652.0,0.26,8.3,1,business,1
43600.0,11400.0,661.0,0.237,4.6,0,education,0
42600.0,6200.0,559.0,0.34,1.3,1,debt_consolidation,1
80500.0,31800.0,737.0,0.306,1.0,1,debt_consolidation,1
114600.0,17100.0,604.0,0.149,4.8,0,home_improvement,0
43100.0,17900.0,785.0,0.221,10.5,0,home_improvement,0
43800.0,33400.0,807.0,0.28,35.0,1,home_improvement,0
63400.0,49200.0,663.0,0.354,8.4,0,debt_consolidation,0
47900.0,6100.0,711.0,0.523,5.9,1,debt_consolidation,0
87200.0,13600.0,594.0,0.35,2.0,0,home_improvement,1
17600.0,11200.0,724.0,0.179,3.3,0,debt_consolidation,1
35800.0,17900.0,645.0,0.271,7.3,0,home_improvement,0
36600.0,8000.0,604.0,0.298,26.1,0,debt_consolidation,0
17000.0,12700.0,660.0,0.228,4.3,0,business,0
33500.0,9200.0,647.0,0.327,2.8,1,education,0
34300.0,5600.0,657.0,0.053,3.6,0,debt_consolidation,0
49000.0,34300.0,746.0,0.335,2.7,0,medical,0
94500.0,55400.0,625.0,0.232,2.7,0,home_improvement,0
47900.0,19900.0,801.0,0.269,1.5,0,home_improvement,1
32400.0,21200.0,587.0,0.427,2.6,0,debt_consolidation,0
52700.0,43700.0,793.0,0.154,4.3,1,debt_consolidation,0
91500.0,11700.0,609.0,0.307,4.1,2,business,1
33300.0,20100.0,680.0,0.359,2.5,1,debt_consolidation,0
34400.0,9400.0,646.0,0.297,4.9,0,education,0
71600.0,34300.0,656.0,0.119,1.7,0,debt_consolidation,0
48500.0,21300.0,736.0,0.415,0.7,0,home_improvement,1
74900.0,30900.0,785.0,0.259,1.5,0,home_improvement,0
53800.0,13600.0,763.0,0.227,3.2,1,debt_consolidation,0
76900.0,57100.0,652.0,0.249,4.2,0,debt_consolidation,0
32300.0,13000.0,693.0,0.242,2.0,0,home_improvement,1
53800.0,43600.0,625.0,0.161,8.4,1,home_improvement,0
48800.0,18700.0,611.0,0.296,3.6,0,business,1
29500.0,22800.0,600.0,0.22,8.9,0,education,0
24800.0,13300.0,649.0,0.347,8.7,1,business,1
76300.0,31200.0,697.0,0.332,9.7,0,business,1
45500.0,30200.0,546.0,0.443,4.8,0,debt_consolidation,1
32500.0,23700.0,677.0,0.259,8.3,0,business,0
51600.0,25100.0,786.0,0.2,22.4,0,business,0
95200.0,41900.0,759.0,0.133,6.5,1,home_improvement,0
17300.0,9700.0,639.0,0.499,0.4,0,education,1
25600.0,14500.0,582.0,0.346,1.1,1,debt_consolidation,0
34200.0,15100.0,712.0,0.211,10.5,0,debt_consolidation,0
112500.0,60000.0,518.0,0.449,1.3,0,debt_consolidation,0
62400.0,26200.0,758.0,0.416,0.8,0,debt_consolidation,1
79500.0,36800.0,665.0,0.145,3.8,0,home_improvement,0
30600.0,17900.0,808.0,0.205,7.7,0,education,0
31000.0,27600.0,559.0,0.267,2.4,0,debt_consolidation,1
67800.0,20900.0,744.0,0.173,3.2,1,debt_consolidation,0
55800.0,15900.0,673.0,0.27,1.8,0,debt_consolidation,0
71300.0,17200.0,657.0,0.351,6.0,0,business,0
49300.0,32100.0,584.0,0.143,2.9,1,medical,1
62300.0,28600.0,722.0,0.309,2.1,0,debt_consolidation,0
58600.0,24100.0,727.0,0.397,0.4,1,medical,0
79900.0,21000.0,805.0,0.32,6.2,1,medical,0
81100.0,60000.0,751.0,0.272,0.5,1,medical,0
24100.0,11000.0,638.0,0.213,0.3,1,business,0
17600.0,10300.0,610.0,0.363,14.2,0,home_improvement,0
89400.0,17000.0,584.0,0.162,2.3,1,debt_consolidation,0
98100.0,18300.0,783.0,0.304,1.0,0,business,0
32500.0,5000.0,626.0,0.283,9.5,0,medical,1
21400.0,8400.0,784.0,0.393,0.6,0,debt_consolidation,0
56900.0,27200.0,717.0,0.222,5.0,0,home_improvement,0
86300.0,25500.0,703.0,0.23,4.0,0,home_improvement,0
133100.0,50500.0,659.0,0.156,11.5,0,home_improvement,1
70100.0,7400.0,726.0,0.324,1.4,0,education,0
45000.0,17100.0,679.0,0.238,1.1,1,debt_consolidation,1
34700.0,6800.0,654.0,0.194,0.5,0,home_improvement,0
54500.0,11000.0,729.0,0.203,0.5,0,debt_consolidation,0
46600.0,4800.0,670.0,0.334,2.0,0,debt_consolidation,1
32600.0,21400.0,624.0,0.17,7.6,0,home_improvement,0
150900.0,60000.0,722.0,0.179,11.1,0,debt_consolidation,0
132300.0,60000.0,676.0,0.37,0.2,0,home_improvement,0
95600.0,16900.0,714.0,0.263,5.8,1,debt_consolidation,0
34200.0,30500.0,648.0,,2.5,0,home_improvement,1
83100.0,60000.0,595.0,0.244,0.2,0,debt_consolidation,1
74600.0,35400.0,801.0,0.28,3.4,0,debt_consolidation,0
67600.0,12600.0,788.0,0.296,0.1,0,medical,1
101200.0,60000.0,742.0,0.419,6.2,0,education,1
74400.0,60000.0,653.0,0.411,0.3,1,home_improvement,1
78400.0,56700.0,659.0,0.395,2.7,0,education,0
74500.0,44700.0,777.0,0.217,3.5,1,debt_consolidation,0
64200.0,37800.0,655.0,0.181,3.5,0,debt_consolidation,1
22200.0,19600.0,636.0,0.356,1.6,0,debt_consolidation,1
56500.0,9000.0,811.0,0.418,7.9,0,medical,0
41000.0,9000.0,677.0,0.396,16.3,0,education,0
28600.0,21900.0,804.0,0.281,0.1,0,medical,0
125600.0,27100.0,582.0,0.353,0.3,0,business,1
128600.0,52300.0,716.0,0.355,0.2,1,debt_consolidation,0
106900.0,34800.0,825.0,0.295,0.1,1,business,0
61600.0,18200.0,682.0,0.299,4.6,0,education,0
106400.0,12800.0,662.0,0.29,4.2,1,home_improvement,0
54500.0,30100.0,598.0,0.201,2.0,0,home_improvement,1
60000.0,25300.0,756.0,0.211,5.4,0,home_improvement,0
31400.0,17000.0,626.0,0.21,12.2,0,debt_consolidation,0
66100.0,22700.0,673.0,0.12,1.7,1,debt_consolidation,0
55800.0,47600.0,594.0,0.294,0.7,1,debt_consolidation,1
28200.0,16200.0,789.0,0.276,0.0,1,debt_consolidation,0
52800.0,45900.0,761.0,0.356,,0,debt_consolidation,0
52100.0,19800.0,678.0,0.406,6.0,1,debt_consolidation,0
133100.0,13600.0,599.0,0.412,,0,business,1
84700.0,60000.0,788.0,0.422,4.4,1,debt_consolidation,0
54500.0,41500.0,654.0,0.204,0.3,0,business,0
61400.0,9000.0,603.0,0.137,5.5,0,home_improvement,0
55400.0,33300.0,557.0,0.373,2.8,1,debt_consolidation,0
48900.0,30700.0,635.0,0.418,1.6,0,debt_consolidation,1
31500.0,6800.0,578.0,0.436,2.1,0,debt_consolidation,1
50200.0,27200.0,636.0,0.328,1.1,0,debt_consolidation,0
37300.0,11000.0,732.0,0.08,19.2,0,debt_consolidation,0
29000.0,3300.0,654.0,0.317,5.2,1,medical,0
70000.0,55500.0,705.0,0.336,3.5,1,debt_consolidation,0
65900.0,32500.0,629.0,0.405,0.3,0,home_improvement,1
22200.0,16100.0,685.0,0.423,0.3,0,home_improvement,1
51000.0,34600.0,814.0,0.371,11.1,0,education,0
89100.0,60000.0,656.0,0.221,7.9,0,business,0
92000.0,41400.0,707.0,0.177,0.8,0,home_improvement,0
90500.0,40000.0,570.0,0.333,1.6,0,debt_consolidation,0
55200.0,18000.0,786.0,,5.4,1,business,0
35500.0,21300.0,647.0,0.428,5.0,0,business,0
31500.0,15400.0,754.0,0.11,2.2,1,medical,0
64400.0,44000.0,671.0,0.337,3.8,0,medical,0
65500.0,25200.0,723.0,0.312,5.5,0,home_improvement,0
103100.0,21100.0,727.0,0.259,9.0,0,home_improvement,0
93900.0,60000.0,648.0,0.187,,0,debt_consolidation,0
50700.0,38700.0,756.0,0.074,2.0,2,education,0
29100.0,11100.0,627.0,0.227,5.4,1,medical,0
46200.0,30100.0,734.0,0.229,0.6,1,debt_consolidation,0
60400.0,29800.0,653.0,0.391,,0,home_improvement,0
49000.0,34700.0,704.0,0.202,15.3,1,medical,1
40600.0,16700.0,648.0,0.325,4.5,0,debt_consolidation,1
61500.0,32500.0,683.0,0.151,1.7,1,education,0
42100.0,6200.0,605.0,0.328,5.1,0,medical,0
39600.0,9500.0,697.0,0.056,21.5,0,debt_consolidation,0
63300.0,45900.0,683.0,0.49,0.4,0,debt_consolidation,1
44300.0,18000.0,642.0,0.266,4.0,0,debt_consolidation,0
61200.0,7800.0,676.0,0.02,4.0,0,debt_consolidation,0
62100.0,14500.0,689.0,0.208,1.1,0,home_improvement,1
30600.0,13100.0,637.0,0.192,5.4,0,education,0
42600.0,28700.0,671.0,0.214,1.0,0,debt_consolidation,0
111200.0,43500.0,610.0,0.244,4.7,0,education,0
30300.0,21100.0,844.0,0.214,0.5,0,debt_consolidation,0
18800.0,14800.0,754.0,0.198,13.0,0,medical,0
21400.0,8000.0,699.0,0.164,12.8,0,debt_consolidation,0
55000.0,40700.0,762.0,0.362,18.1,0,education,0
55000.0,11100.0,541.0,0.4,0.8,1,debt_consolidation,1
51100.0,22100.0,501.0,0.255,13.2,0,medical,1
99400.0,17700.0,652.0,0.278,,0,home_improvement,1
14200.0,2000.0,584.0,0.167,0.6,0,business,1
66000.0,10000.0,663.0,0.287,1.6,0,home_improvement,0
118300.0,21700.0,694.0,0.303,5.8,0,business,0
30800.0,23700.0,744.0,0.258,0.1,0,home_improvement,0
44800.0,24000.0,600.0,0.32,0.3,0,debt_consolidation,0
37200.0,31900.0,708.0,0.311,0.2,0,education,0
34600.0,18400.0,681.0,0.175,14.1,1,debt_consolidation,0
46000.0,27700.0,704.0,0.399,0.3,0,medical,0
110600.0,27400.0,644.0,0.259,1.2,0,debt_consolidation,1
135800.0,60000.0,777.0,0.448,0.4,0,medical,0
45800.0,18700.0,673.0,0.322,11.0,1,home_improvement,0
140400.0,60000.0,804.0,0.477,5.5,0,home_improvement,1
55100.0,46700.0,625.0,0.398,2.5,0,education,1
130200.0,33700.0,732.0,0.303,8.5,1,education,0
51700.0,30800.0,676.0,0.208,4.4,0,education,1
57800.0,35300.0,657.0,0.21,7.2,0,education,0
65000.0,35800.0,724.0,0.333,3.3,0,home_improvement,0
265500.0,53000.0,659.0,0.294,5.2,0,medical,1
82900.0,51700.0,494.0,,6.2,0,debt_consolidation,1
38000.0,28100.0,466.0,0.363,1.4,1,debt_consolidation,1
87900.0,33100.0,769.0,0.284,4.1,0,education,1
45200.0,23100.0,766.0,0.364,2.2,1,home_improvement,0
42400.0,8200.0,812.0,0.182,1.3,0,business,0
85300.0,60000.0,679.0,0.38,2.1,0,business,0
55000.0,10300.0,590.0,0.33,3.0,1,business,0
62300.0,16600.0,651.0,0.4,16.9,0,home_improvement,0
54600.0,18500.0,681.0,0.378,10.0,0,medical,0
64100.0,48800.0,610.0,0.272,4.3,0,debt_consolidation,0
67000.0,44300.0,795.0,0.263,17.1,1,debt_consolidation,0
20600.0,2200.0,837.0,0.458,0.8,0,medical,0
75600.0,18700.0,713.0,0.251,0.1,0,medical,0
33200.0,23200.0,679.0,0.355,1.1,0,debt_consolidation,1
26300.0,11100.0,589.0,0.242,5.8,1,business,1
52600.0,6400.0,788.0,0.094,9.3,0,business,0
56500.0,49200.0,685.0,0.157,5.5,0,debt_consolidation,0
38300.0,8500.0,660.0,0.321,0.0,1,debt_consolidation,0
82100.0,41700.0,714.0,0.35,15.0,0,business,0
27700.0,8300.0,639.0,0.321,1.8,0,debt_consolidation,0
44200.0,30500.0,690.0,0.395,10.4,1,debt_consolidation,0
40400.0,29100.0,579.0,0.319,1.7,0,home_improvement,1
52900.0,22100.0,756.0,0.202,14.1,0,medical,0
62300.0,39000.0,673.0,0.339,0.8,0,medical,0
32700.0,27100.0,761.0,0.297,2.3,0,education,0
77800.0,58500.0,666.0,0.222,1.0,0,medical,0
55900.0,24100.0,670.0,0.327,0.5,0,education,1
21000.0,9500.0,595.0,0.288,1.1,0,education,1
20300.0,16400.0,733.0,0.219,2.7,0,debt_consolidation,1
53800.0,6900.0,619.0,0.262,11.7,0,home_improvement,0
48500.0,5700.0,646.0,0.421,13.2,0,home_improvement,0
51400.0,13600.0,680.0,0.418,14.4,1,debt_consolidation,0
53400.0,40700.0,688.0,0.299,0.2,0,home_improvement,1
60600.0,13500.0,561.0,0.286,0.8,1,debt_consolidation,1
87000.0,28600.0,664.0,,13.4,1,debt_consolidation,0
31100.0,18800.0,736.0,0.452,9.9,0,home_improvement,1
30200.0,7500.0,654.0,0.384,7.2,0,debt_consolidation,0
31400.0,10800.0,664.0,0.355,16.4,1,debt_consolidation,0
62600.0,29600.0,691.0,0.053,10.5,0,medical,0
101000.0,28500.0,671.0,0.284,7.3,0,medical,0
43700.0,39100.0,608.0,0.267,7.4,0,education,0
15500.0,3600.0,677.0,0.348,0.8,0,debt_consolidation,0
23100.0,18000.0,750.0,0.235,,0,education,0
35700.0,17000.0,606.0,0.257,10.3,0,education,0
41000.0,8300.0,654.0,0.342,0.8,0,debt_consolidation,1
44200.0,8600.0,583.0,0.203,3.7,0,debt_consolidation,1
55200.0,27600.0,746.0,0.223,1.0,0,home_improvement,0
46400.0,17800.0,674.0,0.299,4.5,1,home_improvement,0
91600.0,26400.0,620.0,0.414,0.8,0,debt_consolidation,1
38600.0,33500.0,686.0,0.361,17.6,1,debt_consolidation,0
35200.0,16600.0,596.0,0.388,5.1,0,home_improvement,0
68800.0,58000.0,608.0,0.286,4.3,0,home_improvement,0
25100.0,5800.0,578.0,0.43,0.4,1,home_improvement,1
65800.0,16200.0,605.0,0.106,8.8,0,business,0
57000.0,32900.0,775.0,0.482,1.7,0,debt_consolidation,1
50300.0,15900.0,629.0,0.495,2.1,2,medical,1
119900.0,29700.0,713.0,0.326,14.9,1,debt_consolidation,0
39700.0,7000.0,621.0,0.363,,1,medical,0
151800.0,24400.0,733.0,0.276,12.9,1,education,0
48400.0,34000.0,608.0,0.259,8.7,0,education,1
28600.0,9300.0,683.0,0.219,9.0,0,education,0
56100.0,49500.0,684.0,0.275,11.8,0,education,0
31600.0,7800.0,843.0,0.336,,1,education,0
37200.0,14300.0,724.0,0.322,6.8,0,debt_consolidation,0
66100.0,26400.0,638.0,0.479,15.6,0,debt_consolidation,0
71500.0,35800.0,728.0,0.29,0.2,0,medical,0
39700.0,31600.0,830.0,0.131,15.0,0,home_improvement,0
88800.0,60000.0,566.0,0.444,3.2,0,debt_consolidation,1
96600.0,10400.0,621.0,0.158,1.0,0,business,0
111100.0,47500.0,663.0,,2.9,0,business,0
70600.0,53800.0,651.0,0.307,1.0,0,home_improvement,1
107100.0,10700.0,657.0,0.322,0.2,1,home_improvement,0
21200.0,11200.0,589.0,0.135,1.7,0,debt_consolidation,1
46200.0,14200.0,778.0,0.205,1.6,1,home_improvement,0
35100.0,15100.0,580.0,0.132,0.5,0,business,1
57500.0,25100.0,666.0,0.342,1.9,0,debt_consolidation,0
40700.0,16800.0,753.0,0.398,13.3,0,debt_consolidation,0
49900.0,40600.0,678.0,0.158,5.6,0,business,0
138800.0,60000.0,611.0,0.38,12.4,1,debt_consolidation,0
49800.0,41000.0,586.0,0.373,2.7,0,business,1
66600.0,45400.0,664.0,0.214,1.4,1,debt_consolidation,1
48200.0,18400.0,627.0,0.082,19.7,0,debt_consolidation,0
56300.0,27900.0,694.0,0.173,3.4,0,business,0
54300.0,22400.0,582.0,0.22,3.2,0,debt_consolidation,0
67800.0,51700.0,737.0,0.434,2.1,0,education,0
97000.0,24300.0,688.0,0.268,8.6,0,debt_consolidation,1
123500.0,60000.0,693.0,0.179,0.2,1,education,0
63200.0,35700.0,781.0,0.295,0.8,1,debt_consolidation,0
72700.0,42800.0,649.0,0.15,1.1,0,medical,1
30500.0,15700.0,629.0,0.331,1.7,0,business,1
51800.0,28200.0,642.0,0.182,10.6,1,debt_consolidation,0
86700.0,55000.0,667.0,0.197,4.1,0,debt_consolidation,0
83500.0,52100.0,674.0,0.318,8.8,0,education,0
60200.0,16300.0,622.0,0.455,11.0,0,business,0
84400.0,47800.0,538.0,0.5,1.4,0,debt_consolidation,1
69200.0,26600.0,641.0,0.176,2.6,1,business,0
98700.0,60000.0,705.0,0.22,5.7,0,business,0
62600.0,33700.0,690.0,0.332,5.8,0,education,1
45300.0,11000.0,764.0,0.397,0.1,0,debt_consolidation,0
64100.0,44100.0,817.0,0.064,2.2,0,home_improvement,0
12500.0,5800.0,733.0,0.289,1.4,0,education,0
65600.0,35500.0,777.0,0.231,0.6,0,education,0
8700.0,5600.0,734.0,0.088,4.5,1,debt_consolidation,0
22900.0,14300.0,800.0,0.146,1.3,0,home_improvement,0
67900.0,47500.0,810.0,0.223,4.7,0,medical,0
68800.0,18300.0,747.0,0.286,3.9,0,home_improvement,0
30300.0,5700.0,729.0,0.381,2.1,0,home_improvement,1
37900.0,24100.0,666.0,0.315,1.7,0,debt_consolidation,0
107500.0,31000.0,677.0,0.375,0.5,0,debt_consolidation,0
42500.0,8100.0,656.0,0.283,0.2,0,debt_consolidation,0
166300.0,34100.0,723.0,0.21,2.6,3,home_improvement,0
54100.0,18900.0,630.0,0.262,2.2,0,education,0
66400.0,59300.0,667.0,0.35,2.6,0,medical,0
121600.0,27500.0,515.0,0.383,3.7,0,debt_consolidation,1
57800.0,19600.0,801.0,0.265,3.7,0,debt_consolidation,0
32800.0,27400.0,665.0,,8.8,2,medical,0
51300.0,44700.0,712.0,0.314,9.5,0,debt_consolidation,1
53200.0,15100.0,782.0,0.328,5.3,2,business,0
27400.0,22000.0,701.0,0.403,0.7,0,education,0
47700.0,10100.0,781.0,0.212,2.8,0,business,0
37400.0,26500.0,593.0,0.213,1.7,0,education,0
86000.0,9500.0,848.0,0.356,1.2,0,business,0
55100.0,23400.0,756.0,0.239,9.9,0,education,0
47000.0,14000.0,695.0,0.235,1.8,0,debt_consolidation,0
51400.0,34100.0,780.0,0.405,0.5,0,medical,0
60600.0,6800.0,598.0,0.143,0.4,1,debt_consolidation,0
73700.0,34800.0,660.0,0.486,3.3,0,home_improvement,0
32900.0,21600.0,781.0,0.219,22.8,0,debt_consolidation,0
32200.0,4400.0,549.0,0.367,0.4,1,medical,0
94100.0,60000.0,719.0,0.269,8.4,0,medical,0
44100.0,17200.0,717.0,0.307,7.9,0,business,0
26700.0,6200.0,818.0,0.254,1.6,0,debt_consolidation,0
67600.0,19000.0,569.0,0.366,1.8,1,business,1
68300.0,25300.0,793.0,0.245,10.8,0,medical,0
25200.0,6500.0,641.0,0.223,4.7,0,debt_consolidation,0
60800.0,30900.0,649.0,0.461,25.2,0,debt_consolidation,0
78300.0,47500.0,594.0,0.283,7.3,1,debt_consolidation,0
65300.0,29200.0,604.0,0.212,15.3,1,debt_consolidation,0
74300.0,32800.0,708.0,0.131,5.2,0,education,0
26800.0,19400.0,602.0,0.467,4.4,1,debt_consolidation,0
63900.0,21800.0,732.0,0.225,6.6,1,home_improvement,0
46600.0,27900.0,634.0,0.486,2.9,0,education,0
42600.0,34700.0,595.0,0.32,5.8,1,home_improvement,0
83700.0,23200.0,643.0,0.294,0.8,0,business,0
113500.0,60000.0,704.0,0.297,6.5,0,debt_consolidation,0
132900.0,60000.0,661.0,0.502,2.3,0,home_improvement,1
104500.0,54700.0,682.0,0.061,1.7,0,business,0
51300.0,45200.0,729.0,0.301,1.4,0,debt_consolidation,0
64600.0,22500.0,756.0,0.253,4.0,1,home_improvement,0
79500.0,43800.0,658.0,0.259,15.4,0,business,0
57600.0,20100.0,607.0,0.295,1.7,0,home_improvement,1
57800.0,6000.0,685.0,0.253,3.4,0,business,0
81800.0,60000.0,713.0,0.299,5.9,0,business,1
52600.0,15400.0,578.0,0.278,2.2,0,debt_consolidation,0
37600.0,33000.0,618.0,0.149,0.1,0,medical,0
44000.0,27400.0,630.0,0.318,,2,education,1
74400.0,60000.0,665.0,0.352,3.9,0,business,1
54300.0,47400.0,627.0,0.226,2.6,1,home_improvement,1
64200.0,35600.0,729.0,0.467,0.5,0,medical,0
75700.0,60000.0,568.0,0.414,4.2,0,debt_consolidation,0
44900.0,32100.0,569.0,0.364,11.9,0,education,0
79100.0,41100.0,657.0,0.363,7.9,0,medical,0
65500.0,40900.0,668.0,0.283,0.7,0,business,0
29200.0,7500.0,578.0,0.394,0.3,0,debt_consolidation,1
111400.0,12100.0,638.0,0.437,0.4,1,debt_consolidation,0
42200.0,12900.0,652.0,0.361,15.5,0,business,0
23700.0,10600.0,652.0,0.223,0.1,0,education,0
32100.0,9100.0,691.0,0.276,0.3,0,debt_consolidation,0
32500.0,16600.0,634.0,0.337,2.3,1,home_improvement,0
55600.0,34800.0,783.0,0.364,1.7,0,business,0
47200.0,29500.0,714.0,0.272,0.5,0,business,0
45800.0,37300.0,624.0,0.223,6.8,0,debt_consolidation,0
73900.0,60000.0,687.0,0.438,5.1,0,medical,0
64200.0,52200.0,689.0,0.173,,1,home_improvement,1
63500.0,37900.0,765.0,0.186,0.8,0,debt_consolidation,0
66500.0,17600.0,638.0,0.147,1.4,0,medical,1
73700.0,60000.0,734.0,0.186,1.1,1,debt_consolidation,1
18900.0,4500.0,683.0,0.405,0.3,1,home_improvement,0
45200.0,10000.0,784.0,0.408,,1,debt_consolidation,0
18200.0,6400.0,770.0,0.273,2.3,1,debt_consolidation,0
55200.0,30900.0,694.0,0.33,0.1,0,debt_consolidation,0
54100.0,34900.0,662.0,0.279,10.5,0,business,0
91400.0,10100.0,715.0,0.161,12.7,0,home_improvement,0
98100.0,60000.0,667.0,0.502,0.3,1,education,1
60000.0,14400.0,798.0,0.417,15.5,1,debt_consolidation,1
42200.0,14200.0,685.0,0.315,27.0,0,business,0
69000.0,24700.0,652.0,0.194,6.5,1,education,0
41600.0,15200.0,648.0,0.258,0.9,0,business,1
54100.0,38300.0,595.0,0.211,12.6,1,debt_consolidation,0
88700.0,11800.0,719.0,0.29,0.0,0,home_improvement,0
41000.0,10500.0,623.0,0.311,,0,debt_consolidation,0
81100.0,9600.0,757.0,0.246,11.1,0,debt_consolidation,0
76000.0,54900.0,589.0,0.135,6.7,0,home_improvement,0
33600.0,29800.0,689.0,0.493,0.3,0,medical,1
88200.0,55400.0,761.0,0.304,15.5,1,debt_consolidation,0
76800.0,43900.0,529.0,0.326,9.1,0,education,0
57000.0,47100.0,821.0,0.238,2.1,0,education,0
37000.0,11200.0,650.0,0.124,2.1,0,home_improvement,0
35300.0,5400.0,690.0,0.272,1.1,0,medical,0
41400.0,21000.0,720.0,0.248,5.8,2,home_improvement,0
71100.0,21900.0,731.0,0.351,3.0,0,business,0
33600.0,15500.0,699.0,0.371,,0,medical,0
67400.0,31300.0,750.0,0.357,4.3,0,business,0
29100.0,10300.0,716.0,0.379,1.4,0,debt_consolidation,0
48900.0,23900.0,803.0,0.46,3.7,1,medical,0
57200.0,23100.0,717.0,0.319,2.1,0,business,0
184000.0,35000.0,818.0,,0.4,1,debt_consolidation,0
27200.0,21600.0,743.0,0.329,0.7,0,home_improvement,1
113100.0,60000.0,554.0,0.09,0.2,1,business,1
58400.0,7800.0,850.0,0.265,0.6,0,debt_consolidation,0
66500.0,12800.0,640.0,0.193,0.8,0,home_improvement,0
57500.0,10200.0,785.0,0.303,9.5,0,education,0
67700.0,10100.0,682.0,0.201,0.2,0,medical,0
50200.0,7400.0,754.0,0.341,1.2,1,debt_consolidation,0
112100.0,25300.0,632.0,0.378,5.6,0,debt_consolidation,1
43100.0,33500.0,724.0,0.4,6.0,3,debt_consolidation,1
95400.0,60000.0,662.0,0.442,9.3,2,debt_consolidation,0
39300.0,28600.0,791.0,0.112,6.1,0,debt_consolidation,0
52600.0,31100.0,711.0,0.16,3.0,0,education,0
31700.0,21500.0,746.0,0.573,0.0,0,business,0
68000.0,47000.0,529.0,0.381,0.1,0,business,1
111600.0,60000.0,674.0,0.302,0.5,0,business,1
52100.0,35700.0,709.0,0.283,17.8,0,business,0
49100.0,33800.0,696.0,0.274,2.3,0,debt_consolidation,0
31000.0,23000.0,747.0,0.087,12.5,0,debt_consolidation,1
48300.0,26300.0,654.0,0.203,7.8,0,debt_consolidation,0
24400.0,6600.0,683.0,0.269,12.1,0,education,0
34300.0,5700.0,763.0,0.208,3.0,0,business,0
60700.0,26400.0,520.0,0.221,4.2,0,debt_consolidation,1
104800.0,18200.0,721.0,0.536,3.0,0,home_improvement,0
220700.0,52000.0,657.0,0.255,0.2,0,home_improvement,0
40400.0,4800.0,616.0,0.308,2.7,1,debt_consolidation,0
111000.0,37800.0,704.0,0.304,10.1,1,medical,0
61200.0,53600.0,766.0,0.339,16.2,2,debt_consolidation,1
50200.0,20200.0,753.0,0.232,4.3,0,home_improvement,1
67300.0,19700.0,671.0,0.405,5.4,0,business,0
55900.0,23600.0,741.0,0.324,5.7,0,debt_consolidation,0
57300.0,19500.0,741.0,0.151,1.8,0,debt_consolidation,0
44200.0,28200.0,674.0,0.269,4.6,1,medical,0
26900.0,16300.0,631.0,0.263,0.6,0,home_improvement,0
25000.0,3000.0,636.0,0.258,0.5,1,education,1
75100.0,38200.0,739.0,0.331,15.3,0,home_improvement,0
47200.0,6100.0,677.0,0.343,8.8,0,debt_consolidation,0
40200.0,25800.0,607.0,0.332,1.6,0,debt_consolidation,0
54400.0,46200.0,562.0,0.314,0.4,0,business,1
80600.0,60000.0,738.0,0.289,0.7,0,debt_consolidation,0
59300.0,15700.0,642.0,0.065,4.8,0,business,0
39000.0,27100.0,703.0,0.358,4.1,0,debt_consolidation,0
100000.0,60000.0,767.0,0.329,12.1,0,business,0
119300.0,60000.0,588.0,0.182,0.4,0,business,0
69400.0,21400.0,677.0,0.308,0.9,0,debt_consolidation,1
88200.0,40600.0,668.0,0.345,10.2,0,education,0
100800.0,27900.0,707.0,0.397,4.3,1,medical,0
95300.0,11400.0,767.0,0.331,0.1,0,education,0
73600.0,46200.0,587.0,0.312,1.4,0,business,0
73100.0,32500.0,720.0,0.375,2.8,0,debt_consolidation,0
70300.0,21000.0,752.0,0.249,0.5,2,business,0
31300.0,24300.0,667.0,0.321,1.1,0,home_improvement,1
76900.0,38200.0,670.0,0.218,13.3,0,debt_consolidation,0
27500.0,24600.0,709.0,0.391,2.7,1,home_improvement,1
36400.0,26700.0,704.0,0.119,4.9,0,debt_consolidation,0
104000.0,60000.0,721.0,,4.8,1,home_improvement,0
82500.0,59300.0,719.0,0.282,1.6,1,debt_consolidation,0
114000.0,21100.0,611.0,0.377,6.6,2,medical,0
47300.0,7200.0,749.0,0.202,6.8,0,debt_consolidation,0
30500.0,25400.0,762.0,0.289,2.8,0,home_improvement,0
48000.0,10100.0,693.0,0.286,7.5,0,business,0
57000.0,23500.0,575.0,0.323,0.6,0,business,1
56400.0,33200.0,672.0,0.175,1.1,2,medical,0
95500.0,25700.0,694.0,0.344,1.0,0,debt_consolidation,1
45200.0,12700.0,600.0,0.095,4.7,0,business,1
64600.0,30600.0,655.0,0.213,1.4,0,debt_consolidation,0
33000.0,12800.0,581.0,0.124,0.8,0,home_improvement,1
67900.0,43500.0,723.0,0.363,1.8,0,business,0
54300.0,8700.0,692.0,0.32,5.1,0,debt_consolidation,0
37200.0,18300.0,565.0,0.326,0.3,0,debt_consolidation,0
48200.0,11500.0,705.0,0.427,0.5,0,home_improvement,0
49400.0,28900.0,676.0,0.248,3.6,0,home_improvement,0
47300.0,9100.0,716.0,0.341,0.5,0,debt_consolidation,0
131400.0,33900.0,653.0,0.287,3.9,0,medical,0
51600.0,38300.0,624.0,0.271,8.7,1,business,1
48000.0,13800.0,626.0,0.411,3.5,0,business,0
19000.0,13100.0,642.0,0.488,13.0,0,debt_consolidation,0
34600.0,11000.0,681.0,0.237,,0,education,0
47500.0,13700.0,690.0,0.363,1.0,0,business,0
38400.0,13000.0,667.0,0.312,1.5,0,debt_consolidation,0
108100.0,60000.0,650.0,0.313,5.4,1,home_improvement,0
49900.0,20800.0,655.0,0.305,4.4,0,debt_consolidation,0
103200.0,30400.0,850.0,0.247,4.0,0,debt_consolidation,0
55900.0,29600.0,626.0,0.02,2.0,1,debt_consolidation,0
55200.0,22500.0,641.0,0.433,1.3,2,education,1
51800.0,37900.0,850.0,0.211,0.1,0,education,0
54300.0,48500.0,709.0,0.256,2.2,0,debt_consolidation,0
128000.0,60000.0,583.0,0.258,3.3,3,home_improvement,1
17000.0,7800.0,739.0,0.202,1.3,0,debt_consolidation,0
19900.0,7500.0,616.0,0.304,5.7,0,debt_consolidation,0
41300.0,36300.0,744.0,0.276,2.5,0,business,0
54600.0,26600.0,665.0,0.208,0.7,0,home_improvement,0
76500.0,18500.0,649.0,0.295,4.5,0,medical,0
68600.0,60000.0,793.0,0.277,0.6,0,debt_consolidation,0
44700.0,38800.0,720.0,0.373,4.2,0,debt_consolidation,0
90200.0,40500.0,748.0,0.146,3.7,0,business,0
90700.0,34300.0,710.0,0.199,7.2,0,debt_consolidation,0
59400.0,38300.0,649.0,0.353,5.9,0,debt_consolidation,0
87700.0,60000.0,723.0,0.216,22.7,0,education,0
62100.0,31000.0,765.0,0.19,21.3,0,home_improvement,0
40900.0,14900.0,689.0,0.221,0.9,1,business,0
76800.0,26200.0,806.0,0.27,8.0,0,business,0
57300.0,20700.0,740.0,0.27,0.6,0,debt_consolidation,0
54200.0,10500.0,695.0,0.259,2.6,0,debt_consolidation,0
113200.0,60000.0,698.0,0.177,2.9,0,education,0
15900.0,2900.0,690.0,0.357,0.1,1,debt_consolidation,0
26700.0,11200.0,592.0,0.413,7.0,1,home_improvement,1
29900.0,23000.0,674.0,0.089,,0,debt_consolidation,0
45200.0,19100.0,695.0,0.125,0.6,1,business,0
47700.0,16000.0,651.0,0.38,,0,business,1
25500.0,21900.0,704.0,0.437,5.6,0,debt_consolidation,0
33100.0,6700.0,681.0,0.067,3.5,0,debt_consolidation,0
35200.0,28400.0,734.0,0.362,9.3,0,business,0
185100.0,27700.0,726.0,0.444,1.6,0,debt_consolidation,0
133400.0,57500.0,692.0,0.194,1.3,0,debt_consolidation,0
44100.0,26700.0,584.0,0.438,1.6,0,debt_consolidation,0
45200.0,17900.0,805.0,0.262,9.0,1,debt_consolidation,0
30500.0,16100.0,670.0,0.311,1.4,1,debt_consolidation,0
20900.0,5500.0,674.0,0.208,5.8,0,debt_consolidation,0
51100.0,28400.0,656.0,,10.2,0,debt_consolidation,1
32900.0,6800.0,646.0,0.363,0.2,0,medical,0
51900.0,38200.0,788.0,0.452,2.6,0,debt_consolidation,0
24300.0,13800.0,777.0,,6.9,0,medical,0
37000.0,18000.0,711.0,0.279,1.5,0,education,1
58400.0,8400.0,672.0,0.591,0.9,0,home_improvement,0
65100.0,32500.0,723.0,0.415,8.2,0,business,1
66800.0,36800.0,685.0,0.334,,0,debt_consolidation,1
28000.0,8800.0,667.0,0.18,0.8,0,debt_consolidation,0
83100.0,53400.0,704.0,0.127,2.2,0,home_improvement,0
36300.0,5900.0,649.0,0.135,16.4,0,debt_consolidation,0
74300.0,19800.0,698.0,0.187,5.2,0,debt_consolidation,0
53900.0,37200.0,694.0,0.418,5.9,2,business,0
27200.0,5900.0,722.0,0.329,16.6,0,business,1
46300.0,13700.0,637.0,0.219,4.9,1,home_improvement,0
65000.0,40300.0,730.0,0.266,1.8,0,home_improvement,0
73600.0,50300.0,617.0,0.254,0.0,0,home_improvement,1
50500.0,7100.0,640.0,0.36,3.9,0,debt_consolidation,0
116500.0,23400.0,643.0,0.192,6.5,0,debt_consolidation,0
89700.0,41000.0,605.0,0.315,1.6,1,home_improvement,0
47700.0,27400.0,751.0,0.31,2.4,0,debt_consolidation,0
78800.0,36500.0,612.0,0.195,0.1,0,debt_consolidation,1
142500.0,60000.0,631.0,0.439,5.7,0,education,0
144400.0,60000.0,768.0,0.25,20.7,2,home_improvement,0
29300.0,25200.0,640.0,0.181,0.2,0,debt_consolidation,0
34100.0,13000.0,667.0,0.365,7.0,1,business,0
113800.0,26200.0,609.0,0.285,0.6,0,medical,0
31900.0,9900.0,738.0,0.321,6.2,0,home_improvement,0
28000.0,6100.0,739.0,0.162,2.7,0,debt_consolidation,0
42500.0,17700.0,732.0,0.361,18.5,0,education,0
66800.0,53300.0,718.0,0.497,6.2,1,education,0
51500.0,19400.0,685.0,0.154,17.7,0,home_improvement,0
39100.0,8600.0,643.0,0.315,6.2,0,education,1
38700.0,20100.0,623.0,0.201,8.0,0,debt_consolidation,0
37900.0,33900.0,770.0,0.549,0.2,0,debt_consolidation,0
34900.0,8700.0,734.0,0.404,11.2,0,business,1
169500.0,60000.0,631.0,0.308,20.1,0,debt_consolidation,0
62900.0,47700.0,683.0,0.157,12.9,0,home_improvement,0
84400.0,35500.0,659.0,0.181,1.5,0,business,0
42400.0,25300.0,601.0,0.355,7.6,2,debt_consolidation,0
49400.0,22000.0,692.0,0.144,17.5,0,business,0
37900.0,11700.0,651.0,0.147,7.3,0,business,0
14400.0,6300.0,613.0,,5.0,0,education,1
27200.0,4800.0,576.0,0.293,7.4,1,education,1
21900.0,14600.0,571.0,0.318,0.8,0,business,0
17600.0,13400.0,654.0,0.236,3.5,0,debt_consolidation,1
29800.0,10300.0,674.0,0.372,8.4,1,education,0
105100.0,58100.0,619.0,0.194,4.4,0,debt_consolidation,0
53000.0,15100.0,726.0,0.343,3.6,1,business,1
103300.0,20900.0,675.0,0.301,4.7,0,home_improvement,0
66500.0,42000.0,720.0,0.34,3.0,1,medical,0
80100.0,16600.0,667.0,0.398,11.8,0,debt_consolidation,0
34500.0,25000.0,625.0,0.234,0.1,0,debt_consolidation,0
70400.0,22300.0,688.0,0.214,3.5,0,medical,0
78000.0,58900.0,592.0,0.111,0.9,0,debt_consolidation,1
40600.0,16000.0,718.0,0.078,2.3,0,home_improvement,0
71700.0,28300.0,614.0,0.262,0.9,0,education,0
71900.0,50400.0,744.0,0.269,7.2,0,debt_consolidation,0
41200.0,20900.0,656.0,0.171,3.0,0,debt_consolidation,0
30900.0,8100.0,754.0,0.193,11.9,1,debt_consolidation,0
30000.0,23400.0,601.0,0.432,13.4,0,business,1
56600.0,21100.0,633.0,0.368,9.0,0,debt_consolidation,1
63800.0,11600.0,707.0,0.154,8.7,0,debt_consolidation,0
36500.0,15800.0,762.0,0.236,4.8,0,business,0
54900.0,30700.0,797.0,0.321,3.6,0,medical,0
72100.0,42400.0,683.0,0.217,7.8,0,education,0
73800.0,56700.0,809.0,0.199,1.6,0,home_improvement,0
117700.0,60000.0,660.0,0.246,,1,medical,0
102600.0,28600.0,757.0,0.389,0.3,0,business,0
32800.0,10100.0,614.0,0.398,5.0,1,business,1
125700.0,22700.0,709.0,0.206,1.5,0,education,0
41500.0,28600.0,516.0,0.326,6.5,0,education,1
91300.0,16900.0,601.0,0.279,6.2,0,medical,0
56000.0,32700.0,713.0,0.179,4.6,0,medical,0
44100.0,25500.0,588.0,0.25,3.4,1,education,0
21900.0,16000.0,710.0,0.154,1.2,0,debt_consolidation,0
49700.0,7900.0,743.0,0.396,4.6,0,medical,0
24800.0,6500.0,645.0,0.435,0.1,0,debt_consolidation,0
87900.0,60000.0,612.0,0.239,2.5,1,debt_consolidation,1
115700.0,60000.0,647.0,0.215,3.0,1,debt_consolidation,1
36400.0,17000.0,612.0,0.385,0.5,0,debt_consolidation,0
63000.0,44000.0,673.0,0.402,1.7,0,home_improvement,0
37700.0,31000.0,687.0,0.169,9.0,0,debt_consolidation,0
39600.0,12300.0,659.0,0.265,12.1,0,education,0
79800.0,60000.0,797.0,0.274,2.9,0,business,0
53100.0,9900.0,630.0,0.203,21.6,0,debt_consolidation,0
129300.0,60000.0,777.0,0.319,1.8,0,debt_consolidation,0
42600.0,9900.0,607.0,0.21,5.6,1,debt_consolidation,1
89300.0,27900.0,685.0,0.226,0.7,2,medical,0
56900.0,10100.0,763.0,0.27,20.7,0,debt_consolidation,0
80700.0,60000.0,759.0,0.131,4.0,0,debt_consolidation,0
43300.0,38400.0,651.0,0.074,3.2,1,debt_consolidation,1
52900.0,17900.0,719.0,0.372,4.4,1,debt_consolidation,0
51100.0,18400.0,709.0,,14.0,1,education,0
35700.0,11500.0,642.0,0.493,10.5,0,education,0
75400.0,16900.0,723.0,0.477,2.1,0,debt_consolidation,0
75000.0,54700.0,810.0,0.229,1.5,0,home_improvement,0
72900.0,10800.0,713.0,0.514,0.3,0,education,0
116800.0,60000.0,720.0,0.374,10.6,1,business,0
111800.0,60000.0,727.0,0.215,1.2,1,education,0
44900.0,8700.0,578.0,0.022,1.7,0,medical,0
65300.0,34200.0,712.0,0.349,2.0,0,business,1
39700.0,35500.0,609.0,0.283,0.6,0,debt_consolidation,0
54800.0,42900.0,639.0,0.323,2.3,0,debt_consolidation,0
40100.0,27000.0,831.0,0.257,7.3,0,education,0
121800.0,14400.0,662.0,0.166,5.2,0,debt_consolidation,0
65000.0,10100.0,628.0,0.237,3.2,0,home_improvement,0
48600.0,35700.0,761.0,0.351,5.2,0,education,0
98400.0,39500.0,614.0,0.245,8.5,0,home_improvement,1
18300.0,11600.0,649.0,0.244,0.6,0,debt_consolidation,0
19800.0,13700.0,767.0,0.128,2.7,0,home_improvement,0
80700.0,35300.0,683.0,0.289,2.6,0,debt_consolidation,1
55800.0,12000.0,571.0,0.169,5.5,1,debt_consolidation,1
61400.0,25100.0,718.0,0.372,0.2,0,home_improvement,0
27900.0,22200.0,652.0,0.207,8.3,1,debt_consolidation,0
53600.0,19600.0,788.0,0.25,1.7,1,business,1
147500.0,22100.0,638.0,0.496,1.6,1,home_improvement,0
81800.0,60000.0,754.0,0.249,2.2,0,business,1
59000.0,38000.0,804.0,0.236,2.9,0,business,0
43500.0,23200.0,620.0,0.339,10.2,0,home_improvement,0
44500.0,34000.0,666.0,0.101,0.7,0,home_improvement,0
18700.0,8000.0,707.0,0.405,0.8,0,business,1
61600.0,54700.0,620.0,0.379,12.1,0,debt_consolidation,0
82700.0,60000.0,699.0,0.332,12.4,1,home_improvement,1
24600.0,8000.0,664.0,0.02,8.6,0,debt_consolidation,1
38900.0,15400.0,663.0,0.254,0.6,0,medical,0
30400.0,9700.0,683.0,0.153,2.5,0,medical,0
33400.0,21000.0,685.0,0.392,1.4,0,education,0
55600.0,34000.0,691.0,0.385,0.2,0,home_improvement,0
19100.0,9900.0,638.0,0.319,2.2,1,home_improvement,0
73700.0,60000.0,641.0,0.16,25.6,0,home_improvement,1
79000.0,37700.0,672.0,0.429,4.1,0,education,1
47800.0,34700.0,677.0,0.254,2.1,0,business,1
15700.0,9800.0,649.0,0.461,0.8,0,debt_consolidation,1
32900.0,16900.0,703.0,0.307,0.1,0,debt_consolidation,0
100400.0,13400.0,553.0,0.331,0.9,0,debt_consolidation,0
13500.0,8500.0,629.0,0.234,0.6,0,education,0
45500.0,27900.0,660.0,0.421,5.3,1,business,0
30000.0,6000.0,620.0,0.341,1.5,0,debt_consolidation,0
81000.0,59700.0,794.0,0.424,6.0,0,home_improvement,0
38700.0,18300.0,681.0,0.298,14.7,1,business,1
66300.0,23800.0,692.0,0.275,3.7,0,debt_consolidation,1
71900.0,54600.0,646.0,0.34,1.3,0,business,1
135700.0,50800.0,679.0,0.424,1.7,0,business,0
48900.0,29200.0,595.0,0.382,6.4,1,medical,1
65400.0,38900.0,668.0,0.294,0.3,0,debt_consolidation,0
25800.0,3700.0,614.0,0.094,0.7,0,education,0
98200.0,43000.0,661.0,0.361,4.4,0,debt_consolidation,0
37000.0,10300.0,501.0,0.136,5.3,1,debt_consolidation,0
40900.0,10600.0,601.0,0.284,10.3,1,debt_consolidation,0
53600.0,33400.0,782.0,0.268,9.8,2,debt_consolidation,0
24800.0,2700.0,738.0,0.138,0.8,1,business,0
60700.0,53100.0,772.0,0.317,2.4,0,education,0
87900.0,36600.0,777.0,0.495,0.2,0,debt_consolidation,0
62700.0,21300.0,727.0,0.249,1.1,0,home_improvement,0
24500.0,20500.0,648.0,0.357,3.0,2,education,1
50900.0,24900.0,607.0,0.516,2.9,1,debt_consolidation,0
78500.0,46400.0,760.0,0.366,,0,debt_consolidation,0
21200.0,13900.0,685.0,0.216,3.1,1,home_improvement,0
31700.0,25300.0,850.0,0.304,3.2,1,medical,0
84000.0,17100.0,654.0,0.328,2.9,0,debt_consolidation,0
62000.0,10200.0,818.0,0.423,12.2,0,business,0
66600.0,59600.0,669.0,0.401,1.2,0,education,0
137300.0,14700.0,774.0,0.02,3.1,0,home_improvement,0
68500.0,45700.0,799.0,0.194,3.5,0,debt_consolidation,0
75300.0,44300.0,608.0,0.273,3.8,0,home_improvement,0
210100.0,60000.0,646.0,0.178,0.3,1,debt_consolidation,0
48700.0,35500.0,608.0,0.02,14.3,0,debt_consolidation,0
36400.0,32500.0,594.0,0.207,9.9,0,business,1
67100.0,9200.0,727.0,0.28,,0,home_improvement,0
67500.0,39900.0,666.0,0.227,1.4,0,debt_consolidation,0
41600.0,28000.0,684.0,0.18,4.8,0,debt_consolidation,0
32300.0,11100.0,719.0,0.284,9.1,0,debt_consolidation,1
171900.0,60000.0,550.0,0.314,,1,business,0
63800.0,29700.0,770.0,0.233,0.2,0,debt_consolidation,0
37600.0,8700.0,656.0,,0.7,1,home_improvement,1
85600.0,60000.0,717.0,0.286,9.5,0,education,1
51300.0,43800.0,723.0,0.193,8.7,0,debt_consolidation,1
47700.0,8600.0,776.0,0.168,0.6,0,home_improvement,0
71800.0,50400.0,673.0,0.259,17.0,1,education,0
28400.0,7700.0,531.0,0.391,21.2,1,business,1
64600.0,6800.0,684.0,0.198,11.9,1,education,1
141000.0,43500.0,694.0,0.34,4.2,1,debt_consolidation,0
68400.0,53600.0,608.0,0.289,3.9,0,debt_consolidation,1
44900.0,9600.0,690.0,0.479,0.3,0,debt_consolidation,0
42000.0,8600.0,655.0,0.319,11.1,1,debt_consolidation,0
44100.0,30500.0,586.0,0.21,9.4,0,business,1
47700.0,20300.0,727.0,0.354,1.9,2,debt_consolidation,0
44900.0,9800.0,641.0,0.357,13.2,0,debt_consolidation,0
85700.0,24300.0,652.0,0.24,1.2,0,home_improvement,0
22800.0,16800.0,648.0,0.164,1.1,1,debt_consolidation,0
83400.0,49900.0,766.0,0.334,8.1,1,home_improvement,0
44800.0,31800.0,677.0,0.286,5.7,1,debt_consolidation,0
65400.0,11700.0,686.0,0.128,2.2,0,medical,0
30800.0,14400.0,649.0,0.305,10.9,2,debt_consolidation,0
105300.0,60000.0,712.0,0.216,8.6,0,home_improvement,0
101000.0,31600.0,774.0,0.128,1.4,0,education,0
87500.0,20600.0,725.0,0.245,8.9,1,debt_consolidation,0
25400.0,10300.0,728.0,0.408,4.9,0,debt_consolidation,0
82000.0,30100.0,722.0,0.401,2.9,0,home_improvement,0
66300.0,16500.0,583.0,0.375,8.1,0,medical,0
24300.0,21000.0,619.0,0.307,0.1,0,home_improvement,0
53500.0,26000.0,666.0,0.34,1.0,0,home_improvement,0
65000.0,38100.0,629.0,0.29,,1,home_improvement,1
71500.0,14100.0,605.0,0.169,4.0,0,home_improvement,0
59200.0,34800.0,549.0,0.189,4.1,0,education,0
62700.0,34100.0,586.0,0.219,2.1,0,debt_consolidation,0
113200.0,60000.0,662.0,0.42,3.5,1,home_improvement,0
100000.0,43000.0,675.0,0.388,11.2,0,business,1
12900.0,9400.0,624.0,0.172,1.4,1,education,0
46200.0,15900.0,686.0,0.285,2.1,1,home_improvement,0
49900.0,28100.0,650.0,0.24,2.5,1,medical,0
22600.0,19000.0,756.0,0.264,5.1,0,debt_consolidation,0
56800.0,34100.0,669.0,0.226,2.2,0,home_improvement,0
101200.0,60000.0,729.0,0.421,0.5,0,debt_consolidation,0
31500.0,25200.0,694.0,0.278,0.8,0,debt_consolidation,0
64100.0,53900.0,582.0,0.302,1.9,0,debt_consolidation,1
34300.0,9100.0,674.0,0.302,2.6,0,education,0
38700.0,9900.0,594.0,0.177,22.2,0,home_improvement,0
113400.0,60000.0,672.0,0.291,24.0,0,business,0
41300.0,37000.0,628.0,0.386,13.1,1,debt_consolidation,0
68300.0,33600.0,707.0,0.427,11.8,0,debt_consolidation,0
21300.0,7800.0,586.0,0.165,3.6,1,education,1
137500.0,60000.0,681.0,0.128,1.5,0,debt_consolidation,1
73200.0,11100.0,720.0,0.286,7.6,1,home_improvement,0
49500.0,12000.0,744.0,0.391,15.1,0,debt_consolidation,0
72200.0,15800.0,627.0,0.316,4.6,1,debt_consolidation,0
26800.0,3300.0,681.0,0.348,4.4,0,home_improvement,0
97900.0,60000.0,693.0,,1.9,0,home_improvement,0
46100.0,16600.0,788.0,0.223,2.8,1,debt_consolidation,0
48900.0,11500.0,576.0,0.06,5.5,0,debt_consolidation,1
42400.0,21600.0,616.0,0.266,0.9,0,debt_consolidation,0
40500.0,14500.0,850.0,0.064,12.2,0,debt_consolidation,0
76700.0,31800.0,661.0,0.413,0.9,0,business,1
61600.0,21700.0,548.0,0.435,9.3,1,education,1
75000.0,7700.0,639.0,0.294,0.7,2,debt_consolidation,0
53900.0,35100.0,486.0,0.129,2.5,1,debt_consolidation,1
70000.0,13200.0,697.0,0.318,12.4,0,debt_consolidation,0
43900.0,12100.0,737.0,0.466,16.2,0,debt_consolidation,0
165200.0,41700.0,616.0,0.328,,0,business,0
24700.0,9000.0,647.0,0.398,1.8,0,debt_consolidation,0
101800.0,23200.0,745.0,0.231,3.6,1,business,0
107400.0,40600.0,557.0,0.193,9.2,0,medical,0
35400.0,10400.0,587.0,0.273,21.5,0,education,0
165200.0,24600.0,664.0,0.087,0.5,0,home_improvement,0
89100.0,60000.0,627.0,0.506,0.0,2,debt_consolidation,1
88000.0,30300.0,659.0,0.294,4.9,0,medical,0
54900.0,9700.0,592.0,0.367,0.4,1,medical,0
48600.0,25100.0,695.0,0.234,7.3,1,home_improvement,1
48800.0,9700.0,670.0,0.126,9.8,0,debt_consolidation,0
65900.0,47300.0,718.0,0.423,3.6,0,debt_consolidation,0
109200.0,16300.0,694.0,0.168,2.8,1,debt_consolidation,0
59300.0,28000.0,694.0,0.315,16.1,1,debt_consolidation,0
34300.0,29300.0,579.0,0.324,9.0,2,home_improvement,0
81800.0,18600.0,714.0,0.287,2.7,1,business,0
85900.0,22400.0,657.0,0.202,7.5,2,education,0
75200.0,43600.0,668.0,0.265,10.7,0,education,0
78600.0,60000.0,753.0,0.185,3.2,0,education,0
47300.0,19300.0,630.0,0.361,5.3,2,education,1
34000.0,21000.0,775.0,0.337,10.5,1,home_improvement,0
35100.0,7800.0,781.0,0.278,7.4,0,medical,0
23900.0,14700.0,733.0,0.223,1.8,2,debt_consolidation,0
61000.0,18400.0,611.0,0.491,2.0,2,business,1
52000.0,30700.0,527.0,0.15,7.2,1,debt_consolidation,1
43500.0,7400.0,756.0,0.126,4.0,0,education,1
12400.0,6400.0,688.0,0.272,8.8,0,home_improvement,0
29000.0,8400.0,628.0,0.254,6.7,0,home_improvement,0
94900.0,60000.0,762.0,0.39,8.0,0,home_improvement,0
38900.0,27200.0,620.0,0.345,5.2,0,debt_consolidation,0
64900.0,50500.0,650.0,0.283,10.7,0,medical,0
27000.0,24100.0,717.0,0.33,4.6,0,debt_consolidation,0
111200.0,52000.0,602.0,0.328,,0,home_improvement,0
50400.0,32100.0,672.0,0.49,2.5,0,medical,0
62600.0,7200.0,756.0,0.305,12.8,0,home_improvement,0
173300.0,60000.0,695.0,0.212,1.1,0,business,1
115600.0,60000.0,767.0,0.3,8.8,0,debt_consolidation,0
46500.0,20300.0,759.0,0.02,3.2,1,debt_consolidation,0
40300.0,18000.0,681.0,0.277,1.3,0,debt_consolidation,0
46000.0,32500.0,516.0,0.389,0.9,2,business,1
69900.0,53600.0,603.0,0.34,10.4,0,medical,0
51400.0,38400.0,733.0,0.31,,0,medical,0
44500.0,22600.0,571.0,0.345,4.2,0,home_improvement,1
112800.0,44800.0,657.0,0.39,4.8,1,debt_consolidation,0
51200.0,43800.0,704.0,0.423,5.9,1,debt_consolidation,1
171100.0,60000.0,783.0,0.325,8.9,1,home_improvement,0
56700.0,30300.0,640.0,0.248,3.1,0,debt_consolidation,0
132300.0,60000.0,635.0,0.049,6.2,0,education,0
64800.0,39100.0,676.0,0.378,0.7,0,business,0
87700.0,58800.0,705.0,0.332,4.1,0,debt_consolidation,0
37700.0,20500.0,669.0,0.295,1.9,1,education,0
35400.0,28300.0,753.0,0.211,1.5,0,home_improvement,1
68200.0,53700.0,624.0,0.377,7.4,0,debt_consolidation,1
88800.0,40300.0,688.0,0.254,1.6,0,debt_consolidation,0
55300.0,13000.0,711.0,0.277,3.7,0,home_improvement,0
28500.0,16000.0,652.0,0.274,7.8,0,education,0
27400.0,16300.0,739.0,0.325,2.5,1,home_improvement,0
26500.0,13700.0,690.0,0.165,1.3,1,debt_consolidation,0
22400.0,18200.0,735.0,0.336,0.6,0,debt_consolidation,0
57200.0,10000.0,694.0,0.208,10.1,0,education,0
95100.0,31400.0,706.0,0.211,7.5,0,debt_consolidation,0
53800.0,42600.0,636.0,0.369,4.6,0,education,1
17500.0,14900.0,636.0,0.18,0.5,0,debt_consolidation,0
49200.0,21700.0,766.0,0.368,1.1,0,medical,1
49900.0,12700.0,724.0,0.29,0.5,2,debt_consolidation,0
154500.0,60000.0,608.0,0.115,0.3,0,debt_consolidation,0
26100.0,12100.0,693.0,0.416,9.0,0,home_improvement,1
44600.0,23000.0,514.0,0.311,1.2,0,education,1
127100.0,40600.0,640.0,0.319,0.6,0,business,1
67800.0,23700.0,747.0,0.381,9.8,0,business,1
71800.0,44800.0,671.0,0.43,1.7,1,home_improvement,1
57400.0,34300.0,688.0,0.3,13.0,2,education,1
63900.0,40200.0,469.0,0.342,6.6,0,home_improvement,1
79900.0,32100.0,653.0,0.317,1.9,0,home_improvement,0
36100.0,13300.0,704.0,0.246,0.2,0,debt_consolidation,0
84000.0,32000.0,713.0,0.122,1.2,0,education,1
27300.0,23500.0,747.0,0.301,2.2,0,business,0
63800.0,26600.0,665.0,0.418,1.5,0,debt_consolidation,1
59200.0,34600.0,668.0,0.338,0.5,0,debt_consolidation,1
39800.0,20600.0,587.0,0.173,1.8,0,debt_consolidation,1
53600.0,42900.0,666.0,0.39,1.6,2,home_improvement,1
39700.0,15700.0,592.0,0.249,1.8,0,home_improvement,1
31700.0,14200.0,551.0,0.071,4.9,0,debt_consolidation,1
45400.0,35200.0,604.0,0.382,13.9,0,home_improvement,1
31200.0,7100.0,786.0,0.185,2.8,1,medical,0
63700.0,36700.0,661.0,0.458,0.4,0,debt_consolidation,1
30500.0,12800.0,695.0,0.395,8.1,1,medical,0
77300.0,60000.0,644.0,0.257,4.8,1,medical,0
30000.0,20300.0,555.0,0.326,1.0,0,home_improvement,0
40800.0,4400.0,746.0,,5.3,1,debt_consolidation,0
39600.0,30600.0,528.0,0.38,6.1,0,business,1
105100.0,60000.0,641.0,0.304,0.8,0,debt_consolidation,0
63900.0,35100.0,676.0,0.569,2.0,0,debt_consolidation,1
48700.0,14100.0,696.0,0.292,3.5,0,debt_consolidation,0
69500.0,15300.0,629.0,0.338,2.3,0,business,0
18900.0,11400.0,551.0,0.186,0.6,0,debt_consolidation,1
53000.0,24000.0,624.0,0.113,10.7,0,home_improvement,0
147100.0,60000.0,628.0,0.251,0.9,0,education,1
57900.0,17900.0,626.0,0.284,0.4,0,home_improvement,0
56000.0,34200.0,748.0,0.313,4.1,1,education,0
71300.0,21300.0,595.0,0.138,17.5,0,debt_consolidation,0
84800.0,51600.0,701.0,0.346,6.8,0,education,0
20000.0,2800.0,691.0,0.197,2.9,0,debt_consolidation,0
23400.0,9700.0,747.0,0.341,2.9,0,debt_consolidation,0
60200.0,14300.0,671.0,0.373,4.9,1,debt_consolidation,0
37900.0,22200.0,735.0,0.24,10.0,1,home_improvement,0
104400.0,36900.0,668.0,0.184,16.2,2,debt_consolidation,0
46300.0,33200.0,710.0,0.434,0.7,0,home_improvement,0
20600.0,3900.0,575.0,0.367,0.9,0,debt_consolidation,0
28700.0,15600.0,495.0,0.295,3.0,0,home_improvement,1
13700.0,7900.0,706.0,0.427,4.2,0,debt_consolidation,0
48200.0,5700.0,710.0,0.288,7.3,0,home_improvement,0
49300.0,6300.0,713.0,0.218,3.4,1,medical,0
43800.0,15200.0,643.0,0.18,5.4,0,debt_consolidation,0
92900.0,54600.0,784.0,0.269,10.2,1,education,0
98600.0,60000.0,648.0,0.357,9.1,1,home_improvement,0
49800.0,8600.0,709.0,0.419,7.6,0,debt_consolidation,0
18600.0,12300.0,722.0,0.282,0.4,0,debt_consolidation,0
73800.0,48300.0,800.0,0.401,,1,debt_consolidation,0
71500.0,45400.0,658.0,0.259,3.0,1,education,1
63200.0,32400.0,634.0,0.202,0.5,0,debt_consolidation,0
88500.0,60000.0,575.0,0.149,0.8,0,business,1
30300.0,15200.0,789.0,0.229,2.0,0,education,0
147900.0,60000.0,709.0,0.153,2.3,0,home_improvement,0
33500.0,10400.0,712.0,0.481,4.7,0,business,0
78800.0,58700.0,850.0,0.324,25.9,0,debt_consolidation,0
23300.0,20900.0,703.0,0.27,1.3,0,medical,0
34000.0,28200.0,589.0,0.452,6.6,1,debt_consolidation,0
115600.0,39700.0,666.0,0.15,7.1,0,home_improvement,0
47600.0,37000.0,612.0,0.266,11.6,0,debt_consolidation,0
82500.0,14500.0,652.0,0.48,2.5,0,medical,0
61000.0,39200.0,652.0,0.266,5.1,0,debt_consolidation,1
51400.0,19200.0,639.0,0.525,1.3,1,home_improvement,1
107100.0,60000.0,582.0,0.359,1.9,2,business,1
48100.0,20700.0,791.0,0.411,1.4,0,debt_consolidation,0
22200.0,2400.0,701.0,0.413,6.7,0,business,0
36300.0,10300.0,664.0,0.28,11.7,0,home_improvement,1
71400.0,9600.0,733.0,0.231,,0,medical,0
66000.0,29200.0,713.0,0.268,0.9,0,home_improvement,1
24700.0,19100.0,699.0,0.181,7.7,0,medical,0
37700.0,26000.0,728.0,0.273,7.4,0,business,0
40500.0,29600.0,689.0,0.28,0.5,0,debt_consolidation,0
45100.0,33600.0,727.0,0.449,13.9,0,education,0
27200.0,10800.0,733.0,0.339,3.0,0,business,0
39600.0,20000.0,691.0,0.516,0.2,0,medical,1
37600.0,19100.0,665.0,0.064,7.5,0,business,1
79700.0,15200.0,787.0,0.158,1.0,0,education,0
81200.0,47000.0,647.0,0.244,14.1,0,debt_consolidation,0
50400.0,34100.0,707.0,0.429,1.0,1,medical,0
44500.0,26200.0,709.0,0.269,4.4,1,education,0
58100.0,40500.0,637.0,0.133,7.8,0,debt_consolidation,0
36000.0,7000.0,623.0,0.255,0.4,0,debt_consolidation,0
30500.0,21600.0,655.0,0.16,13.8,1,debt_consolidation,0
33900.0,9000.0,646.0,0.141,9.0,0,education,0
39400.0,31600.0,578.0,0.48,,0,medical,1
30300.0,9000.0,634.0,0.245,14.7,1,medical,0
58700.0,29000.0,699.0,0.297,1.6,0,debt_consolidation,0
78000.0,38200.0,769.0,0.271,9.2,1,debt_consolidation,0
24500.0,7700.0,719.0,0.255,13.4,1,debt_consolidation,0
54900.0,21400.0,498.0,0.196,4.6,1,education,1
48500.0,12100.0,725.0,0.249,0.3,0,medical,0
64300.0,35800.0,641.0,0.314,11.1,0,business,0
53800.0,44700.0,712.0,0.422,20.5,0,debt_consolidation,0
26200.0,9300.0,679.0,0.375,2.7,0,medical,0
28800.0,14600.0,667.0,0.158,2.4,0,education,1
55000.0,43400.0,673.0,0.379,1.0,1,business,0
90600.0,41900.0,678.0,0.328,,0,medical,1
17900.0,13700.0,774.0,0.218,4.7,1,home_improvement,0
64400.0,29400.0,679.0,0.298,0.7,0,medical,0
98200.0,44400.0,756.0,0.337,1.4,1,debt_consolidation,0
50200.0,11300.0,746.0,0.285,1.8,0,medical,0
71300.0,14300.0,727.0,0.328,0.0,1,medical,0
38100.0,22400.0,555.0,0.194,3.9,2,business,0
51000.0,38900.0,758.0,0.479,0.5,1,debt_consolidation,0
24100.0,5000.0,648.0,0.087,5.3,0,medical,0
16800.0,13900.0,730.0,0.338,2.1,0,debt_consolidation,0
86800.0,33600.0,612.0,0.317,1.3,0,medical,0
33100.0,14600.0,597.0,0.344,3.3,0,business,1
43100.0,35200.0,818.0,0.209,0.3,0,debt_consolidation,1
27100.0,22100.0,613.0,0.397,1.2,0,education,1
26800.0,13900.0,760.0,0.269,0.7,0,education,0
49700.0,16000.0,688.0,0.161,10.4,0,medical,0
37600.0,8900.0,651.0,0.171,9.4,2,debt_consolidation,0
65400.0,20700.0,677.0,0.292,,0,business,1
67900.0,49200.0,589.0,0.12,0.3,0,business,0
63600.0,22900.0,679.0,0.46,6.4,0,education,1
61000.0,40000.0,604.0,0.385,3.0,0,home_improvement,1
119200.0,30500.0,652.0,0.463,,1,education,1
31800.0,15400.0,745.0,0.452,1.0,2,debt_consolidation,0
52700.0,20100.0,698.0,0.245,1.6,1,medical,0
95400.0,48000.0,576.0,0.193,14.0,1,debt_consolidation,0
102000.0,56700.0,740.0,0.02,4.8,0,debt_consolidation,0
26600.0,23700.0,680.0,0.239,3.7,0,debt_consolidation,0
46300.0,38000.0,642.0,0.457,4.2,0,education,1
106800.0,60000.0,732.0,0.197,0.4,2,home_improvement,0
69800.0,15600.0,668.0,0.259,9.7,1,education,0
59700.0,49900.0,598.0,0.225,2.8,0,debt_consolidation,0
48600.0,39600.0,809.0,0.317,8.1,0,debt_consolidation,0
44700.0,36200.0,679.0,0.409,2.4,1,home_improvement,1
62600.0,30200.0,674.0,0.126,3.2,0,education,0
47800.0,11300.0,652.0,0.145,3.3,0,debt_consolidation,0
53000.0,37300.0,763.0,0.429,0.1,1,education,0
56300.0,23100.0,643.0,0.353,2.0,0,debt_consolidation,1
38600.0,14500.0,572.0,0.254,0.4,0,business,1
70700.0,29200.0,632.0,0.451,17.9,0,home_improvement,0
232600.0,60000.0,773.0,0.143,2.9,0,debt_consolidation,0
22300.0,8200.0,738.0,0.373,,1,debt_consolidation,1
63700.0,41500.0,662.0,0.273,6.2,2,debt_consolidation,0
37000.0,22900.0,776.0,0.341,3.6,0,debt_consolidation,0
72300.0,36700.0,732.0,0.041,7.9,0,medical,0
55500.0,7900.0,661.0,0.254,8.7,0,education,0
79300.0,60000.0,668.0,0.354,5.0,0,debt_consolidation,0
97500.0,41900.0,703.0,0.274,0.7,0,business,0
59600.0,27400.0,622.0,0.406,2.6,1,debt_consolidation,0
95400.0,44300.0,680.0,0.402,1.7,0,medical,0
16800.0,6600.0,702.0,0.184,16.6,2,debt_consolidation,0
120000.0,60000.0,562.0,0.362,,0,debt_consolidation,1
65400.0,7300.0,667.0,0.181,5.1,1,medical,0
92900.0,60000.0,659.0,0.285,8.5,0,debt_consolidation,0
29400.0,5300.0,752.0,0.346,1.8,0,debt_consolidation,0
35800.0,32200.0,551.0,0.196,0.2,0,medical,0
58300.0,35100.0,653.0,0.359,1.8,0,education,0
53700.0,8200.0,646.0,0.229,2.7,1,business,1
62400.0,34300.0,747.0,0.222,1.2,0,education,0
93200.0,34000.0,677.0,0.351,2.9,0,debt_consolidation,0
22400.0,19300.0,806.0,0.196,5.7,0,education,0
88200.0,60000.0,726.0,0.191,8.1,0,medical,0
54400.0,27500.0,651.0,0.384,0.3,1,debt_consolidation,1
48900.0,21700.0,697.0,0.291,5.5,1,debt_consolidation,0
26000.0,23300.0,655.0,0.135,3.5,0,education,0
69700.0,44200.0,740.0,,4.4,0,medical,0
16200.0,8300.0,587.0,0.239,2.2,1,debt_consolidation,0
74900.0,31300.0,622.0,0.14,16.6,0,education,0
25700.0,9200.0,712.0,0.029,0.4,0,debt_consolidation,0
55600.0,36900.0,766.0,0.37,1.3,0,home_improvement,0
51000.0,29100.0,526.0,0.194,2.0,0,education,1
97200.0,60000.0,776.0,0.156,4.0,1,debt_consolidation,0
49500.0,26900.0,670.0,0.344,16.1,0,debt_consolidation,0
38300.0,21700.0,548.0,0.361,1.2,1,education,1
42100.0,20300.0,470.0,0.201,3.1,0,debt_consolidation,1
102400.0,60000.0,573.0,0.371,6.6,0,business,1
70800.0,30600.0,679.0,0.485,0.4,0,business,1
44700.0,34900.0,675.0,0.415,3.7,0,education,0
48100.0,17400.0,724.0,0.399,9.1,0,medical,0
24700.0,16200.0,642.0,0.311,8.4,0,business,1
65800.0,53600.0,602.0,0.236,2.8,0,education,0
22500.0,16100.0,651.0,,9.4,0,medical,0
78900.0,29500.0,682.0,0.324,0.9,0,debt_consolidation,1
57800.0,38400.0,696.0,0.154,0.1,0,medical,0
178700.0,47500.0,625.0,,2.4,0,debt_consolidation,1
31300.0,4600.0,743.0,0.137,0.5,0,debt_consolidation,0
51500.0,37800.0,637.0,0.304,2.9,0,home_improvement,1
133100.0,60000.0,619.0,0.288,1.7,0,debt_consolidation,0
98300.0,11600.0,642.0,0.215,16.6,1,debt_consolidation,1
38200.0,32800.0,755.0,0.362,0.9,0,education,0
60600.0,27700.0,671.0,0.176,2.5,0,debt_consolidation,0
54200.0,44700.0,631.0,0.211,5.6,0,business,0
62400.0,45600.0,745.0,0.358,2.1,0,business,0
38200.0,31300.0,830.0,0.373,11.3,1,education,1
51800.0,39700.0,695.0,0.2,11.9,0,debt_consolidation,0
24400.0,21500.0,766.0,0.303,2.9,0,home_improvement,0
58000.0,35000.0,753.0,,0.8,1,debt_consolidation,0
67800.0,19100.0,638.0,0.26,12.4,0,education,0
48400.0,19900.0,682.0,0.294,,0,debt_consolidation,0
24200.0,17000.0,590.0,0.336,5.1,1,home_improvement,1
88800.0,20000.0,666.0,0.312,1.3,1,debt_consolidation,0
65000.0,54900.0,636.0,0.307,14.7,0,business,0
37700.0,10000.0,652.0,0.172,4.1,0,debt_consolidation,0
47100.0,37700.0,628.0,0.319,,1,home_improvement,1
25600.0,12500.0,660.0,0.335,0.6,0,debt_consolidation,0
32400.0,25000.0,717.0,0.349,2.1,0,home_improvement,0
41400.0,35900.0,672.0,0.208,8.6,0,business,0
100100.0,43800.0,549.0,0.372,0.5,0,debt_consolidation,0
39300.0,25800.0,628.0,0.148,0.1,0,debt_consolidation,0
74600.0,21000.0,574.0,0.237,5.1,0,debt_consolidation,0
41400.0,30700.0,697.0,0.252,0.5,0,home_improvement,0
61300.0,46300.0,715.0,0.154,8.1,0,education,0
50500.0,17000.0,698.0,0.251,12.4,1,medical,1
83800.0,10000.0,625.0,0.302,3.7,1,medical,0
41500.0,18500.0,697.0,0.097,0.6,2,debt_consolidation,0
24700.0,5800.0,647.0,0.241,3.2,0,business,0
27100.0,20500.0,600.0,0.105,5.1,0,medical,0
41500.0,12800.0,732.0,0.484,15.5,0,education,0
29000.0,24800.0,737.0,0.301,0.7,1,debt_consolidation,0
66500.0,58400.0,746.0,0.293,0.0,0,education,0
42900.0,35500.0,637.0,0.303,0.9,0,education,1
177600.0,60000.0,763.0,0.34,2.6,1,debt_consolidation,0
22700.0,7100.0,645.0,0.378,0.2,0,debt_consolidation,0
60000.0,44700.0,726.0,0.124,1.6,1,home_improvement,1
30800.0,20400.0,644.0,0.411,1.9,0,home_improvement,0
42300.0,37300.0,664.0,0.405,0.6,0,debt_consolidation,0
58100.0,23300.0,511.0,0.273,2.5,1,business,0
16900.0,2500.0,659.0,0.268,1.6,1,debt_consolidation,0
61000.0,54800.0,686.0,0.02,1.0,0,debt_consolidation,0
140300.0,60000.0,651.0,0.156,2.7,0,debt_consolidation,0
43200.0,12000.0,803.0,0.332,6.1,0,education,0
61700.0,42000.0,599.0,0.4,5.1,0,debt_consolidation,1
90400.0,9100.0,641.0,0.353,4.6,0,education,0
49900.0,27300.0,617.0,0.272,13.7,0,home_improvement,0
40500.0,15800.0,641.0,0.473,0.4,0,debt_consolidation,0
17400.0,7000.0,752.0,0.381,2.4,0,debt_consolidation,0
74600.0,22100.0,783.0,0.241,0.7,0,home_improvement,0
51200.0,16400.0,631.0,0.498,10.9,1,home_improvement,0
32700.0,15200.0,629.0,0.17,8.2,1,debt_consolidation,0
57700.0,17200.0,599.0,0.133,10.2,1,home_improvement,0
40500.0,19200.0,771.0,0.238,3.0,0,home_improvement,0
41600.0,23400.0,758.0,0.204,2.3,0,business,0
73400.0,49100.0,673.0,0.244,2.2,0,education,1
27700.0,17800.0,582.0,0.36,4.6,1,debt_consolidation,1
91500.0,26900.0,589.0,0.277,4.8,0,home_improvement,1
26900.0,3500.0,692.0,0.279,6.5,0,debt_consolidation,0
38900.0,29800.0,718.0,0.286,1.8,0,home_improvement,0
141700.0,60000.0,535.0,0.049,9.5,0,debt_consolidation,1
95200.0,60000.0,658.0,0.128,10.6,0,business,0
56900.0,49400.0,793.0,0.241,1.4,0,home_improvement,0
33900.0,20600.0,665.0,0.196,3.6,0,medical,1
41600.0,33900.0,784.0,0.257,5.6,0,home_improvement,0
56200.0,25800.0,725.0,0.42,3.7,0,debt_consolidation,0
55200.0,40300.0,604.0,0.273,23.5,1,debt_consolidation,0
51800.0,44800.0,660.0,0.148,9.9,0,debt_consolidation,0
53300.0,39300.0,671.0,0.201,1.9,2,medical,1
48700.0,21100.0,613.0,0.451,1.5,0,business,1
26300.0,10600.0,612.0,0.433,1.3,1,debt_consolidation,1
41800.0,13900.0,785.0,0.34,1.4,1,home_improvement,0
85600.0,33700.0,612.0,0.124,0.3,0,debt_consolidation,0
27300.0,20700.0,755.0,0.311,7.6,1,home_improvement,0
49300.0,32600.0,649.0,0.318,0.2,1,business,1
36000.0,10800.0,678.0,0.283,1.0,0,debt_consolidation,0
57300.0,38300.0,719.0,0.223,10.1,0,debt_consolidation,0
44600.0,18000.0,638.0,0.244,2.5,0,education,0
113400.0,60000.0,720.0,0.216,8.1,0,debt_consolidation,0
69800.0,27700.0,537.0,0.165,4.3,0,debt_consolidation,0
28100.0,14500.0,711.0,0.417,1.0,0,debt_consolidation,0
75800.0,51800.0,507.0,0.368,2.2,1,education,1
36800.0,25200.0,664.0,0.252,3.0,1,business,0
40600.0,28500.0,740.0,0.315,,1,business,0
63400.0,26200.0,724.0,0.319,1.0,0,home_improvement,0
42400.0,27700.0,589.0,0.514,13.3,0,medical,0
84700.0,24600.0,598.0,0.367,1.6,1,home_improvement,1
36800.0,17700.0,632.0,0.363,5.7,1,home_improvement,0
39800.0,22500.0,693.0,0.284,4.6,0,debt_consolidation,0
39000.0,25300.0,538.0,0.237,10.7,1,debt_consolidation,1
40800.0,33800.0,679.0,0.418,1.7,2,home_improvement,1
93900.0,32300.0,702.0,0.345,4.3,1,business,0
74200.0,57600.0,660.0,0.197,7.2,0,education,0
127400.0,44400.0,717.0,0.325,4.0,0,business,0
168400.0,60000.0,696.0,0.364,5.0,1,debt_consolidation,0
32400.0,24700.0,642.0,0.07,4.0,0,debt_consolidation,0
56100.0,38100.0,544.0,0.188,14.4,0,business,1
30100.0,23800.0,689.0,0.316,16.3,0,debt_consolidation,1
36700.0,27600.0,613.0,0.088,1.6,0,home_improvement,1
39500.0,12700.0,640.0,0.103,3.5,1,debt_consolidation,0
31900.0,28500.0,714.0,0.253,3.6,0,business,0
32000.0,27200.0,779.0,0.329,6.7,0,debt_consolidation,0
50400.0,22400.0,677.0,0.334,2.6,1,business,0
29500.0,4100.0,719.0,0.438,4.2,0,debt_consolidation,1
82500.0,28300.0,579.0,0.288,2.0,0,debt_consolidation,0
34200.0,26300.0,697.0,0.243,5.0,0,medical,1
220700.0,60000.0,676.0,0.149,3.4,0,debt_consolidation,1
43200.0,33100.0,766.0,0.242,4.9,1,debt_consolidation,0
56200.0,23500.0,642.0,0.351,0.5,0,home_improvement,0
28300.0,4100.0,663.0,0.355,4.2,0,debt_consolidation,0
127100.0,60000.0,754.0,0.306,2.3,0,debt_consolidation,0
94800.0,38000.0,674.0,0.335,10.6,0,debt_consolidation,0
62800.0,12500.0,602.0,0.408,1.0,0,home_improvement,1
27600.0,5100.0,850.0,0.288,9.1,1,debt_consolidation,0
60200.0,13400.0,604.0,0.417,0.5,0,medical,1
30900.0,8200.0,675.0,0.207,0.3,0,medical,0
112600.0,60000.0,704.0,0.273,6.6,0,debt_consolidation,0
81200.0,32900.0,699.0,0.232,1.0,0,home_improvement,0
56800.0,25500.0,667.0,0.359,0.0,0,home_improvement,1
16000.0,9300.0,667.0,0.179,2.1,1,education,1
33100.0,28700.0,664.0,0.248,3.2,0,home_improvement,0
76400.0,53900.0,602.0,0.094,1.3,1,education,1
99400.0,60000.0,831.0,0.339,3.7,1,debt_consolidation,0
94300.0,60000.0,665.0,0.405,3.6,0,home_improvement,0
24400.0,16500.0,722.0,0.371,7.0,0,debt_consolidation,1
63000.0,41100.0,657.0,0.361,9.3,1,business,1
90000.0,44700.0,655.0,0.364,7.0,0,home_improvement,0
23600.0,13100.0,648.0,0.35,6.4,0,education,0
54000.0,25300.0,572.0,0.341,5.4,0,home_improvement,1
62100.0,25800.0,669.0,0.348,3.8,0,debt_consolidation,0
46600.0,14800.0,652.0,0.214,0.2,0,debt_consolidation,1
21500.0,8300.0,762.0,0.26,6.4,1,debt_consolidation,0
46000.0,20400.0,596.0,0.287,1.5,0,education,0
46000.0,25900.0,640.0,0.246,0.5,0,education,0
50300.0,25100.0,617.0,0.123,0.2,0,debt_consolidation,1
40900.0,7600.0,781.0,0.156,0.7,1,home_improvement,0
43400.0,16100.0,619.0,0.303,1.0,1,debt_consolidation,0
53100.0,21300.0,719.0,0.371,0.3,0,home_improvement,0
67600.0,45000.0,748.0,0.281,6.7,0,debt_consolidation,0
46500.0,17000.0,670.0,0.556,,1,business,1
44100.0,4700.0,584.0,0.188,0.8,0,home_improvement,0
56700.0,9500.0,585.0,0.324,3.6,0,home_improvement,1
20700.0,10300.0,740.0,0.409,0.1,0,education,0
68800.0,17300.0,592.0,0.387,8.6,2,medical,1
54200.0,26900.0,707.0,0.346,3.4,0,home_improvement,0
55300.0,30900.0,688.0,0.387,3.5,0,debt_consolidation,0
87600.0,60000.0,706.0,0.286,1.1,0,debt_consolidation,0
20400.0,12700.0,713.0,0.446,3.6,0,debt_consolidation,1
20200.0,2500.0,615.0,0.408,3.1,0,education,0
62100.0,25100.0,612.0,0.195,8.9,0,education,0
54000.0,39700.0,730.0,0.312,1.5,1,debt_consolidation,0
59000.0,18200.0,636.0,0.125,10.3,1,debt_consolidation,0
43000.0,36100.0,487.0,0.432,15.6,2,education,1
75500.0,39500.0,725.0,0.302,3.0,0,home_improvement,0
86400.0,15000.0,607.0,0.415,17.0,1,medical,0
69000.0,20200.0,713.0,0.269,10.7,0,education,0
47600.0,39300.0,777.0,0.094,3.9,0,debt_consolidation,0
18900.0,16900.0,681.0,0.544,5.2,1,education,0
79600.0,60000.0,750.0,0.293,3.4,0,home_improvement,0
99800.0,35600.0,691.0,0.18,6.3,0,home_improvement,0
74800.0,53500.0,791.0,0.395,0.2,0,debt_consolidation,0
34900.0,9700.0,606.0,0.484,3.3,0,medical,0
75900.0,30900.0,679.0,0.26,0.2,0,debt_consolidation,0
83300.0,54800.0,727.0,0.27,18.7,1,debt_consolidation,0
118100.0,60000.0,667.0,0.304,11.6,1,debt_consolidation,1
35000.0,15800.0,761.0,0.169,1.0,1,medical,0
48400.0,24000.0,650.0,0.211,1.1,0,education,1
78700.0,21700.0,825.0,0.458,2.6,0,debt_consolidation,0
55800.0,23600.0,829.0,0.267,5.4,0,debt_consolidation,0
31000.0,4700.0,700.0,0.196,4.9,0,debt_consolidation,0
66700.0,52500.0,719.0,0.235,1.6,0,education,0
72400.0,8600.0,763.0,0.387,2.3,1,home_improvement,0
56600.0,36600.0,597.0,0.082,0.8,1,education,0
60500.0,19300.0,588.0,0.305,1.0,0,education,0
47600.0,22900.0,768.0,0.526,1.3,1,medical,0
113500.0,36900.0,699.0,0.483,13.0,1,home_improvement,0
34500.0,14500.0,664.0,0.337,10.8,0,medical,0
40400.0,21700.0,681.0,0.412,5.8,1,home_improvement,0
54500.0,33400.0,513.0,0.411,5.6,0,education,0
84100.0,60000.0,667.0,0.267,2.5,0,home_improvement,0
25600.0,9400.0,627.0,0.372,0.3,1,business,1
28100.0,16000.0,744.0,0.459,,0,debt_consolidation,0
19600.0,16100.0,750.0,0.154,0.4,0,education,0
55100.0,18300.0,720.0,0.338,0.0,0,home_improvement,0
31000.0,24600.0,708.0,0.316,1.2,3,business,1
44700.0,38700.0,575.0,0.29,,1,debt_consolidation,1
75400.0,58700.0,721.0,0.281,7.9,0,home_improvement,0
39300.0,21800.0,724.0,0.303,2.6,0,debt_consolidation,0
60800.0,41200.0,767.0,0.312,6.6,0,business,0
46600.0,22600.0,828.0,0.392,0.4,1,medical,0
75800.0,43800.0,562.0,0.328,2.1,0,education,1
68700.0,60000.0,653.0,0.262,6.3,1,home_improvement,1
38300.0,11500.0,628.0,0.196,1.5,2,education,0
49800.0,36600.0,692.0,0.233,8.5,1,home_improvement,0
91300.0,46100.0,681.0,0.306,0.2,0,debt_consolidation,0
66000.0,15900.0,664.0,0.209,20.1,1,medical,0
26900.0,16500.0,752.0,0.375,12.4,0,home_improvement,0
75200.0,55200.0,603.0,0.323,8.2,0,debt_consolidation,1
31500.0,17500.0,607.0,0.394,1.8,0,education,0
109800.0,60000.0,608.0,0.216,0.2,1,debt_consolidation,0
90400.0,35500.0,655.0,0.197,1.3,0,education,1
62600.0,52000.0,594.0,0.394,5.5,1,home_improvement,1
58600.0,36300.0,677.0,0.293,3.7,0,education,0
48800.0,36200.0,668.0,0.26,0.5,0,debt_consolidation,0
76100.0,24200.0,625.0,0.35,0.5,1,education,0
45000.0,20600.0,741.0,0.346,8.9,0,education,0
60900.0,50400.0,676.0,0.154,2.3,0,education,0
83800.0,11800.0,754.0,0.418,2.2,0,home_improvement,0
40900.0,17300.0,666.0,0.239,3.0,2,education,0
39800.0,28800.0,678.0,0.45,15.5,0,home_improvement,0
29800.0,20700.0,641.0,0.147,10.1,0,debt_consolidation,0
31800.0,24800.0,680.0,0.312,17.9,0,debt_consolidation,0
21700.0,15000.0,730.0,0.261,11.9,0,home_improvement,0
78000.0,60000.0,651.0,0.082,3.4,0,medical,0
133800.0,60000.0,716.0,0.346,4.1,0,debt_consolidation,0
110500.0,60000.0,623.0,0.088,4.5,1,education,0
24000.0,18700.0,733.0,0.251,3.7,0,education,0
77800.0,51500.0,639.0,0.39,4.9,0,debt_consolidation,1
110300.0,20000.0,740.0,0.227,5.3,0,debt_consolidation,0
43100.0,17000.0,684.0,0.19,7.9,0,home_improvement,0
57000.0,30900.0,786.0,0.36,3.2,0,debt_consolidation,1
19900.0,14000.0,599.0,0.255,6.7,1,debt_consolidation,1
61900.0,33100.0,577.0,0.239,3.4,0,medical,0
31800.0,23000.0,637.0,0.407,16.3,0,business,1
59900.0,46100.0,583.0,0.163,5.6,0,debt_consolidation,1
24800.0,7700.0,583.0,0.234,5.1,1,debt_consolidation,0
71100.0,42200.0,724.0,0.367,2.8,1,education,0
90400.0,49300.0,680.0,0.157,0.9,0,business,0
36600.0,10300.0,646.0,0.458,0.6,0,business,1
30700.0,15100.0,653.0,0.258,0.9,0,business,0
18400.0,9900.0,638.0,0.367,10.5,0,home_improvement,0
47400.0,35700.0,796.0,0.367,0.9,0,business,0
40500.0,19000.0,629.0,0.265,10.2,0,debt_consolidation,0
24900.0,4100.0,587.0,0.232,2.8,1,debt_consolidation,1
67900.0,33300.0,736.0,0.276,8.3,0,education,0
43300.0,33400.0,665.0,0.351,4.5,1,home_improvement,1
31600.0,17600.0,823.0,0.181,4.8,0,medical,0
41100.0,14600.0,643.0,0.16,6.9,0,education,0
92600.0,60000.0,739.0,0.428,2.0,0,medical,0
73200.0,16400.0,756.0,0.207,0.4,0,debt_consolidation,0
50800.0,18400.0,644.0,0.315,5.3,0,debt_consolidation,0
73800.0,33200.0,628.0,0.26,2.3,1,medical,0
30300.0,20900.0,732.0,0.264,4.2,0,home_improvement,0
55100.0,42300.0,720.0,0.423,5.9,0,debt_consolidation,1
58300.0,8600.0,581.0,0.271,1.3,0,debt_consolidation,0
42800.0,31400.0,601.0,0.244,2.7,0,medical,0
67400.0,45600.0,502.0,0.253,2.1,0,business,0
36700.0,29900.0,722.0,0.23,0.4,0,medical,0
69900.0,57300.0,662.0,0.213,3.0,0,education,0
71400.0,51600.0,669.0,0.23,5.8,0,medical,1
12600.0,3200.0,562.0,0.446,0.0,0,debt_consolidation,1
98200.0,34500.0,603.0,0.351,2.6,0,home_improvement,0
11800.0,10000.0,647.0,0.245,2.1,0,home_improvement,1
39800.0,23000.0,633.0,,4.3,0,business,1
90500.0,48100.0,688.0,0.121,0.7,0,debt_consolidation,0
46200.0,38500.0,721.0,0.418,1.3,0,business,1
26000.0,20800.0,839.0,0.41,5.5,0,education,0
31400.0,21400.0,679.0,0.504,2.8,0,debt_consolidation,1
90500.0,60000.0,758.0,0.381,3.6,2,home_improvement,0
20700.0,4000.0,622.0,0.324,4.8,0,debt_consolidation,1
95300.0,60000.0,563.0,0.409,0.5,1,education,0
52700.0,46000.0,655.0,0.217,5.1,0,home_improvement,1
29800.0,4100.0,568.0,0.24,5.7,0,medical,1
40500.0,11300.0,681.0,0.274,3.2,0,home_improvement,0
32600.0,24000.0,625.0,0.417,4.3,0,medical,0
83500.0,43100.0,543.0,0.194,11.3,0,debt_consolidation,0
78100.0,13200.0,802.0,0.184,10.5,0,business,0
22900.0,7200.0,642.0,0.304,5.3,0,business,0
44300.0,15900.0,565.0,0.352,7.3,0,education,0
35200.0,12600.0,743.0,0.21,10.4,0,debt_consolidation,0
103400.0,60000.0,629.0,0.347,8.4,0,business,1
27600.0,17400.0,756.0,0.417,5.7,0,medical,0
120800.0,60000.0,629.0,0.4,7.2,0,business,1
53300.0,5900.0,642.0,0.315,6.1,1,debt_consolidation,0
30300.0,13400.0,704.0,0.271,4.1,0,medical,0
38600.0,13700.0,722.0,0.454,3.6,0,debt_consolidation,0
36300.0,28400.0,734.0,0.282,9.4,0,home_improvement,1
28600.0,24700.0,674.0,0.374,7.7,0,education,0
56800.0,24900.0,717.0,0.476,1.6,0,home_improvement,0
29300.0,25700.0,732.0,0.364,8.6,1,debt_consolidation,0
18200.0,2000.0,694.0,0.18,20.7,0,home_improvement,0
44800.0,16200.0,670.0,0.156,3.9,1,debt_consolidation,0
22000.0,15800.0,579.0,0.25,3.7,0,education,0
37200.0,14400.0,722.0,0.351,2.8,0,debt_consolidation,0
34400.0,28800.0,683.0,0.324,6.7,0,home_improvement,1
35000.0,9600.0,651.0,0.501,1.2,0,home_improvement,1
147300.0,60000.0,769.0,0.324,0.6,1,business,0
55700.0,14600.0,580.0,0.247,2.7,0,home_improvement,0
61200.0,15800.0,795.0,0.167,15.4,0,home_improvement,0
22300.0,10200.0,678.0,0.398,4.4,0,business,0
39100.0,33500.0,702.0,0.279,7.2,1,business,1
60300.0,34300.0,652.0,0.129,6.3,0,education,0
32500.0,19800.0,563.0,0.282,1.9,0,home_improvement,0
85300.0,9200.0,670.0,0.18,5.8,1,debt_consolidation,0
29700.0,4300.0,703.0,0.237,1.0,0,education,0
46900.0,7200.0,727.0,0.281,0.3,0,medical,0
40400.0,30500.0,666.0,0.189,1.1,0,business,0
58800.0,17000.0,527.0,0.231,4.8,0,debt_consolidation,0
39300.0,14300.0,572.0,0.206,2.4,0,debt_consolidation,0
47300.0,27800.0,824.0,0.208,3.2,2,business,0
48100.0,27300.0,604.0,0.179,3.0,0,business,0
37500.0,16100.0,780.0,0.232,3.0,1,education,0
69000.0,7100.0,615.0,,6.8,0,debt_consolidation,0
61000.0,28000.0,667.0,0.339,,2,education,0
51800.0,35800.0,724.0,0.3,17.4,0,home_improvement,0
43700.0,12600.0,623.0,0.399,3.1,0,debt_consolidation,1
80700.0,53800.0,791.0,0.469,5.0,2,debt_consolidation,1
48200.0,5400.0,685.0,0.348,8.5,0,debt_consolidation,0
46500.0,38400.0,712.0,0.325,0.2,0,home_improvement,0
57100.0,49100.0,661.0,0.354,0.3,0,debt_consolidation,0
126500.0,12900.0,726.0,0.327,5.0,0,home_improvement,0
27700.0,12900.0,791.0,0.285,0.5,1,debt_consolidation,1
79600.0,34300.0,671.0,0.277,2.0,1,home_improvement,0
21000.0,16200.0,801.0,0.178,12.5,0,business,0
60400.0,32200.0,637.0,0.364,12.8,0,education,1
119100.0,60000.0,733.0,0.277,,0,debt_consolidation,0
69200.0,18100.0,714.0,0.425,2.9,1,education,0
59000.0,9500.0,605.0,0.372,3.9,1,debt_consolidation,0
40900.0,26700.0,695.0,0.217,10.2,1,home_improvement,0
55000.0,32800.0,681.0,0.405,9.2,0,debt_consolidation,0
47800.0,36600.0,620.0,0.024,,0,business,0
36600.0,28400.0,705.0,0.473,3.2,0,debt_consolidation,1
46900.0,28400.0,690.0,0.146,2.4,0,business,1
59800.0,31700.0,675.0,0.33,5.6,2,education,0
36900.0,30700.0,675.0,0.323,2.5,0,debt_consolidation,0
36200.0,26800.0,674.0,0.392,0.6,0,business,1
27400.0,22100.0,654.0,0.247,3.2,1,home_improvement,0
65900.0,59100.0,690.0,0.065,2.0,0,education,1
71200.0,30100.0,635.0,0.247,12.3,0,medical,0
60800.0,41000.0,850.0,0.258,2.2,0,debt_consolidation,0
87800.0,57100.0,581.0,0.075,0.8,0,debt_consolidation,0
56600.0,13500.0,639.0,0.285,16.0,0,business,0
65900.0,40100.0,645.0,0.172,11.8,0,debt_consolidation,0
63100.0,27900.0,823.0,0.345,2.2,1,business,1
51800.0,23900.0,588.0,0.255,1.7,2,debt_consolidation,0
41500.0,10100.0,710.0,0.476,2.5,0,home_improvement,0
163900.0,60000.0,697.0,0.254,7.7,0,home_improvement,0
43200.0,28400.0,703.0,0.323,7.7,1,home_improvement,0
38800.0,20400.0,767.0,0.259,0.1,1,business,0
67300.0,15200.0,765.0,0.118,6.2,0,debt_consolidation,0
61400.0,33500.0,648.0,0.26,0.4,0,education,0
26800.0,4800.0,694.0,0.355,2.6,0,debt_consolidation,0
95000.0,35300.0,550.0,0.34,1.3,0,debt_consolidation,1
51700.0,20600.0,687.0,0.251,1.0,0,debt_consolidation,0
31100.0,25100.0,624.0,0.134,4.1,1,home_improvement,0
98200.0,42500.0,667.0,0.344,7.7,0,education,0
74100.0,42900.0,562.0,0.322,2.9,1,debt_consolidation,1
28800.0,23000.0,708.0,0.364,6.9,0,business,0
131700.0,58000.0,561.0,0.253,3.8,0,debt_consolidation,0
75300.0,60000.0,690.0,0.112,4.5,0,medical,0
53900.0,11300.0,594.0,0.333,1.7,0,debt_consolidation,0
120000.0,47000.0,621.0,0.279,12.9,0,education,0
58700.0,10300.0,761.0,0.419,,0,debt_consolidation,0
53400.0,29300.0,721.0,0.283,3.6,0,home_improvement,0
38900.0,33700.0,760.0,0.275,3.3,0,medical,0
72500.0,45400.0,789.0,0.322,0.1,0,education,1
68800.0,41300.0,626.0,0.22,2.1,0,debt_consolidation,0
54600.0,17600.0,785.0,0.215,10.8,0,education,0
36500.0,30800.0,577.0,0.27,9.6,1,home_improvement,1
57800.0,27600.0,732.0,0.188,2.7,2,debt_consolidation,0
52300.0,16400.0,645.0,0.257,0.3,0,education,0
27800.0,24700.0,615.0,0.474,12.3,0,business,1
26000.0,11400.0,723.0,0.384,1.4,0,debt_consolidation,0
71900.0,28600.0,746.0,0.311,1.0,2,education,1
14800.0,1900.0,744.0,0.435,16.6,1,medical,0
60000.0,14600.0,695.0,0.198,3.4,0,home_improvement,0
42700.0,31900.0,689.0,0.529,8.4,1,home_improvement,0
104200.0,50700.0,717.0,0.234,8.5,2,debt_consolidation,0
42300.0,36500.0,701.0,0.48,11.6,0,debt_consolidation,1
75300.0,12600.0,718.0,0.48,1.0,1,debt_consolidation,1
44400.0,26300.0,694.0,0.105,2.4,0,education,0
57300.0,38700.0,739.0,0.427,0.3,0,debt_consolidation,0
78300.0,46700.0,566.0,0.252,4.9,0,home_improvement,0
43000.0,22500.0,671.0,0.223,,0,home_improvement,0
89200.0,50200.0,583.0,0.332,4.6,0,debt_consolidation,1
33000.0,21500.0,699.0,0.179,4.9,2,education,1
62800.0,49700.0,795.0,0.33,7.7,0,education,0
85900.0,31700.0,647.0,0.186,3.7,0,home_improvement,1
75400.0,35300.0,689.0,0.298,2.9,0,home_improvement,1
141200.0,60000.0,733.0,0.414,4.0,0,debt_consolidation,0
37000.0,13000.0,535.0,0.319,1.6,1,home_improvement,1
27200.0,6600.0,643.0,0.244,1.7,2,medical,0
33000.0,28800.0,706.0,0.334,2.8,2,education,0
75400.0,19300.0,477.0,0.139,3.2,0,education,0
69500.0,19900.0,612.0,0.196,7.0,1,debt_consolidation,1
57000.0,33900.0,757.0,0.237,3.4,0,medical,0
30900.0,5000.0,750.0,0.359,11.8,0,debt_consolidation,0
79500.0,10100.0,706.0,0.321,5.2,0,debt_consolidation,0
29400.0,4400.0,742.0,0.334,8.6,0,debt_consolidation,0
96700.0,19200.0,695.0,0.277,1.4,0,medical,0
226100.0,60000.0,719.0,0.201,4.8,0,education,0
65100.0,49700.0,658.0,0.429,17.4,1,medical,1
72500.0,27100.0,688.0,0.21,0.2,0,home_improvement,1
42300.0,18700.0,636.0,0.322,3.8,0,business,0
21900.0,12700.0,768.0,0.269,2.7,3,home_improvement,0
40100.0,13700.0,787.0,0.336,0.4,0,education,0
31400.0,14000.0,777.0,0.219,0.5,0,debt_consolidation,0
26300.0,10800.0,651.0,0.385,4.3,0,education,1
128200.0,47900.0,613.0,0.418,6.3,0,home_improvement,1
62100.0,25500.0,769.0,0.379,11.9,0,debt_consolidation,0
65500.0,7100.0,718.0,0.296,8.3,0,debt_consolidation,0
46400.0,37500.0,703.0,0.236,16.4,0,debt_consolidation,0
49700.0,43800.0,636.0,0.562,0.2,0,debt_consolidation,1
87800.0,60000.0,710.0,0.181,17.6,1,education,0
53300.0,5600.0,604.0,0.368,4.8,0,home_improvement,0
70600.0,49500.0,724.0,0.313,4.5,0,business,0
49100.0,27400.0,777.0,,2.2,0,home_improvement,0
45700.0,8000.0,794.0,0.299,5.8,1,education,0
26800.0,22700.0,730.0,0.229,15.1,0,education,1
20200.0,14600.0,583.0,0.323,5.2,1,education,0
47500.0,10300.0,694.0,0.312,1.5,0,debt_consolidation,0
55700.0,48500.0,830.0,0.548,5.3,0,home_improvement,0
28500.0,5700.0,619.0,0.387,3.7,0,debt_consolidation,0
53300.0,24700.0,676.0,0.332,1.9,0,education,0
55700.0,12700.0,779.0,0.338,,1,debt_consolidation,0
18400.0,4100.0,723.0,0.464,2.8,0,home_improvement,1
34300.0,30000.0,850.0,0.183,1.5,0,business,0
66400.0,37000.0,629.0,0.262,0.2,0,education,0
65700.0,20200.0,611.0,0.089,0.8,0,debt_consolidation,0
30400.0,21900.0,766.0,,9.9,1,home_improvement,0
58600.0,46900.0,596.0,0.365,2.9,1,education,1
90300.0,60000.0,666.0,0.18,1.7,0,business,0
79900.0,60000.0,675.0,0.424,3.9,0,medical,0
51700.0,42600.0,753.0,0.208,5.6,0,debt_consolidation,0
42900.0,26200.0,723.0,0.246,5.0,0,business,1
39600.0,14800.0,712.0,0.292,1.7,0,debt_consolidation,0
68500.0,57600.0,652.0,0.439,24.7,2,debt_consolidation,0
59700.0,11800.0,765.0,0.194,1.7,0,debt_consolidation,0
74200.0,17400.0,850.0,0.309,1.9,0,debt_consolidation,0
57900.0,25900.0,728.0,0.357,2.7,0,home_improvement,1
81600.0,26700.0,687.0,0.337,,0,debt_consolidation,0
56800.0,33700.0,589.0,0.341,4.2,1,debt_consolidation,0
80200.0,60000.0,635.0,0.356,1.0,1,debt_consolidation,1
83700.0,41200.0,665.0,0.225,2.4,0,business,0
36200.0,19700.0,643.0,0.449,1.2,2,education,0
21900.0,9600.0,679.0,0.269,2.7,0,education,0
117200.0,60000.0,804.0,0.256,2.4,0,medical,0
61600.0,11100.0,767.0,0.415,0.3,0,education,0
23000.0,3200.0,669.0,0.217,1.8,1,debt_consolidation,0
37900.0,23200.0,595.0,0.312,5.7,1,business,1
79700.0,42100.0,774.0,0.208,9.8,0,home_improvement,0
47100.0,20100.0,677.0,0.532,2.2,0,home_improvement,0
41900.0,15400.0,559.0,0.511,2.8,1,business,1
109100.0,15400.0,730.0,0.269,8.7,0,debt_consolidation,0
32100.0,20700.0,752.0,0.332,6.1,1,debt_consolidation,0
36300.0,15900.0,510.0,0.281,13.3,1,business,0
60200.0,27500.0,622.0,0.245,2.8,1,home_improvement,0
65900.0,53700.0,672.0,0.292,0.6,0,home_improvement,1
69400.0,47900.0,731.0,0.276,0.8,0,business,0
85400.0,23500.0,644.0,0.128,2.5,0,business,0
59800.0,37400.0,622.0,0.306,7.7,0,business,0
69200.0,14200.0,731.0,0.276,8.5,0,debt_consolidation,0
47600.0,12100.0,647.0,0.311,1.6,0,medical,0
55900.0,37500.0,718.0,0.272,1.2,0,education,0
57200.0,11500.0,602.0,0.244,9.7,1,education,1
60300.0,19500.0,585.0,0.367,6.0,0,debt_consolidation,1
79700.0,60000.0,733.0,0.333,0.6,1,home_improvement,0
71500.0,49400.0,698.0,0.42,2.8,1,debt_consolidation,0
55400.0,46700.0,745.0,0.329,4.7,0,business,0
36200.0,29200.0,643.0,0.26,10.2,1,home_improvement,1
56000.0,19600.0,624.0,0.342,0.6,0,education,0
53400.0,32400.0,775.0,0.082,10.0,0,debt_consolidation,0
59700.0,24100.0,573.0,0.49,0.9,0,home_improvement,1
163300.0,60000.0,768.0,0.307,1.8,0,home_improvement,0
41700.0,15800.0,772.0,0.498,7.5,1,medical,0
66900.0,6800.0,740.0,0.193,18.4,0,education,0
92400.0,16200.0,632.0,0.168,0.2,0,debt_consolidation,0
56900.0,40800.0,623.0,0.317,14.8,0,home_improvement,1
174400.0,29200.0,665.0,0.316,1.7,0,debt_consolidation,1
44800.0,26000.0,589.0,0.314,5.1,0,home_improvement,0
63700.0,50100.0,613.0,0.299,2.4,0,home_improvement,0
36300.0,25200.0,725.0,0.217,4.7,0,debt_consolidation,0
45400.0,19600.0,725.0,0.131,5.5,2,debt_consolidation,1
61400.0,16400.0,607.0,0.308,7.0,0,education,1
82700.0,60000.0,727.0,0.152,0.1,0,home_improvement,0
63500.0,35100.0,712.0,0.142,4.9,0,debt_consolidation,1
101700.0,43200.0,786.0,0.242,2.2,1,home_improvement,1
51700.0,44100.0,720.0,0.323,3.3,0,home_improvement,0
45900.0,12500.0,754.0,0.479,14.4,1,debt_consolidation,1
209400.0,60000.0,713.0,0.378,7.0,0,debt_consolidation,0
66000.0,12300.0,749.0,0.423,2.8,0,debt_consolidation,1
37800.0,7600.0,590.0,0.345,4.5,0,medical,0
38300.0,16000.0,671.0,0.317,9.2,0,debt_consolidation,1
33800.0,22300.0,677.0,0.531,11.7,0,business,0
86500.0,32100.0,663.0,0.148,2.2,0,home_improvement,0
45200.0,29500.0,711.0,0.239,0.5,0,medical,1
57700.0,42900.0,724.0,0.246,5.8,0,business,0
52500.0,42100.0,707.0,0.369,2.6,0,debt_consolidation,1
78100.0,10600.0,668.0,0.182,0.7,1,home_improvement,0
35500.0,25500.0,628.0,0.356,5.0,1,debt_consolidation,0
31600.0,6900.0,757.0,0.338,1.0,1,debt_consolidation,0
60600.0,39900.0,704.0,0.361,0.9,0,medical,0
73200.0,29100.0,609.0,0.36,8.0,0,debt_consolidation,0
64000.0,42600.0,666.0,0.434,4.0,0,business,0
36100.0,9800.0,558.0,0.275,3.5,0,medical,0
76000.0,46800.0,682.0,0.333,1.4,0,education,0
37300.0,7500.0,666.0,0.206,6.0,0,home_improvement,0
41700.0,9800.0,640.0,0.184,3.8,0,medical,1
33800.0,20000.0,791.0,0.456,3.9,0,debt_consolidation,0
103800.0,38300.0,599.0,0.199,1.2,0,education,0
74400.0,49300.0,729.0,0.344,17.0,0,debt_consolidation,0
73300.0,47500.0,833.0,0.333,5.9,0,debt_consolidation,0
101100.0,60000.0,755.0,0.397,1.2,0,debt_consolidation,1
221100.0,60000.0,678.0,0.114,2.8,1,debt_consolidation,0
23000.0,16900.0,601.0,0.369,11.0,0,debt_consolidation,0
37500.0,31100.0,585.0,0.274,11.6,0,education,0
39800.0,6500.0,651.0,0.22,3.5,0,home_improvement,0
35400.0,19700.0,632.0,0.255,17.9,0,business,0
31600.0,22100.0,630.0,0.384,4.5,1,medical,0
46600.0,12700.0,657.0,0.353,2.6,0,medical,0
29500.0,9200.0,673.0,0.267,1.1,0,business,0
64100.0,20100.0,714.0,0.166,3.1,0,medical,0
55600.0,31000.0,593.0,0.173,14.4,1,debt_consolidation,0
68900.0,27100.0,632.0,0.355,11.8,1,debt_consolidation,1
69800.0,44200.0,669.0,0.152,11.5,0,home_improvement,0
73200.0,43100.0,666.0,0.268,1.2,0,debt_consolidation,0
44900.0,28100.0,809.0,0.548,5.7,0,business,0
156500.0,47200.0,696.0,0.326,10.6,0,home_improvement,0
60900.0,43500.0,567.0,0.354,12.3,0,business,1
21300.0,13400.0,709.0,0.174,3.9,0,debt_consolidation,0
32800.0,6700.0,718.0,0.157,5.4,0,business,0
22700.0,5900.0,671.0,0.36,0.2,0,debt_consolidation,1
54600.0,18600.0,595.0,0.252,9.4,0,home_improvement,0
51000.0,43300.0,803.0,0.397,7.7,0,business,0
42900.0,15500.0,605.0,0.294,9.0,0,home_improvement,0
148100.0,17200.0,726.0,0.636,0.6,1,education,0
71300.0,15200.0,694.0,0.233,17.9,0,debt_consolidation,0
77900.0,9800.0,722.0,0.319,1.7,0,medical,0
34000.0,14400.0,799.0,0.201,2.9,0,education,0
32900.0,24300.0,719.0,0.393,4.6,2,medical,1
55200.0,25400.0,641.0,0.334,5.9,0,home_improvement,0
59100.0,45600.0,757.0,0.194,5.1,0,education,1
21400.0,3000.0,636.0,0.258,1.9,1,home_improvement,0
49500.0,23600.0,691.0,0.427,10.0,0,home_improvement,0
54600.0,39800.0,589.0,0.415,1.4,0,education,1
48700.0,31200.0,608.0,0.149,0.9,0,debt_consolidation,0
36100.0,28200.0,684.0,0.243,3.6,1,medical,1
41400.0,13200.0,706.0,0.472,0.8,1,debt_consolidation,0
49600.0,24800.0,561.0,0.273,17.3,0,debt_consolidation,1
56700.0,36400.0,715.0,0.308,6.1,1,education,0
73300.0,17200.0,623.0,0.393,1.8,1,education,1
93000.0,60000.0,770.0,0.157,2.0,0,education,0
46800.0,16300.0,655.0,0.196,9.2,0,business,0
43100.0,7500.0,601.0,0.258,1.9,1,home_improvement,0
67400.0,48000.0,685.0,0.41,3.9,0,business,1
73500.0,48800.0,616.0,0.392,10.3,1,home_improvement,1
43600.0,35200.0,769.0,0.362,3.6,1,debt_consolidation,0
80400.0,60000.0,680.0,0.276,3.7,1,education,1
88400.0,28500.0,669.0,0.403,1.9,0,debt_consolidation,0
103300.0,60000.0,721.0,0.275,4.5,1,business,0
131800.0,60000.0,610.0,0.348,4.5,0,home_improvement,0
35100.0,10400.0,590.0,0.381,19.7,1,debt_consolidation,0
54600.0,26100.0,709.0,0.46,7.5,1,education,0
54500.0,45100.0,603.0,0.284,6.4,0,debt_consolidation,1
51600.0,9400.0,603.0,,0.4,0,debt_consolidation,0
39200.0,33000.0,739.0,0.42,6.1,0,debt_consolidation,0
25800.0,12700.0,717.0,0.427,1.1,1,business,0
56700.0,46200.0,592.0,0.236,5.1,0,debt_consolidation,1
36900.0,22000.0,637.0,0.179,,1,home_improvement,1
56600.0,36100.0,617.0,0.412,0.7,0,home_improvement,0
36400.0,26100.0,804.0,0.126,11.0,1,business,0
31300.0,4800.0,743.0,0.121,3.3,0,business,0
60900.0,36700.0,651.0,0.263,3.8,0,business,1
58400.0,49000.0,720.0,0.29,10.0,0,home_improvement,0
72400.0,60000.0,585.0,0.174,8.6,0,home_improvement,1
161600.0,60000.0,633.0,0.302,5.4,0,medical,1
62200.0,38400.0,687.0,0.307,2.6,0,debt_consolidation,0
69000.0,41900.0,712.0,0.232,4.9,0,debt_consolidation,0
31600.0,17100.0,673.0,0.483,8.1,0,business,0
28500.0,16700.0,697.0,0.323,14.0,0,debt_consolidation,0
119500.0,60000.0,685.0,0.393,6.7,1,debt_consolidation,1
34100.0,4600.0,669.0,0.134,0.4,1,debt_consolidation,1
32100.0,5500.0,659.0,0.134,12.0,0,debt_consolidation,0
53100.0,31600.0,650.0,0.326,0.0,0,business,1
51800.0,18200.0,696.0,0.465,8.8,0,debt_consolidation,0
34500.0,11800.0,709.0,0.179,4.0,0,home_improvement,0
46500.0,11800.0,694.0,0.294,6.7,0,debt_consolidation,0
100200.0,60000.0,597.0,0.156,0.7,1,home_improvement,1
36200.0,31500.0,610.0,0.208,3.7,0,medical,0
27000.0,16300.0,708.0,0.299,3.4,0,education,1
86800.0,60000.0,783.0,0.231,2.7,0,home_improvement,0
69300.0,55900.0,691.0,0.149,3.0,2,home_improvement,0
39700.0,10900.0,651.0,0.147,7.8,0,debt_consolidation,0
24600.0,5500.0,696.0,0.091,6.9,1,home_improvement,0
37300.0,10000.0,600.0,0.328,1.7,1,business,0
52700.0,9300.0,772.0,0.34,2.6,1,medical,0
97000.0,54900.0,693.0,0.339,4.0,1,debt_consolidation,0
32300.0,10500.0,633.0,0.189,2.3,0,medical,1
51900.0,43100.0,668.0,0.381,23.4,1,medical,1
75900.0,44800.0,643.0,0.351,1.5,1,medical,1
16500.0,6400.0,772.0,0.281,2.6,0,medical,0
90800.0,60000.0,666.0,0.264,8.9,0,business,1
30000.0,25900.0,691.0,0.215,21.8,0,debt_consolidation,0
64000.0,46300.0,720.0,0.299,2.8,0,debt_consolidation,0
61300.0,45000.0,628.0,0.442,3.4,1,business,1
93200.0,60000.0,694.0,0.394,9.4,0,home_improvement,0
71400.0,41400.0,699.0,0.254,0.0,0,education,0
16500.0,13300.0,571.0,0.334,1.0,0,debt_consolidation,1
36600.0,5600.0,698.0,0.17,9.3,0,debt_consolidation,1
58100.0,31600.0,677.0,0.353,1.5,1,business,0
49100.0,24600.0,689.0,0.197,3.8,0,debt_consolidation,0
68800.0,9000.0,682.0,0.349,,1,home_improvement,0
80400.0,13600.0,698.0,0.577,1.1,0,debt_consolidation,1
73400.0,8600.0,774.0,0.223,1.8,0,business,0
48700.0,16300.0,597.0,,17.5,1,debt_consolidation,0
21500.0,3100.0,656.0,0.329,12.2,0,business,0
43100.0,18900.0,727.0,0.205,2.8,0,debt_consolidation,0
66700.0,50000.0,714.0,0.2,3.0,0,business,1
31400.0,18600.0,712.0,0.516,0.9,0,debt_consolidation,0
74300.0,47500.0,850.0,0.329,7.4,0,business,0
85300.0,10700.0,723.0,0.223,0.4,0,home_improvement,1
57700.0,44500.0,759.0,0.26,15.6,1,debt_consolidation,0
11700.0,2500.0,659.0,0.323,2.6,0,debt_consolidation,0
28600.0,9800.0,610.0,0.279,0.4,1,medical,1
139100.0,60000.0,658.0,0.315,6.4,0,education,1
41200.0,34800.0,730.0,0.457,8.2,1,debt_consolidation,0
20100.0,18100.0,708.0,0.167,2.7,0,debt_consolidation,0
100500.0,60000.0,708.0,0.344,5.3,1,medical,0
54500.0,37200.0,665.0,0.273,4.0,0,education,1
94100.0,49100.0,654.0,0.23,10.2,0,education,0
62200.0,39300.0,667.0,0.387,3.3,0,home_improvement,0
68100.0,14700.0,731.0,0.134,15.1,0,debt_consolidation,0
65000.0,20500.0,739.0,0.043,7.8,0,debt_consolidation,0
76800.0,60000.0,610.0,0.302,4.5,0,debt_consolidation,0
169200.0,60000.0,733.0,0.266,1.6,0,business,0
88000.0,31500.0,634.0,0.145,1.2,1,debt_consolidation,0
24600.0,7200.0,713.0,0.109,9.6,0,home_improvement,0
67700.0,19200.0,667.0,0.473,1.4,0,debt_consolidation,1
95900.0,46800.0,790.0,0.326,3.3,0,debt_consolidation,0
98800.0,27600.0,651.0,0.282,1.8,0,education,0
43800.0,27100.0,693.0,0.5,2.8,0,education,1
97000.0,15500.0,722.0,0.382,0.1,0,medical,0
86200.0,15800.0,619.0,0.457,1.2,0,debt_consolidation,0
196100.0,60000.0,675.0,0.162,5.5,0,business,0
37200.0,26900.0,661.0,0.158,6.8,0,business,0
42000.0,15100.0,644.0,0.342,11.3,1,business,0
46500.0,22200.0,649.0,0.321,1.4,1,debt_consolidation,0
42400.0,26500.0,758.0,0.405,0.5,0,home_improvement,0
34700.0,25400.0,638.0,0.117,1.0,1,business,0
13600.0,4700.0,720.0,0.35,3.5,1,medical,0
43600.0,29900.0,702.0,0.379,1.0,1,debt_consolidation,0
65200.0,21400.0,582.0,0.374,3.2,0,business,0
42300.0,26000.0,716.0,0.239,8.2,0,medical,0
142600.0,60000.0,581.0,0.332,9.8,0,medical,0
54500.0,45900.0,724.0,0.202,5.3,0,home_improvement,1
103300.0,60000.0,644.0,0.251,3.8,1,education,0
61700.0,44400.0,681.0,0.176,3.4,1,education,0
81900.0,60000.0,589.0,0.204,4.3,0,debt_consolidation,1
62300.0,13000.0,689.0,0.256,3.2,0,medical,0
107400.0,60000.0,745.0,0.231,0.1,1,debt_consolidation,0
55700.0,14400.0,624.0,0.204,3.1,0,debt_consolidation,0
69400.0,22300.0,637.0,0.15,1.6,0,business,0
65100.0,33700.0,712.0,0.476,0.1,0,debt_consolidation,1
46900.0,32500.0,714.0,0.23,1.3,1,debt_consolidation,0
66300.0,44900.0,510.0,0.313,4.7,0,medical,0
165600.0,60000.0,821.0,0.104,0.0,2,medical,0
47300.0,25900.0,717.0,0.416,0.5,1,medical,0
66800.0,56200.0,729.0,0.297,1.9,0,debt_consolidation,0
101600.0,60000.0,670.0,0.236,4.2,0,education,0
95800.0,60000.0,550.0,0.236,4.0,0,debt_consolidation,1
54500.0,15500.0,727.0,0.367,3.6,0,debt_consolidation,0
16500.0,8700.0,640.0,0.02,5.0,0,debt_consolidation,0
70100.0,48300.0,718.0,0.198,0.1,0,home_improvement,0
17900.0,15800.0,665.0,0.268,0.5,1,education,1
113000.0,12400.0,697.0,0.267,11.9,0,debt_consolidation,0
59000.0,21300.0,626.0,0.531,1.6,0,business,0
89300.0,33400.0,741.0,0.246,6.8,3,business,1
34500.0,11400.0,597.0,0.379,0.3,0,debt_consolidation,1
24900.0,18800.0,837.0,0.461,2.6,0,medical,0
61700.0,8400.0,837.0,0.347,3.1,0,education,0
53300.0,20700.0,794.0,0.213,5.0,1,home_improvement,0
42400.0,28400.0,769.0,0.152,9.9,0,home_improvement,0
56500.0,24000.0,674.0,0.355,2.6,0,education,0
216100.0,46500.0,762.0,0.445,0.8,1,debt_consolidation,0
82200.0,48400.0,673.0,0.335,3.1,2,education,0
91600.0,47500.0,571.0,0.403,0.3,1,debt_consolidation,0
82600.0,60000.0,785.0,0.539,8.1,0,debt_consolidation,0
113500.0,60000.0,759.0,0.364,3.0,0,home_improvement,0
49300.0,43800.0,678.0,0.17,0.5,0,debt_consolidation,0
19400.0,4800.0,594.0,0.285,1.4,0,education,0
49300.0,35000.0,639.0,0.417,5.3,1,education,0
81300.0,44000.0,553.0,0.255,4.8,0,debt_consolidation,1
33400.0,22400.0,746.0,0.431,0.7,0,business,0
49600.0,23500.0,568.0,0.273,0.3,0,debt_consolidation,0
38300.0,10300.0,700.0,0.313,8.4,0,education,0
114800.0,15700.0,621.0,0.245,0.0,1,debt_consolidation,1
78800.0,60000.0,580.0,0.296,2.2,1,debt_consolidation,1
75000.0,56400.0,697.0,0.301,2.0,0,business,0
73900.0,17000.0,657.0,0.119,2.0,0,business,0
53200.0,32800.0,739.0,0.236,1.6,1,debt_consolidation,0
59800.0,41300.0,591.0,0.157,4.7,0,debt_consolidation,1
30000.0,16400.0,627.0,0.239,9.1,1,education,0
18200.0,6400.0,513.0,0.2,4.5,1,debt_consolidation,1
58400.0,47000.0,527.0,0.381,2.8,1,business,1
63700.0,39100.0,806.0,0.382,6.6,0,debt_consolidation,0
99200.0,60000.0,826.0,0.336,1.5,1,debt_consolidation,1
118900.0,60000.0,686.0,0.153,2.1,1,debt_consolidation,0
118800.0,60000.0,622.0,0.27,3.2,0,debt_consolidation,0
32900.0,7100.0,659.0,0.145,9.8,1,business,0
45400.0,38000.0,741.0,0.265,0.3,0,education,0
68900.0,22600.0,644.0,0.345,0.8,0,debt_consolidation,0
192100.0,60000.0,697.0,0.379,3.5,0,debt_consolidation,0
113600.0,60000.0,679.0,0.327,0.3,0,debt_consolidation,1
94800.0,58900.0,640.0,0.406,4.8,0,education,0
44600.0,25800.0,643.0,0.306,0.3,2,home_improvement,0
34800.0,6500.0,701.0,0.257,2.0,1,debt_consolidation,1
80400.0,36100.0,612.0,0.367,6.7,0,medical,1
31200.0,18400.0,712.0,0.371,4.8,1,education,0
48100.0,8000.0,647.0,0.228,5.4,1,business,0
51200.0,9700.0,689.0,0.318,8.0,0,home_improvement,0
120100.0,60000.0,777.0,0.251,7.1,0,debt_consolidation,0
45400.0,16600.0,668.0,0.079,8.9,1,debt_consolidation,0
16000.0,6100.0,744.0,0.324,5.6,0,business,0
69700.0,21000.0,555.0,0.151,0.8,0,debt_consolidation,0
38200.0,23600.0,647.0,0.313,1.2,0,debt_consolidation,1
55300.0,26500.0,682.0,0.126,6.2,0,home_improvement,0
51900.0,38000.0,815.0,0.208,11.6,1,home_improvement,0
47200.0,24100.0,543.0,0.237,2.7,0,home_improvement,0
80400.0,9000.0,673.0,0.4,4.1,1,education,1
25200.0,12300.0,782.0,0.227,9.1,0,debt_consolidation,0
41800.0,6000.0,625.0,0.173,6.2,0,education,0
76300.0,58100.0,665.0,0.316,7.7,0,business,0
39900.0,7600.0,703.0,0.258,0.9,1,debt_consolidation,0
24200.0,6600.0,693.0,0.359,0.6,1,debt_consolidation,0
75700.0,35400.0,790.0,0.179,12.1,0,business,0
95000.0,24300.0,711.0,0.301,1.9,0,debt_consolidation,0
53000.0,28200.0,773.0,0.527,1.2,0,home_improvement,0
20300.0,9500.0,655.0,0.256,0.3,0,debt_consolidation,0
77100.0,60000.0,628.0,0.299,0.4,0,home_improvement,1
23600.0,4000.0,664.0,0.114,4.5,0,education,0
63200.0,35500.0,599.0,0.195,17.2,0,medical,1
34800.0,23500.0,714.0,0.326,2.3,0,debt_consolidation,1
30300.0,6100.0,653.0,0.247,9.5,0,debt_consolidation,0
43400.0,26400.0,633.0,0.341,9.3,0,home_improvement,0
49400.0,39100.0,715.0,0.322,2.5,1,debt_consolidation,1
39300.0,28700.0,600.0,0.148,2.8,0,education,0
72700.0,60000.0,734.0,0.382,3.0,1,education,0
43300.0,29300.0,647.0,0.156,12.3,1,business,1
88400.0,36700.0,761.0,0.204,1.5,0,debt_consolidation,0
62400.0,52200.0,653.0,0.303,0.5,1,debt_consolidation,1
38200.0,10700.0,724.0,0.437,1.3,2,medical,1
35100.0,19900.0,693.0,0.18,4.8,0,home_improvement,0
23800.0,17000.0,732.0,0.295,5.0,0,debt_consolidation,0
62700.0,50000.0,688.0,0.296,,0,business,0
45400.0,37800.0,564.0,0.346,4.4,0,education,0
16500.0,2800.0,751.0,0.398,0.1,0,home_improvement,0
41400.0,28200.0,674.0,0.24,15.7,0,medical,0
34500.0,9100.0,735.0,0.381,21.1,1,home_improvement,0
119100.0,60000.0,728.0,0.413,3.5,0,debt_consolidation,1
23100.0,15300.0,626.0,0.458,2.1,0,debt_consolidation,1
26400.0,6500.0,616.0,0.33,0.6,0,home_improvement,1
94400.0,60000.0,726.0,0.296,0.3,0,home_improvement,0
106800.0,50100.0,659.0,0.233,0.6,0,education,0
37300.0,20000.0,746.0,0.134,12.9,0,home_improvement,0
39500.0,34600.0,668.0,0.252,15.7,0,debt_consolidation,0
73700.0,46100.0,752.0,0.291,1.2,0,education,0
16900.0,9600.0,710.0,0.269,1.6,1,debt_consolidation,0
21400.0,2400.0,700.0,0.34,5.3,0,medical,0
47100.0,12200.0,654.0,0.135,3.6,0,education,0
117600.0,14300.0,696.0,0.262,20.0,0,home_improvement,0
43600.0,16000.0,763.0,0.479,4.0,0,home_improvement,0
57000.0,21400.0,676.0,0.38,2.0,0,debt_consolidation,0
95500.0,50100.0,717.0,0.342,14.4,0,education,0
155400.0,60000.0,683.0,0.319,0.5,0,debt_consolidation,0
40600.0,9900.0,689.0,0.243,0.6,0,education,0
53700.0,31200.0,801.0,0.105,1.7,1,debt_consolidation,0
134700.0,60000.0,764.0,0.326,4.1,0,home_improvement,0
25300.0,6300.0,686.0,0.035,19.4,0,debt_consolidation,0
90600.0,56800.0,695.0,0.247,5.5,1,debt_consolidation,0
32600.0,4400.0,631.0,0.28,1.2,0,home_improvement,1
57000.0,29900.0,668.0,0.235,7.6,0,education,0
48000.0,33300.0,702.0,0.497,1.6,0,debt_consolidation,1
33600.0,4300.0,740.0,0.462,3.1,0,home_improvement,0
33100.0,12100.0,732.0,0.383,10.0,0,medical,0
62200.0,49900.0,602.0,0.187,0.0,0,home_improvement,0
89100.0,25000.0,748.0,0.472,8.0,0,home_improvement,0
50800.0,34500.0,674.0,0.342,4.6,1,debt_consolidation,0
56100.0,33100.0,611.0,0.186,4.4,0,debt_consolidation,0
72100.0,16700.0,774.0,0.283,,0,debt_consolidation,0
33300.0,23100.0,782.0,0.376,1.8,1,business,0
78400.0,41200.0,698.0,0.22,0.4,0,debt_consolidation,0
81600.0,15500.0,730.0,0.294,0.1,0,debt_consolidation,0
199100.0,60000.0,734.0,0.312,11.3,0,debt_consolidation,0
44900.0,22200.0,778.0,,6.5,0,medical,0
43100.0,30000.0,731.0,0.253,1.9,0,debt_consolidation,0
79600.0,21800.0,587.0,0.177,2.8,0,medical,0
81600.0,17100.0,821.0,0.367,9.2,1,home_improvement,0
41500.0,28800.0,755.0,0.189,1.6,0,medical,1
44300.0,28300.0,644.0,0.309,2.4,0,business,0
71000.0,22700.0,608.0,0.141,5.9,0,home_improvement,0
35800.0,25000.0,715.0,0.167,2.2,0,business,0
44100.0,22200.0,661.0,0.162,2.4,0,business,0
56700.0,21500.0,703.0,0.251,13.9,0,debt_consolidation,0
89100.0,60000.0,732.0,0.298,2.0,0,home_improvement,1
40000.0,23700.0,640.0,0.316,3.0,0,education,1
21600.0,10900.0,602.0,0.103,4.4,2,medical,0
20800.0,14900.0,707.0,0.263,0.7,0,education,0
28900.0,15500.0,643.0,0.205,7.1,0,education,0
28100.0,23900.0,690.0,0.333,0.4,0,debt_consolidation,1
50100.0,37800.0,586.0,0.253,5.1,0,medical,1
29900.0,11600.0,662.0,0.272,0.4,1,debt_consolidation,1
38100.0,18000.0,730.0,0.206,15.0,0,education,0
36800.0,31900.0,722.0,0.452,18.7,1,debt_consolidation,0
43500.0,35500.0,625.0,0.152,9.3,1,medical,1
105000.0,26600.0,598.0,0.24,1.5,1,medical,1
75400.0,24100.0,681.0,0.291,6.6,0,debt_consolidation,0
54600.0,21400.0,719.0,0.255,7.4,0,medical,0
43000.0,34600.0,708.0,0.204,3.3,0,medical,0
43600.0,36700.0,644.0,0.099,3.0,0,debt_consolidation,0
63800.0,47300.0,701.0,0.211,,0,home_improvement,1
72600.0,23300.0,785.0,0.184,8.7,1,debt_consolidation,0
34400.0,27900.0,694.0,0.448,3.6,0,debt_consolidation,1
55200.0,7000.0,566.0,0.506,5.3,0,medical,1
19600.0,8600.0,694.0,0.275,1.0,0,debt_consolidation,0
60200.0,24200.0,823.0,0.14,0.4,0,education,0
79300.0,41900.0,590.0,0.354,0.0,0,debt_consolidation,1
47100.0,25800.0,682.0,0.182,9.1,1,debt_consolidation,0
134400.0,37700.0,664.0,0.225,10.3,0,education,0
34900.0,9200.0,687.0,0.217,7.0,0,debt_consolidation,0
60400.0,44900.0,694.0,0.23,7.3,1,business,1
53200.0,8600.0,760.0,0.245,8.1,0,debt_consolidation,0
51500.0,25500.0,686.0,0.149,6.7,0,education,0
51200.0,13000.0,769.0,0.21,4.9,1,education,0
57200.0,20300.0,672.0,0.382,8.7,0,education,0
82800.0,26600.0,655.0,0.277,4.8,0,education,1
107900.0,60000.0,633.0,0.293,5.7,0,debt_consolidation,1
54100.0,25100.0,553.0,0.057,0.2,0,medical,1
81400.0,27600.0,699.0,0.375,0.9,0,home_improvement,0
38100.0,29100.0,824.0,0.211,0.6,0,medical,0
79500.0,13400.0,712.0,0.392,6.7,0,debt_consolidation,0
37000.0,26400.0,728.0,0.295,9.9,1,debt_consolidation,0
93500.0,27900.0,651.0,0.224,0.2,0,debt_consolidation,0
163600.0,60000.0,663.0,0.112,0.1,0,debt_consolidation,1
51000.0,5300.0,749.0,0.497,15.2,0,debt_consolidation,0
18100.0,9900.0,821.0,0.36,12.6,0,debt_consolidation,0
41200.0,24600.0,784.0,0.366,1.7,1,debt_consolidation,0
100300.0,56400.0,736.0,0.462,2.2,0,debt_consolidation,0
71400.0,53700.0,682.0,0.302,3.4,1,debt_consolidation,0
61400.0,11600.0,695.0,0.415,4.5,0,medical,0
89700.0,38800.0,627.0,0.232,14.8,1,business,0
69000.0,54600.0,579.0,0.354,0.8,0,home_improvement,1
99600.0,60000.0,601.0,0.217,2.2,1,debt_consolidation,1
85800.0,42800.0,683.0,0.23,8.0,0,debt_consolidation,0
115900.0,60000.0,660.0,0.29,,0,medical,1
64800.0,46100.0,577.0,0.153,,1,business,1
85200.0,60000.0,677.0,0.313,3.6,0,debt_consolidation,0
46500.0,37700.0,658.0,0.249,2.9,1,debt_consolidation,0
40100.0,31100.0,598.0,0.081,3.2,0,debt_consolidation,1
127200.0,54900.0,654.0,0.234,3.6,1,debt_consolidation,1
60400.0,37400.0,658.0,0.245,0.3,1,debt_consolidation,1
81000.0,39400.0,637.0,0.365,2.2,0,education,0
57600.0,11200.0,745.0,0.309,0.1,0,debt_consolidation,0
40400.0,30600.0,547.0,0.425,3.2,0,debt_consolidation,0
54500.0,31700.0,541.0,0.332,3.9,0,education,0
111100.0,16300.0,680.0,0.225,6.8,1,medical,0
71500.0,45900.0,687.0,0.274,3.9,1,debt_consolidation,0
23000.0,7500.0,708.0,0.245,9.7,0,medical,0
48600.0,7600.0,642.0,0.329,2.0,0,debt_consolidation,0
132100.0,60000.0,616.0,0.286,0.9,0,debt_consolidation,0
48700.0,33400.0,679.0,0.217,1.2,0,debt_consolidation,0
22000.0,11300.0,649.0,0.281,3.9,0,debt_consolidation,0
139600.0,14600.0,789.0,0.326,1.2,0,debt_consolidation,1
76200.0,42800.0,657.0,0.179,9.8,0,education,0
52300.0,5500.0,676.0,0.312,16.5,2,business,1
45000.0,37900.0,850.0,0.122,1.6,0,debt_consolidation,0
93100.0,29200.0,666.0,0.391,17.3,1,debt_consolidation,0
41300.0,32900.0,719.0,0.333,3.9,0,debt_consolidation,0
96200.0,10600.0,725.0,0.443,1.4,0,debt_consolidation,0
71000.0,12600.0,731.0,0.168,1.2,2,medical,0
61200.0,28200.0,700.0,0.393,3.6,0,debt_consolidation,1
58300.0,41200.0,694.0,0.374,2.5,1,education,1
49600.0,42400.0,687.0,0.262,19.0,0,home_improvement,0
91400.0,47200.0,640.0,0.242,4.3,0,medical,1
35100.0,13500.0,703.0,0.171,3.3,0,debt_consolidation,0
24100.0,3300.0,822.0,0.145,1.9,0,debt_consolidation,0
73700.0,41800.0,765.0,0.205,,0,debt_consolidation,0
74300.0,30000.0,701.0,0.154,12.5,1,education,0
68900.0,57000.0,740.0,0.44,6.0,0,home_improvement,0
66400.0,32100.0,619.0,0.13,9.6,0,home_improvement,0
46200.0,32900.0,662.0,0.295,3.1,2,debt_consolidation,1
80300.0,60000.0,746.0,0.324,5.5,0,debt_consolidation,0
53000.0,9500.0,784.0,0.316,7.6,1,home_improvement,0
42500.0,19200.0,626.0,0.325,2.7,0,debt_consolidation,1
46400.0,37800.0,646.0,0.375,21.8,0,business,1
148800.0,60000.0,833.0,0.235,3.4,0,medical,0
22800.0,12600.0,687.0,0.289,1.4,0,debt_consolidation,1
69600.0,55600.0,808.0,0.251,4.0,0,home_improvement,0
23400.0,6700.0,694.0,0.41,4.9,0,debt_consolidation,0
51300.0,41800.0,697.0,0.49,12.3,0,business,0
43600.0,18200.0,659.0,0.161,4.2,0,home_improvement,0
19100.0,11000.0,746.0,0.077,0.9,0,debt_consolidation,0
65800.0,23800.0,775.0,0.337,1.1,0,education,0
44800.0,23400.0,608.0,0.387,6.7,0,debt_consolidation,1
19000.0,2600.0,655.0,0.476,2.0,0,debt_consolidation,0
82400.0,12500.0,744.0,0.354,2.3,0,debt_consolidation,0
111000.0,47900.0,671.0,0.42,4.4,1,debt_consolidation,0
114100.0,42000.0,645.0,0.446,2.1,0,debt_consolidation,0
64800.0,38400.0,751.0,0.426,0.4,0,business,1
55400.0,7200.0,757.0,0.368,0.1,0,home_improvement,0
105200.0,24600.0,649.0,0.152,0.6,1,business,1
125600.0,33600.0,695.0,0.279,5.8,0,debt_consolidation,0
95500.0,43200.0,595.0,0.31,8.0,0,medical,1
33800.0,10100.0,617.0,0.27,5.7,0,education,0
59900.0,12600.0,689.0,0.276,2.3,0,education,0
67500.0,39000.0,682.0,0.437,1.1,0,medical,1
21900.0,15200.0,612.0,0.204,2.3,1,home_improvement,0
68500.0,44400.0,630.0,0.36,3.0,0,education,0
168800.0,54200.0,605.0,0.312,1.9,0,business,1
74600.0,58500.0,712.0,0.194,10.3,0,debt_consolidation,1
113200.0,60000.0,542.0,0.172,6.5,0,debt_consolidation,1
59400.0,35100.0,609.0,0.11,3.2,0,business,1
52200.0,14100.0,550.0,0.329,0.2,1,business,1
65600.0,19300.0,709.0,,2.8,0,home_improvement,0
36000.0,17300.0,554.0,0.197,11.7,0,medical,0
33500.0,9700.0,682.0,0.092,5.8,0,business,0
102000.0,60000.0,795.0,0.323,3.4,0,home_improvement,0
107600.0,37300.0,797.0,0.263,10.8,1,debt_consolidation,0
33000.0,7300.0,554.0,0.209,3.8,0,home_improvement,1
87900.0,19500.0,701.0,0.184,2.1,1,debt_consolidation,0
51900.0,10500.0,611.0,0.256,0.6,0,debt_consolidation,1
64200.0,29000.0,596.0,0.327,0.2,0,business,1
68200.0,7000.0,672.0,0.247,1.8,0,education,0
89100.0,47600.0,766.0,0.161,1.4,0,medical,0
56500.0,19100.0,722.0,0.274,0.4,2,home_improvement,1
109700.0,59500.0,630.0,0.385,3.9,1,debt_consolidation,1
63200.0,53600.0,729.0,0.284,,1,home_improvement,1
74000.0,58800.0,523.0,0.287,6.8,0,education,0
35700.0,20000.0,627.0,0.247,0.6,0,home_improvement,0
159400.0,60000.0,622.0,0.191,0.2,0,debt_consolidation,1
68500.0,45100.0,685.0,0.188,4.7,1,medical,1
77400.0,60000.0,666.0,0.114,6.5,1,debt_consolidation,0
24200.0,11900.0,670.0,0.398,7.7,0,debt_consolidation,0
35900.0,6400.0,668.0,0.326,3.2,0,home_improvement,0
100600.0,60000.0,682.0,0.288,0.9,0,business,0
62500.0,6800.0,718.0,0.31,5.3,0,debt_consolidation,0
20800.0,14800.0,690.0,0.314,4.7,0,debt_consolidation,0
91000.0,15300.0,660.0,0.207,10.5,1,business,0
41300.0,7700.0,708.0,0.247,2.7,0,business,0
109700.0,60000.0,738.0,0.233,1.3,0,debt_consolidation,0
51800.0,33800.0,641.0,0.531,0.3,0,medical,0
60000.0,33000.0,676.0,0.382,1.3,1,business,0
97700.0,60000.0,761.0,0.297,6.9,0,debt_consolidation,0
34600.0,27000.0,603.0,0.417,3.2,0,medical,0
33000.0,15400.0,806.0,0.404,3.3,0,debt_consolidation,0
49100.0,44000.0,586.0,0.142,4.5,0,medical,0
81900.0,31600.0,656.0,0.258,1.9,0,debt_consolidation,0
27800.0,6600.0,613.0,0.278,4.2,1,education,0
23500.0,18300.0,833.0,0.341,4.4,0,medical,0
81800.0,35400.0,645.0,0.258,17.4,0,debt_consolidation,0
40100.0,32100.0,645.0,0.27,5.4,0,medical,0
44500.0,6600.0,654.0,0.234,3.7,1,debt_consolidation,1
21400.0,4000.0,687.0,0.385,3.6,0,debt_consolidation,1
38600.0,5100.0,657.0,0.136,1.0,0,business,0
54000.0,31400.0,671.0,0.237,5.2,1,business,1
86300.0,60000.0,450.0,0.096,1.7,0,education,1
36800.0,15500.0,684.0,0.177,1.9,0,business,0
124100.0,21400.0,681.0,0.312,5.5,0,debt_consolidation,0
38500.0,15400.0,753.0,0.314,4.4,0,home_improvement,0
38500.0,14600.0,772.0,0.249,1.4,0,business,0
116900.0,60000.0,667.0,0.392,5.9,1,business,1
60200.0,37400.0,737.0,0.415,7.0,0,debt_consolidation,0
41100.0,7500.0,603.0,0.273,1.1,0,debt_consolidation,0
50100.0,21900.0,734.0,0.305,1.3,0,education,0
106600.0,60000.0,640.0,0.235,5.6,1,debt_consolidation,0
112800.0,34600.0,597.0,0.343,2.1,0,medical,0
36000.0,15300.0,667.0,0.161,0.6,1,debt_consolidation,0
53000.0,31300.0,778.0,0.46,13.5,0,home_improvement,0
56700.0,23900.0,693.0,0.394,1.5,0,debt_consolidation,0
33100.0,4100.0,785.0,0.16,12.5,0,education,0
52700.0,14700.0,628.0,0.201,2.8,0,business,0
54300.0,39100.0,753.0,0.322,3.5,0,home_improvement,0
95800.0,28600.0,634.0,0.246,1.5,0,business,1
99100.0,60000.0,696.0,0.334,14.1,0,home_improvement,0
46000.0,21800.0,695.0,0.244,2.4,1,debt_consolidation,1
48700.0,23300.0,726.0,0.432,1.1,0,medical,0
75500.0,54100.0,698.0,0.281,0.5,0,debt_consolidation,1
40400.0,16400.0,628.0,0.522,7.6,0,debt_consolidation,0
72700.0,21100.0,742.0,0.34,5.4,0,education,0
51800.0,9500.0,801.0,0.145,0.8,0,debt_consolidation,0
33400.0,21300.0,639.0,0.489,9.8,0,business,1
33600.0,16000.0,552.0,0.39,2.5,0,home_improvement,0
111700.0,60000.0,715.0,0.318,2.7,0,debt_consolidation,0
50100.0,23400.0,657.0,0.345,5.6,0,debt_consolidation,1
123000.0,53100.0,671.0,0.161,17.2,0,debt_consolidation,0
41900.0,14200.0,719.0,0.1,3.5,1,education,0
62700.0,16300.0,648.0,0.276,6.1,0,debt_consolidation,0
179200.0,60000.0,661.0,0.418,12.6,0,business,0
31900.0,5600.0,673.0,0.32,9.5,0,debt_consolidation,0
21000.0,17300.0,783.0,0.451,6.0,0,debt_consolidation,0
103100.0,12500.0,682.0,0.412,5.2,0,education,1
35800.0,18500.0,594.0,0.282,8.2,0,debt_consolidation,0
53600.0,7900.0,596.0,0.398,2.2,0,home_improvement,1
40400.0,29200.0,690.0,0.432,4.5,0,home_improvement,1
61900.0,16700.0,601.0,0.272,9.3,0,debt_consolidation,0
33700.0,18600.0,571.0,0.259,1.1,0,home_improvement,1
49500.0,41200.0,724.0,0.294,2.4,0,business,1
67800.0,42000.0,728.0,0.039,3.3,0,debt_consolidation,0
32700.0,7900.0,654.0,0.308,1.1,0,home_improvement,0
38200.0,28200.0,701.0,,4.2,0,debt_consolidation,1
45500.0,20600.0,693.0,0.294,0.1,0,business,0
26500.0,2900.0,722.0,0.314,23.5,0,debt_consolidation,0
43900.0,21500.0,722.0,0.276,3.3,1,debt_consolidation,0
57500.0,43100.0,498.0,0.08,0.9,1,home_improvement,0
44400.0,19700.0,663.0,0.446,3.9,0,education,1
47300.0,33400.0,716.0,0.243,6.4,1,debt_consolidation,0
53600.0,35600.0,651.0,0.218,,0,medical,0
39000.0,18200.0,683.0,0.416,2.0,1,debt_consolidation,0
76500.0,27400.0,733.0,0.378,4.0,2,business,0
111100.0,60000.0,686.0,0.307,0.6,0,business,0
43000.0,17000.0,786.0,0.357,1.4,0,medical,0
69100.0,16300.0,759.0,0.165,1.6,0,education,0
48100.0,17200.0,672.0,0.272,0.0,0,education,0
65000.0,52100.0,666.0,0.409,3.8,1,medical,0
118500.0,38700.0,480.0,0.212,0.9,0,debt_consolidation,0
69900.0,20100.0,657.0,0.18,3.0,1,medical,0
22300.0,4600.0,585.0,0.288,10.1,1,home_improvement,1
68000.0,9800.0,695.0,0.29,2.0,0,medical,0
100400.0,60000.0,691.0,0.345,0.0,0,home_improvement,0
48500.0,25700.0,729.0,0.142,3.6,0,education,0
89100.0,60000.0,778.0,0.025,7.6,1,debt_consolidation,0
38400.0,27600.0,678.0,0.372,12.7,0,home_improvement,0
25800.0,9900.0,840.0,0.172,0.7,1,debt_consolidation,0
58100.0,42900.0,696.0,0.219,11.0,0,education,1
22500.0,19600.0,588.0,0.062,11.2,0,debt_consolidation,0
48100.0,33400.0,641.0,0.382,6.3,2,business,0
103100.0,60000.0,654.0,0.315,4.0,0,medical,0
20900.0,9300.0,721.0,0.311,5.1,2,business,0
28600.0,22100.0,614.0,0.31,0.7,0,business,1
32300.0,5500.0,659.0,0.074,15.3,0,home_improvement,0
52500.0,36700.0,669.0,0.181,10.7,0,business,0
45100.0,17600.0,649.0,0.235,3.2,0,home_improvement,0
109100.0,60000.0,737.0,0.205,1.3,0,debt_consolidation,0
87300.0,60000.0,725.0,0.253,29.2,0,debt_consolidation,0
69400.0,40500.0,762.0,0.305,3.8,1,debt_consolidation,0
58300.0,7000.0,657.0,0.381,5.4,1,debt_consolidation,1
65900.0,44700.0,764.0,0.132,18.6,1,debt_consolidation,0
35200.0,29700.0,585.0,0.279,0.8,0,business,1
83200.0,51100.0,583.0,,3.6,0,debt_consolidation,0
31100.0,24500.0,595.0,0.188,5.9,0,business,0
82300.0,60000.0,681.0,0.261,2.6,0,medical,0
98000.0,60000.0,764.0,0.327,4.1,1,business,0
60200.0,22600.0,638.0,0.281,8.8,1,medical,0
49600.0,23800.0,647.0,0.347,0.3,0,business,1
66200.0,51500.0,665.0,0.289,0.9,0,debt_consolidation,0
13000.0,10800.0,720.0,0.249,3.5,0,home_improvement,0
63000.0,13700.0,647.0,0.163,8.3,0,debt_consolidation,0
51200.0,12600.0,643.0,0.305,1.6,0,debt_consolidation,0
52800.0,19900.0,586.0,0.29,2.5,0,home_improvement,0
77100.0,55200.0,640.0,0.181,6.7,0,home_improvement,1
52200.0,41800.0,762.0,0.338,1.5,0,business,0
30600.0,17300.0,686.0,0.407,10.9,0,debt_consolidation,0
50500.0,9600.0,628.0,0.214,6.6,0,business,0
56000.0,19200.0,767.0,0.207,3.8,0,debt_consolidation,0
57400.0,45100.0,639.0,0.204,3.3,1,education,0
58700.0,22200.0,779.0,0.112,2.5,1,debt_consolidation,1
91100.0,16600.0,778.0,0.48,2.6,1,business,0
31500.0,10800.0,684.0,0.235,8.6,0,education,0
59200.0,44100.0,575.0,0.194,0.1,0,debt_consolidation,1
103300.0,51100.0,840.0,0.167,5.3,1,business,0
22800.0,5400.0,707.0,0.241,14.5,1,debt_consolidation,0
59300.0,20800.0,657.0,0.21,12.9,0,business,1
40400.0,34900.0,747.0,0.424,4.1,1,debt_consolidation,0
45000.0,20100.0,729.0,0.155,0.9,0,debt_consolidation,0
34500.0,15600.0,772.0,0.126,1.3,1,debt_consolidation,0
49800.0,11100.0,634.0,0.335,,0,education,0
136000.0,46700.0,702.0,0.269,1.4,0,medical,0
28800.0,21700.0,597.0,0.258,0.7,1,education,0
30200.0,22000.0,727.0,0.336,0.5,0,debt_consolidation,0
28300.0,12700.0,678.0,0.294,3.4,0,home_improvement,0
128500.0,60000.0,700.0,0.275,10.1,1,home_improvement,1
43000.0,17400.0,670.0,0.139,3.8,0,debt_consolidation,0
53500.0,42300.0,662.0,0.113,4.8,1,home_improvement,0
44300.0,5500.0,619.0,0.21,0.2,0,home_improvement,0
33800.0,12800.0,735.0,0.172,2.5,0,home_improvement,0
48200.0,37800.0,784.0,0.307,1.8,0,education,0
185200.0,60000.0,641.0,0.1,6.0,0,debt_consolidation,0
108700.0,60000.0,719.0,0.235,0.5,0,business,0
35400.0,22500.0,710.0,0.263,6.0,0,medical,1
74900.0,56400.0,681.0,0.276,1.1,0,medical,0
35700.0,23800.0,573.0,0.32,0.3,0,medical,0
22300.0,6800.0,589.0,0.247,2.9,0,home_improvement,0
90200.0,42700.0,625.0,0.213,3.5,0,business,1
96800.0,60000.0,530.0,0.404,6.1,0,debt_consolidation,1
91400.0,52100.0,779.0,0.248,0.2,0,home_improvement,0
42800.0,34600.0,706.0,0.422,5.4,0,medical,1
49800.0,23900.0,678.0,0.247,2.9,1,business,0
78800.0,19100.0,527.0,0.278,19.3,2,home_improvement,1
65900.0,17900.0,552.0,0.266,7.4,1,medical,0
44500.0,34600.0,680.0,0.303,9.3,0,education,0
24100.0,2600.0,818.0,0.238,16.1,0,debt_consolidation,0
57400.0,45700.0,631.0,0.29,7.2,0,business,1
92900.0,13400.0,740.0,0.433,1.6,0,home_improvement,0
29800.0,12300.0,646.0,0.385,11.0,1,medical,1
74600.0,55200.0,684.0,0.386,10.9,2,medical,0
63900.0,27200.0,765.0,0.146,3.9,0,debt_consolidation,0
78800.0,59700.0,656.0,0.162,0.4,0,business,0
83800.0,15100.0,632.0,0.302,1.4,0,debt_consolidation,0
38300.0,19500.0,779.0,0.357,1.0,0,medical,0
24100.0,13600.0,683.0,0.228,1.8,0,medical,0
41500.0,33700.0,756.0,0.21,5.6,0,education,0
84500.0,14800.0,632.0,0.419,0.9,1,business,1
41300.0,15300.0,778.0,0.349,0.0,0,education,0
38300.0,24000.0,699.0,0.386,13.2,0,debt_consolidation,0
21800.0,19300.0,710.0,0.236,0.7,0,home_improvement,0
130100.0,60000.0,689.0,0.228,1.8,1,education,1
81900.0,60000.0,645.0,0.375,1.2,0,debt_consolidation,0
79600.0,40900.0,680.0,,3.8,0,debt_consolidation,1
87900.0,48500.0,649.0,0.219,1.7,1,home_improvement,0
72300.0,56900.0,747.0,0.189,3.1,0,business,0
47900.0,38100.0,666.0,0.229,0.4,0,education,0
49900.0,37000.0,575.0,0.368,4.1,0,business,1
43700.0,33000.0,562.0,0.129,1.1,1,home_improvement,0
202300.0,60000.0,559.0,0.343,2.3,0,business,1
71500.0,13700.0,723.0,0.209,3.0,1,medical,0
43000.0,14400.0,599.0,0.259,2.4,0,debt_consolidation,0
68400.0,60000.0,701.0,0.265,3.7,0,home_improvement,0
32700.0,17500.0,690.0,0.258,9.2,2,business,1
115000.0,27700.0,675.0,0.251,1.8,1,business,0
38900.0,19500.0,711.0,0.236,4.4,0,home_improvement,0
69600.0,42900.0,691.0,0.223,3.6,0,medical,1
92300.0,60000.0,490.0,0.412,5.5,1,business,1
65700.0,49300.0,657.0,0.283,0.9,0,debt_consolidation,0
56800.0,7900.0,710.0,0.267,3.4,0,home_improvement,0
54500.0,25200.0,795.0,0.216,0.7,0,medical,0
52700.0,6100.0,798.0,0.239,4.9,0,debt_consolidation,0
40600.0,32900.0,585.0,0.216,0.9,0,medical,0
43300.0,10400.0,656.0,0.357,1.1,0,debt_consolidation,0
113500.0,60000.0,570.0,0.205,2.3,1,home_improvement,0
51300.0,28500.0,786.0,0.055,3.8,0,debt_consolidation,0
36600.0,22000.0,751.0,0.286,2.0,0,education,0
41900.0,23100.0,705.0,0.252,6.0,0,debt_consolidation,0
93900.0,60000.0,692.0,0.221,0.8,1,home_improvement,1
75900.0,45600.0,777.0,0.371,4.6,0,debt_consolidation,0
71700.0,12300.0,765.0,0.02,6.7,0,debt_consolidation,0
47600.0,18700.0,761.0,0.438,5.8,2,medical,1
72200.0,38800.0,712.0,0.385,2.9,1,debt_consolidation,0
39300.0,14200.0,656.0,0.217,6.9,2,debt_consolidation,1
47600.0,33700.0,734.0,0.235,2.6,0,debt_consolidation,1
88000.0,31200.0,737.0,0.33,0.4,0,home_improvement,0
83900.0,60000.0,667.0,0.333,2.1,2,debt_consolidation,1
33200.0,7200.0,655.0,0.217,2.7,0,home_improvement,0
35300.0,25300.0,759.0,0.118,0.1,0,education,0
57200.0,14100.0,796.0,0.491,3.0,0,debt_consolidation,0
128400.0,60000.0,628.0,0.376,0.3,0,debt_consolidation,0
20800.0,7400.0,662.0,0.296,8.3,0,debt_consolidation,0
62300.0,38000.0,705.0,0.298,0.2,1,business,0
27200.0,7300.0,714.0,0.342,2.7,0,debt_consolidation,0
39500.0,29100.0,643.0,0.354,4.9,0,education,0
45200.0,25300.0,812.0,0.071,9.6,1,business,0
43900.0,38000.0,710.0,0.245,2.1,0,debt_consolidation,0
41500.0,27800.0,717.0,0.235,,0,debt_consolidation,0
54400.0,31900.0,803.0,0.264,1.3,1,medical,0
41500.0,31700.0,649.0,0.357,5.3,0,business,1
26100.0,7200.0,674.0,0.101,1.3,1,debt_consolidation,0
80000.0,48500.0,592.0,0.145,5.0,0,education,0
78900.0,32500.0,668.0,0.212,4.8,2,education,0
82600.0,57400.0,576.0,0.295,11.7,1,home_improvement,1
25100.0,3000.0,732.0,0.363,3.3,1,education,0
62900.0,27800.0,709.0,0.443,1.6,0,home_improvement,0
76000.0,47200.0,661.0,0.251,1.7,2,business,0
32400.0,15200.0,673.0,0.363,18.2,1,home_improvement,0
54400.0,15800.0,733.0,0.351,1.7,0,home_improvement,1
51100.0,24100.0,600.0,0.334,5.2,0,education,0
136100.0,60000.0,694.0,0.278,6.9,0,debt_consolidation,1
141800.0,37600.0,729.0,0.24,10.9,1,home_improvement,0
23600.0,9300.0,555.0,0.173,3.1,0,debt_consolidation,0
188500.0,60000.0,728.0,0.167,20.2,0,education,0
34300.0,28500.0,563.0,0.315,1.5,0,home_improvement,1
88500.0,11300.0,672.0,0.275,2.8,0,medical,0
88000.0,46100.0,599.0,0.238,6.8,0,medical,0
32900.0,5000.0,780.0,0.346,,0,home_improvement,0
69300.0,58200.0,599.0,0.26,1.0,1,education,1
51300.0,23300.0,564.0,0.189,9.0,0,debt_consolidation,0
71500.0,31100.0,689.0,0.253,,0,debt_consolidation,0
60800.0,19400.0,651.0,0.362,3.2,1,debt_consolidation,0
98500.0,54700.0,575.0,0.178,4.5,0,debt_consolidation,1
56300.0,12200.0,717.0,0.301,14.9,1,medical,1
49800.0,36800.0,541.0,0.274,14.5,0,business,1
93700.0,46200.0,607.0,0.204,4.8,0,home_improvement,0
72400.0,40000.0,640.0,0.251,5.3,1,debt_consolidation,0
78100.0,60000.0,736.0,0.123,28.1,2,debt_consolidation,0
38900.0,9700.0,771.0,0.291,6.5,0,debt_consolidation,0
32100.0,7700.0,757.0,0.144,6.1,1,business,1
40800.0,17800.0,669.0,0.387,3.7,0,home_improvement,0
39700.0,28900.0,510.0,0.271,1.4,0,business,1
80300.0,11800.0,707.0,0.223,1.7,0,debt_consolidation,0
88300.0,60000.0,783.0,0.396,5.2,2,home_improvement,0
50100.0,25100.0,766.0,0.177,,1,education,0
110800.0,60000.0,712.0,0.205,5.3,1,debt_consolidation,0
107400.0,59200.0,597.0,0.097,9.2,0,education,1
61200.0,8900.0,643.0,0.411,0.9,0,medical,0
35900.0,10800.0,815.0,0.467,0.9,1,debt_consolidation,0
119100.0,60000.0,581.0,0.113,12.2,2,debt_consolidation,0
52500.0,22600.0,600.0,0.198,2.3,0,home_improvement,1
57700.0,31600.0,746.0,0.287,9.2,0,business,0
45700.0,39100.0,650.0,0.228,4.1,0,business,0
34700.0,4800.0,597.0,0.277,5.1,0,debt_consolidation,0
26000.0,12000.0,787.0,0.268,6.6,0,medical,0
74300.0,28900.0,712.0,0.321,3.8,0,medical,0
36600.0,6800.0,653.0,0.184,1.3,1,business,0
250100.0,60000.0,600.0,0.299,5.5,0,debt_consolidation,0
31500.0,27400.0,823.0,0.168,20.4,0,business,0
28900.0,10100.0,678.0,0.239,5.0,0,medical,0
69900.0,59900.0,778.0,0.106,0.4,0,education,0
116400.0,14900.0,743.0,0.24,1.6,0,debt_consolidation,0
56000.0,49500.0,644.0,0.223,9.6,1,debt_consolidation,0
72100.0,55400.0,644.0,0.374,8.0,0,debt_consolidation,1
21600.0,5900.0,781.0,0.274,1.2,1,business,0
38600.0,22400.0,782.0,0.292,6.7,0,medical,0
31700.0,23400.0,549.0,0.278,1.7,0,business,0
21000.0,7500.0,718.0,0.067,9.8,0,home_improvement,0
57400.0,22000.0,672.0,0.08,2.3,0,business,0
17700.0,10700.0,608.0,0.248,4.1,0,business,1
28000.0,6100.0,698.0,0.308,4.1,0,debt_consolidation,1
41400.0,8100.0,586.0,0.257,,1,debt_consolidation,1
35800.0,10700.0,647.0,0.194,9.7,1,medical,0
66100.0,45800.0,624.0,0.256,4.6,0,education,0
63100.0,24800.0,645.0,0.247,1.6,1,debt_consolidation,0
84700.0,42800.0,675.0,0.358,5.0,0,medical,1
78900.0,20200.0,609.0,0.352,,0,debt_consolidation,0
95800.0,24500.0,790.0,0.225,22.8,0,education,0
54100.0,33600.0,715.0,0.275,5.3,0,business,0
63100.0,11800.0,806.0,0.308,0.2,0,debt_consolidation,0
70000.0,44400.0,669.0,0.322,0.7,0,debt_consolidation,0
58200.0,24500.0,642.0,0.445,1.5,0,education,1
44400.0,28300.0,803.0,0.277,5.7,0,education,1
45900.0,18600.0,640.0,0.397,2.7,0,debt_consolidation,1
36000.0,28000.0,668.0,0.164,9.3,0,home_improvement,0
66900.0,9700.0,730.0,0.216,10.5,0,home_improvement,0
51700.0,42100.0,593.0,0.066,8.3,0,medical,0
38900.0,12300.0,730.0,0.295,0.8,0,education,0
38900.0,5200.0,721.0,0.345,4.1,3,debt_consolidation,0
29600.0,16300.0,769.0,0.024,7.1,0,debt_consolidation,0
88400.0,24700.0,742.0,0.299,1.6,0,debt_consolidation,0
56300.0,26300.0,771.0,0.34,3.1,2,debt_consolidation,0
35200.0,26100.0,672.0,0.335,1.7,0,debt_consolidation,1
81200.0,59500.0,620.0,0.16,0.5,0,medical,0
40900.0,23700.0,828.0,0.357,4.0,0,medical,0
26800.0,23600.0,573.0,0.281,2.3,0,debt_consolidation,0
90300.0,42500.0,580.0,0.339,2.9,0,business,1
41400.0,5400.0,720.0,0.267,0.4,0,home_improvement,0
44200.0,33400.0,794.0,0.318,2.0,1,education,0
55300.0,15300.0,693.0,0.391,5.4,1,business,0
95900.0,23100.0,750.0,0.26,10.1,0,debt_consolidation,0
54700.0,8500.0,540.0,0.308,6.7,0,education,0
29700.0,10800.0,645.0,0.405,5.5,0,debt_consolidation,1
71100.0,25700.0,549.0,0.267,1.8,1,business,1
42500.0,14500.0,735.0,0.167,0.6,0,debt_consolidation,0
139200.0,60000.0,572.0,0.348,2.2,0,education,1
54100.0,37900.0,591.0,0.423,1.0,0,debt_consolidation,1
17700.0,15000.0,716.0,0.409,5.7,0,debt_consolidation,0
64800.0,11400.0,754.0,0.351,14.3,0,debt_consolidation,0
143200.0,31500.0,669.0,0.046,8.0,0,medical,0
119100.0,60000.0,720.0,0.216,3.2,0,debt_consolidation,0
135300.0,24200.0,718.0,0.222,2.1,0,debt_consolidation,0
32500.0,12900.0,665.0,0.284,,0,debt_consolidation,0
85500.0,51300.0,603.0,0.449,1.5,1,debt_consolidation,0
37800.0,27400.0,720.0,0.172,14.1,0,debt_consolidation,0
60600.0,16600.0,723.0,0.504,17.1,0,home_improvement,0
28700.0,18200.0,743.0,0.242,5.0,0,home_improvement,0
39300.0,24200.0,702.0,0.203,5.5,0,business,0
38600.0,30400.0,598.0,0.365,9.9,0,home_improvement,1
84900.0,29800.0,728.0,0.372,4.3,1,debt_consolidation,1
80900.0,56600.0,680.0,0.345,1.0,0,medical,0
62200.0,43600.0,646.0,0.203,8.0,1,debt_consolidation,1
27600.0,8000.0,659.0,0.33,2.0,0,medical,0
46400.0,27700.0,632.0,0.177,3.7,0,home_improvement,1
37300.0,23900.0,742.0,0.2,,0,debt_consolidation,0
83700.0,26700.0,581.0,0.271,0.3,0,business,1
97600.0,45000.0,610.0,0.198,8.9,1,home_improvement,0
91900.0,41200.0,657.0,0.385,19.9,0,business,0
37100.0,26700.0,793.0,0.222,1.2,1,home_improvement,0
13800.0,1400.0,754.0,0.258,6.2,0,home_improvement,0
22400.0,11200.0,565.0,0.192,12.0,1,debt_consolidation,1
110300.0,27300.0,775.0,0.384,0.8,1,debt_consolidation,0
44300.0,27400.0,774.0,0.213,0.2,0,medical,0
37200.0,24000.0,598.0,0.394,1.0,1,debt_consolidation,1
123200.0,60000.0,503.0,0.387,10.2,1,home_improvement,1
102000.0,54400.0,675.0,0.235,10.3,0,debt_consolidation,0
54800.0,19300.0,759.0,0.283,17.9,3,home_improvement,0
46800.0,16400.0,791.0,0.233,2.2,0,debt_consolidation,0
50700.0,35300.0,619.0,0.335,3.4,0,debt_consolidation,1
60700.0,12500.0,803.0,0.261,,0,home_improvement,0
120600.0,60000.0,524.0,0.238,1.6,2,education,0
66900.0,41700.0,654.0,0.285,13.6,0,business,0
77900.0,60000.0,651.0,0.122,8.6,1,debt_consolidation,1
97200.0,29900.0,761.0,0.272,6.7,0,home_improvement,0
30200.0,15200.0,771.0,0.345,3.5,0,debt_consolidation,0
79000.0,10400.0,747.0,0.294,2.6,0,education,1
46800.0,38800.0,585.0,0.375,1.1,1,debt_consolidation,1
15400.0,9900.0,740.0,0.242,3.1,0,debt_consolidation,0
18700.0,11200.0,716.0,0.234,25.2,1,education,0
32600.0,22400.0,563.0,0.168,1.5,2,debt_consolidation,1
70700.0,23200.0,535.0,0.239,0.7,1,debt_consolidation,0
57300.0,33400.0,753.0,0.477,0.4,0,business,0
59400.0,44000.0,667.0,0.308,2.2,0,business,0
143700.0,24800.0,590.0,0.221,22.8,0,home_improvement,0
28700.0,24900.0,665.0,0.179,1.1,0,debt_consolidation,1
53400.0,43400.0,705.0,0.12,0.2,1,debt_consolidation,0
63100.0,54900.0,674.0,0.197,7.5,0,debt_consolidation,1
37500.0,28000.0,571.0,,1.1,2,education,1
54900.0,18400.0,812.0,0.237,6.1,1,medical,0
24300.0,13700.0,750.0,0.184,2.1,0,debt_consolidation,0
109600.0,21500.0,657.0,0.195,1.2,2,home_improvement,0
38500.0,27100.0,659.0,0.345,6.1,0,debt_consolidation,1
149600.0,33300.0,705.0,0.272,1.3,0,education,0
53300.0,42300.0,601.0,0.217,2.2,0,debt_consolidation,1
90600.0,26500.0,703.0,0.249,11.8,0,education,0
52800.0,12100.0,587.0,0.501,9.3,0,education,0
53300.0,8400.0,675.0,0.402,0.1,0,debt_consolidation,0
40500.0,27100.0,598.0,0.427,0.2,0,business,1
57500.0,14300.0,602.0,0.105,1.0,0,medical,0
63500.0,16400.0,795.0,0.265,13.5,0,home_improvement,0
36600.0,8600.0,684.0,0.216,7.2,0,debt_consolidation,0
50900.0,17500.0,695.0,0.334,1.7,0,debt_consolidation,0
39900.0,34000.0,539.0,0.386,2.8,0,debt_consolidation,1
171100.0,60000.0,638.0,0.313,6.4,0,home_improvement,0
51800.0,16000.0,712.0,0.193,6.1,1,debt_consolidation,1
117300.0,27700.0,694.0,0.214,0.7,1,medical,1
49100.0,5700.0,529.0,0.342,3.4,0,home_improvement,0
61700.0,24200.0,694.0,0.352,,0,home_improvement,1
28000.0,5300.0,706.0,,5.1,0,business,1
43300.0,5300.0,770.0,0.293,,0,home_improvement,0
60200.0,11000.0,634.0,0.285,3.4,0,debt_consolidation,0
119700.0,42500.0,523.0,0.307,12.5,0,business,0
60500.0,42400.0,610.0,0.352,3.1,1,home_improvement,0
108200.0,16600.0,603.0,0.343,7.9,0,home_improvement,0
74600.0,48000.0,732.0,,6.9,0,debt_consolidation,0
122200.0,60000.0,490.0,0.275,0.3,0,education,1
52600.0,42400.0,649.0,0.271,,1,medical,1
179000.0,44200.0,780.0,0.202,7.3,0,education,0
42500.0,31300.0,681.0,0.201,5.9,0,debt_consolidation,1
36900.0,29200.0,743.0,0.334,12.6,0,business,0
29600.0,26100.0,565.0,0.209,10.5,1,home_improvement,0
173800.0,60000.0,568.0,0.361,7.9,0,medical,0
81600.0,16200.0,781.0,0.275,,0,debt_consolidation,0
45800.0,39300.0,687.0,0.362,0.5,0,home_improvement,0
101200.0,60000.0,687.0,0.344,19.2,0,business,0
76400.0,20600.0,602.0,0.364,3.3,0,education,0
144800.0,33600.0,687.0,0.232,21.1,0,debt_consolidation,0
25000.0,21200.0,600.0,0.321,26.9,0,education,0
47400.0,10600.0,763.0,0.354,0.2,1,debt_consolidation,0
43000.0,31000.0,850.0,0.125,0.4,1,debt_consolidation,0
20200.0,8600.0,714.0,0.45,5.8,0,debt_consolidation,0
92100.0,60000.0,636.0,0.507,6.4,1,debt_consolidation,1
47300.0,8200.0,503.0,0.375,10.0,0,debt_consolidation,1
78400.0,53300.0,562.0,0.361,10.9,0,education,0
176300.0,60000.0,789.0,0.339,5.7,0,education,0
45400.0,37200.0,608.0,0.248,1.8,0,debt_consolidation,1
43900.0,11000.0,654.0,,0.3,0,home_improvement,1
57500.0,10800.0,726.0,0.376,1.1,0,home_improvement,0
88800.0,22800.0,784.0,0.183,8.0,0,business,0
40800.0,6600.0,666.0,0.174,12.8,0,medical,0
39500.0,34900.0,652.0,0.24,3.7,0,business,1
91900.0,18200.0,685.0,0.346,1.7,1,medical,0
65500.0,17100.0,636.0,0.193,0.2,0,education,0
19500.0,14600.0,640.0,0.257,2.7,0,debt_consolidation,0
29400.0,8700.0,709.0,0.269,8.7,1,business,0
114800.0,31900.0,693.0,0.179,0.2,2,medical,0
66200.0,42200.0,829.0,0.036,5.3,1,debt_consolidation,1
37000.0,15500.0,711.0,0.177,0.7,0,debt_consolidation,0
49800.0,38300.0,761.0,0.306,2.8,2,home_improvement,0
54500.0,33300.0,605.0,0.329,1.8,1,debt_consolidation,0
78300.0,25900.0,717.0,0.329,1.0,2,business,0
27500.0,15900.0,629.0,0.341,,0,debt_consolidation,0
35600.0,28200.0,708.0,0.217,3.8,0,debt_consolidation,0
62100.0,24300.0,728.0,0.196,0.4,1,debt_consolidation,0
51500.0,35500.0,683.0,0.318,1.1,1,home_improvement,0
72100.0,31200.0,849.0,0.259,1.4,0,education,0
29300.0,15700.0,780.0,0.371,0.2,0,home_improvement,0
64800.0,44500.0,762.0,0.318,1.5,0,debt_consolidation,0
93500.0,13900.0,734.0,0.408,1.8,0,business,0
69100.0,32100.0,803.0,0.233,2.0,0,debt_consolidation,0
58100.0,10200.0,579.0,0.387,0.0,1,debt_consolidation,1
51600.0,35100.0,776.0,0.483,4.1,0,debt_consolidation,0
35700.0,20900.0,611.0,0.285,4.6,0,home_improvement,0
52300.0,18900.0,640.0,0.33,4.9,0,home_improvement,0
101700.0,16400.0,719.0,0.187,1.9,0,education,0
51000.0,42900.0,766.0,0.369,4.1,1,debt_consolidation,1
34700.0,12200.0,599.0,0.393,3.7,0,business,0
42400.0,13600.0,644.0,0.231,0.8,0,debt_consolidation,0
59900.0,10800.0,687.0,0.339,2.1,0,debt_consolidation,0
44900.0,25200.0,667.0,0.308,3.3,0,education,0
69100.0,21600.0,740.0,0.319,2.5,0,education,0
70400.0,54500.0,850.0,0.361,3.0,0,business,1
84500.0,54600.0,709.0,0.332,2.9,1,home_improvement,0
110400.0,11400.0,629.0,0.266,2.2,0,debt_consolidation,0
89100.0,49200.0,589.0,0.363,7.2,0,business,1
34000.0,9700.0,657.0,0.391,5.0,1,home_improvement,0
34500.0,3900.0,614.0,0.225,0.3,0,education,0
52200.0,31100.0,713.0,0.28,2.4,0,debt_consolidation,1
43200.0,11400.0,712.0,0.103,3.1,0,debt_consolidation,0
30700.0,25200.0,648.0,0.338,16.5,0,business,1
43400.0,24200.0,819.0,0.402,3.9,0,business,0
42700.0,11400.0,629.0,0.254,,0,business,1
38700.0,34200.0,672.0,0.293,9.4,0,medical,0
46300.0,24900.0,725.0,0.258,3.6,1,home_improvement,0
97700.0,22700.0,742.0,0.242,9.4,0,home_improvement,0
59900.0,30800.0,769.0,0.303,4.7,0,debt_consolidation,0
186400.0,60000.0,710.0,0.202,3.0,0,medical,0
59000.0,25900.0,754.0,0.256,18.7,0,education,0
46900.0,20600.0,633.0,0.19,5.6,1,education,1
54300.0,25500.0,744.0,0.339,5.5,0,debt_consolidation,0
61600.0,20000.0,743.0,0.304,0.3,0,debt_consolidation,0
67300.0,15400.0,786.0,0.237,0.4,0,medical,0
153000.0,60000.0,563.0,0.284,22.1,0,business,1
35500.0,28900.0,616.0,0.258,2.7,1,home_improvement,0
83200.0,57300.0,738.0,0.394,0.7,1,debt_consolidation,0
60100.0,10600.0,494.0,0.236,1.0,2,business,1
24700.0,10400.0,714.0,0.344,0.5,0,education,0
79600.0,8300.0,754.0,0.209,12.4,1,education,0
102100.0,35400.0,640.0,0.361,2.8,0,business,0
35300.0,22400.0,650.0,0.384,0.7,0,education,1
53900.0,17900.0,605.0,0.388,1.5,0,education,0
22900.0,17700.0,643.0,0.427,2.2,2,education,0
28900.0,13900.0,646.0,0.309,6.2,0,home_improvement,0
91500.0,58100.0,632.0,0.404,5.1,1,debt_consolidation,0
42900.0,34600.0,628.0,0.442,10.0,0,debt_consolidation,1
31100.0,20100.0,661.0,0.168,0.7,2,education,0
60800.0,49700.0,660.0,0.22,,0,debt_consolidation,0
41700.0,31100.0,811.0,0.13,3.7,0,business,0
42800.0,23700.0,652.0,0.386,1.8,0,home_improvement,0
78400.0,26500.0,704.0,0.129,1.3,0,education,1
30300.0,10300.0,640.0,0.102,0.2,0,debt_consolidation,0
34500.0,27600.0,639.0,0.17,2.8,1,home_improvement,0
58500.0,8400.0,561.0,0.106,1.3,0,debt_consolidation,0
88000.0,60000.0,570.0,0.307,2.7,0,medical,0
100600.0,36400.0,596.0,,0.2,0,debt_consolidation,1
38900.0,26900.0,693.0,0.111,4.9,0,home_improvement,0
86600.0,31500.0,755.0,0.276,1.2,0,business,0
36600.0,31600.0,555.0,0.282,1.0,0,education,1
135000.0,17400.0,642.0,0.093,2.8,0,medical,1
30700.0,11700.0,584.0,0.209,18.2,0,medical,0
105300.0,60000.0,662.0,0.273,0.5,1,education,1
39000.0,12500.0,755.0,0.244,3.6,0,debt_consolidation,0
148200.0,47500.0,649.0,0.247,1.3,0,debt_consolidation,0
72800.0,59600.0,677.0,0.398,0.1,0,debt_consolidation,0
32600.0,24900.0,782.0,0.495,2.7,0,debt_consolidation,1
41700.0,7700.0,712.0,0.249,2.1,1,home_improvement,0
80100.0,45200.0,627.0,0.148,2.4,0,business,0
91700.0,25600.0,691.0,0.257,30.6,0,education,0
52300.0,14200.0,622.0,0.299,1.6,1,debt_consolidation,1
55400.0,32800.0,709.0,0.275,0.7,0,medical,0
79200.0,15800.0,716.0,0.341,3.3,0,home_improvement,1
57900.0,27600.0,584.0,0.501,0.3,1,debt_consolidation,1
28400.0,8700.0,692.0,0.109,13.4,2,debt_consolidation,0
36100.0,28300.0,672.0,0.229,10.5,0,medical,1
60900.0,33100.0,718.0,0.434,2.9,1,education,0
99500.0,27100.0,738.0,0.228,4.1,0,home_improvement,0
121500.0,60000.0,713.0,0.359,2.3,0,education,0
80000.0,60000.0,659.0,0.343,3.2,0,education,1
62500.0,19500.0,745.0,0.404,4.4,0,debt_consolidation,1
78800.0,60000.0,619.0,0.471,8.0,1,education,1
38800.0,12200.0,588.0,0.313,3.1,0,debt_consolidation,1
50200.0,16800.0,456.0,0.105,1.1,0,debt_consolidation,0
35900.0,14700.0,675.0,0.21,0.5,0,home_improvement,0
29000.0,6700.0,622.0,0.499,1.6,0,debt_consolidation,0
64000.0,41600.0,708.0,0.139,12.9,0,medical,0
59400.0,32400.0,542.0,0.33,6.8,2,debt_consolidation,0
76400.0,60000.0,635.0,0.029,16.7,0,debt_consolidation,1
71200.0,20800.0,713.0,0.145,6.5,0,home_improvement,1
61200.0,14500.0,608.0,0.369,16.6,0,education,1
71600.0,27700.0,709.0,0.284,5.1,3,debt_consolidation,0
53000.0,11500.0,641.0,0.242,4.1,0,medical,0
66600.0,57100.0,678.0,0.199,35.0,0,home_improvement,0
37700.0,25400.0,722.0,0.08,5.1,0,debt_consolidation,0
65200.0,48000.0,747.0,0.349,8.5,0,debt_consolidation,0
75700.0,52900.0,686.0,0.252,0.6,3,business,1
38800.0,11400.0,623.0,0.128,3.7,1,home_improvement,0
55600.0,11800.0,648.0,0.283,1.4,0,debt_consolidation,0
39700.0,17600.0,725.0,0.338,2.0,0,debt_consolidation,0
41600.0,31700.0,609.0,0.26,2.9,0,home_improvement,0
30900.0,11300.0,668.0,0.292,2.9,0,debt_consolidation,0
102000.0,11000.0,653.0,0.284,,0,debt_consolidation,0
92300.0,58000.0,673.0,0.209,9.8,1,medical,0
70900.0,18400.0,609.0,0.285,,0,business,0
145200.0,60000.0,550.0,0.354,1.2,0,debt_consolidation,0
49300.0,5500.0,716.0,0.383,10.5,0,debt_consolidation,0
246700.0,60000.0,747.0,0.359,3.9,1,debt_consolidation,1
48400.0,20100.0,555.0,0.212,20.6,0,business,0
61500.0,49500.0,706.0,0.344,,1,home_improvement,0
44400.0,30100.0,756.0,0.327,2.4,1,debt_consolidation,1
65300.0,8400.0,722.0,0.209,12.7,2,education,0
82300.0,60000.0,651.0,0.234,10.2,0,home_improvement,0
51200.0,37500.0,614.0,0.348,1.2,0,debt_consolidation,1
131700.0,60000.0,686.0,0.418,0.4,0,business,1
61100.0,51500.0,697.0,0.099,3.4,0,debt_consolidation,0
62000.0,46000.0,687.0,0.444,,0,home_improvement,0
34400.0,9500.0,667.0,0.396,3.0,0,education,1
66800.0,27100.0,604.0,0.3,2.9,0,home_improvement,0
50700.0,19300.0,710.0,0.256,1.2,1,debt_consolidation,0
40000.0,20200.0,713.0,0.319,0.1,0,education,0
36700.0,31700.0,694.0,0.216,1.7,0,education,1
206100.0,60000.0,688.0,0.262,18.7,0,medical,0
47500.0,16600.0,798.0,0.132,1.2,0,debt_consolidation,0
26100.0,22300.0,636.0,0.106,1.7,0,debt_consolidation,0
38200.0,25200.0,770.0,0.513,7.3,1,business,1
52800.0,16500.0,629.0,0.286,4.5,0,education,0
71200.0,58800.0,758.0,0.3,1.5,0,home_improvement,1
71500.0,26800.0,766.0,0.277,7.2,1,education,0
76000.0,39000.0,659.0,0.197,5.9,0,debt_consolidation,1
39200.0,18900.0,796.0,0.249,1.4,0,business,0
64200.0,53900.0,713.0,0.289,8.6,0,education,0
35000.0,10900.0,619.0,0.26,2.1,0,business,0
39700.0,14600.0,654.0,0.205,7.4,0,home_improvement,0
34200.0,21500.0,759.0,0.328,0.9,0,medical,0
29900.0,24200.0,745.0,,2.4,0,debt_consolidation,0
92200.0,17700.0,606.0,0.319,18.4,1,debt_consolidation,0
76400.0,20500.0,670.0,0.351,8.0,0,debt_consolidation,0
88300.0,60000.0,694.0,0.263,1.7,0,business,0
55300.0,39900.0,644.0,0.263,1.6,0,education,0
79900.0,30100.0,845.0,0.428,7.4,1,home_improvement,0
22500.0,8700.0,696.0,0.186,3.6,1,debt_consolidation,0
83400.0,39700.0,676.0,0.093,0.1,0,home_improvement,1
59200.0,37800.0,763.0,0.336,1.6,1,home_improvement,0
74100.0,40700.0,654.0,0.217,1.6,1,home_improvement,1
65500.0,47200.0,751.0,0.172,1.4,0,education,1
33100.0,4700.0,563.0,0.369,12.8,0,debt_consolidation,0
25600.0,19300.0,648.0,0.266,8.2,0,home_improvement,0
37900.0,5600.0,753.0,0.154,0.4,0,debt_consolidation,0
71900.0,57900.0,790.0,0.473,5.0,0,debt_consolidation,0
76500.0,10300.0,626.0,0.119,12.2,0,debt_consolidation,0
27300.0,5500.0,618.0,0.271,1.8,2,medical,1
33200.0,8100.0,720.0,0.091,4.8,0,debt_consolidation,0
37700.0,10500.0,636.0,0.307,26.6,0,debt_consolidation,0
45300.0,19100.0,661.0,0.216,9.7,0,home_improvement,0
27400.0,17100.0,741.0,0.362,0.4,0,home_improvement,0
26600.0,21700.0,642.0,0.278,1.8,1,medical,0
35900.0,18700.0,542.0,0.415,16.9,0,medical,0
56600.0,29800.0,589.0,0.237,8.8,0,education,0
30000.0,10700.0,681.0,0.12,0.5,0,debt_consolidation,0
51100.0,37800.0,550.0,0.304,1.2,1,debt_consolidation,1
92000.0,17300.0,659.0,0.255,5.8,0,debt_consolidation,0
28300.0,9600.0,583.0,0.098,1.7,0,education,0
48900.0,8700.0,795.0,0.174,11.9,1,debt_consolidation,0
90400.0,24500.0,832.0,0.206,2.6,0,medical,0
44000.0,25000.0,606.0,0.436,13.5,0,business,0
40700.0,8200.0,698.0,0.351,0.9,0,education,0
96900.0,17500.0,613.0,0.245,9.8,0,home_improvement,1
46500.0,35400.0,658.0,0.327,5.0,0,medical,0
94100.0,18300.0,806.0,0.076,2.7,0,debt_consolidation,0
67100.0,39400.0,647.0,0.224,1.9,0,business,0
45600.0,17400.0,660.0,0.32,11.5,0,debt_consolidation,0
68900.0,56300.0,614.0,0.297,12.4,1,education,0
63600.0,42400.0,760.0,0.226,5.5,0,debt_consolidation,0
90300.0,13300.0,452.0,0.276,6.2,0,education,1
41200.0,33600.0,649.0,0.314,10.1,0,debt_consolidation,0
55300.0,23800.0,677.0,0.279,4.1,1,debt_consolidation,0
52500.0,17800.0,634.0,0.366,2.1,2,home_improvement,1
77000.0,49100.0,740.0,0.312,3.2,0,debt_consolidation,0
32400.0,21800.0,764.0,0.331,0.8,0,debt_consolidation,1
90100.0,30900.0,581.0,0.451,13.6,0,business,1
68400.0,26100.0,827.0,0.363,6.8,0,debt_consolidation,0
28000.0,6300.0,580.0,0.454,2.8,0,education,0
99100.0,57000.0,770.0,0.213,5.1,1,debt_consolidation,0
165600.0,60000.0,690.0,0.121,1.0,0,education,0
89400.0,38700.0,645.0,0.266,0.4,0,business,0
110600.0,60000.0,651.0,0.257,,0,home_improvement,0
56500.0,13600.0,678.0,0.426,3.7,0,business,0
23600.0,17400.0,695.0,0.167,0.5,0,education,0
21500.0,18100.0,616.0,0.272,0.7,0,home_improvement,0
61500.0,40000.0,664.0,0.321,1.4,0,debt_consolidation,1
40300.0,7600.0,626.0,0.29,8.9,0,business,0
34300.0,12400.0,595.0,0.263,1.0,1,business,0
52500.0,8800.0,623.0,0.316,3.4,1,debt_consolidation,0
73700.0,42800.0,600.0,0.388,7.4,0,debt_consolidation,0
26200.0,23500.0,651.0,0.434,7.3,0,debt_consolidation,0
43300.0,17300.0,710.0,0.283,2.3,0,debt_consolidation,0
115300.0,26600.0,688.0,0.198,2.3,0,debt_consolidation,0
31600.0,10000.0,818.0,0.433,0.5,1,business,0
83700.0,46600.0,525.0,0.172,,0,business,0
42500.0,23600.0,713.0,0.459,4.3,0,home_improvement,0
71200.0,20200.0,680.0,0.414,8.7,0,debt_consolidation,1
93800.0,60000.0,737.0,0.429,0.6,0,home_improvement,0
78500.0,13400.0,730.0,0.349,22.5,0,business,1
85400.0,51100.0,668.0,0.069,0.3,0,medical,0
30500.0,13400.0,692.0,0.176,0.8,1,business,0
94500.0,19100.0,628.0,0.311,2.0,0,medical,0
35400.0,21500.0,723.0,0.212,0.1,0,home_improvement,1
61700.0,39400.0,548.0,0.248,0.6,0,debt_consolidation,1
61600.0,27800.0,734.0,0.341,3.1,1,medical,1
69000.0,50900.0,678.0,0.263,1.4,0,education,1
64100.0,32500.0,646.0,0.158,4.9,0,medical,0
35500.0,11700.0,664.0,0.369,8.5,0,education,0
27600.0,23800.0,669.0,0.331,0.4,1,debt_consolidation,1
83800.0,60000.0,771.0,0.255,2.2,0,debt_consolidation,0
59500.0,10500.0,850.0,0.351,5.2,0,business,1
96200.0,60000.0,765.0,0.29,5.1,2,home_improvement,0
53000.0,38200.0,640.0,0.413,8.7,0,debt_consolidation,0
26800.0,5000.0,724.0,0.295,0.5,0,education,0
87800.0,45300.0,727.0,0.412,7.5,0,debt_consolidation,0
45000.0,5800.0,615.0,0.093,5.6,0,education,0
64300.0,36700.0,592.0,0.326,8.4,0,home_improvement,0
39200.0,33200.0,676.0,0.24,4.8,1,education,1
123300.0,48700.0,737.0,0.194,2.7,1,business,0
35000.0,17700.0,567.0,0.396,0.9,0,debt_consolidation,1
45800.0,12900.0,630.0,0.369,10.8,0,business,0
57200.0,30500.0,720.0,0.079,1.4,0,medical,0
31400.0,23300.0,683.0,0.352,3.5,0,business,1
63900.0,17400.0,779.0,0.339,2.9,1,medical,0
121300.0,60000.0,581.0,0.208,13.5,0,debt_consolidation,0
42400.0,16300.0,845.0,0.196,16.4,0,home_improvement,0
66000.0,46100.0,572.0,0.121,0.7,0,debt_consolidation,0
13700.0,9100.0,538.0,0.246,1.0,0,education,1
53100.0,35000.0,676.0,0.262,5.9,0,debt_consolidation,0
46300.0,18600.0,601.0,0.36,2.3,0,debt_consolidation,1
36000.0,20900.0,677.0,0.307,0.9,0,business,0
93000.0,57700.0,675.0,0.174,2.0,0,business,0
46000.0,29700.0,666.0,0.304,1.6,2,education,1
49600.0,27800.0,621.0,0.255,5.7,1,home_improvement,0
44900.0,35600.0,710.0,0.187,,1,medical,0
20800.0,6200.0,658.0,0.121,11.1,0,business,0
30800.0,4500.0,757.0,0.342,2.4,0,debt_consolidation,1
87600.0,60000.0,667.0,0.325,3.7,2,debt_consolidation,0
18900.0,2800.0,612.0,0.336,6.5,0,business,1
36900.0,30300.0,562.0,0.207,4.8,0,debt_consolidation,1
44400.0,26200.0,668.0,0.297,1.9,1,education,0
129500.0,60000.0,591.0,,8.8,0,home_improvement,1
79600.0,43900.0,586.0,0.181,3.9,0,home_improvement,1
41000.0,31000.0,717.0,0.283,5.4,0,debt_consolidation,0
104000.0,60000.0,556.0,0.306,0.7,0,education,1
37400.0,19500.0,779.0,0.117,10.0,2,education,0
89700.0,35000.0,691.0,0.174,0.2,1,business,0
27500.0,2800.0,677.0,0.243,4.1,0,home_improvement,0
92700.0,27900.0,608.0,0.376,4.3,0,business,0
44200.0,38100.0,734.0,0.199,3.9,0,debt_consolidation,0
32400.0,10400.0,680.0,0.294,8.4,1,debt_consolidation,0
48600.0,34100.0,632.0,0.305,6.9,0,business,0
62200.0,31500.0,694.0,0.255,3.8,0,debt_consolidation,1
42300.0,14700.0,562.0,0.307,1.7,0,debt_consolidation,0
71500.0,60000.0,566.0,0.146,0.7,0,debt_consolidation,1
40500.0,5600.0,602.0,0.214,,0,education,0
73900.0,41800.0,704.0,0.423,3.6,1,medical,0
67600.0,31700.0,680.0,0.43,0.4,0,business,0
52600.0,8500.0,753.0,0.364,10.1,0,debt_consolidation,0
43400.0,11800.0,616.0,0.39,2.9,0,debt_consolidation,1
58400.0,38300.0,720.0,0.097,7.2,0,debt_consolidation,0
71300.0,13300.0,672.0,0.185,18.5,0,business,0
151900.0,60000.0,614.0,0.249,5.2,1,home_improvement,0
86700.0,52000.0,707.0,0.522,2.4,2,debt_consolidation,0
88300.0,16000.0,675.0,0.249,1.5,1,debt_consolidation,1
253800.0,60000.0,636.0,0.354,6.4,0,debt_consolidation,1
70100.0,14700.0,683.0,0.318,6.9,0,education,1
69000.0,50900.0,671.0,0.316,1.2,0,home_improvement,0
77000.0,40500.0,669.0,0.278,0.5,0,education,0
32700.0,3300.0,651.0,0.16,5.9,1,home_improvement,1
43400.0,23200.0,589.0,0.02,1.8,0,debt_consolidation,0
42100.0,20500.0,685.0,0.408,,1,education,0
74900.0,46000.0,624.0,0.218,5.9,1,education,0
49700.0,6400.0,609.0,0.093,6.2,0,debt_consolidation,0
58100.0,7500.0,663.0,0.324,9.8,0,education,0
93300.0,35400.0,731.0,0.322,19.0,0,business,0
83400.0,54300.0,693.0,0.357,5.2,0,education,1
50000.0,31700.0,643.0,0.392,2.0,3,education,0
38800.0,12500.0,640.0,0.188,23.1,0,education,0
95600.0,26100.0,725.0,0.193,0.9,0,debt_consolidation,1
79800.0,51600.0,512.0,0.248,0.1,1,debt_consolidation,1
24300.0,3000.0,736.0,0.362,5.2,1,home_improvement,0
46300.0,25300.0,549.0,0.07,3.6,0,debt_consolidation,1
58900.0,25900.0,581.0,0.293,5.6,0,education,1
80000.0,23300.0,644.0,0.373,4.5,1,education,0
85400.0,44100.0,832.0,0.369,0.3,0,debt_consolidation,0
62400.0,17100.0,797.0,0.351,2.6,0,business,0
72600.0,40000.0,729.0,0.386,10.9,0,business,0
55900.0,12300.0,705.0,0.02,1.7,1,debt_consolidation,0
38700.0,16400.0,550.0,0.441,11.3,0,home_improvement,0
47500.0,24100.0,691.0,0.313,4.3,1,debt_consolidation,1
54700.0,6900.0,642.0,0.413,2.2,1,business,0
53200.0,31300.0,623.0,0.163,,0,home_improvement,1
21100.0,14800.0,691.0,0.105,1.6,0,education,0
44400.0,38400.0,647.0,0.459,5.3,0,business,0
55700.0,14600.0,741.0,0.187,2.2,0,education,0
47100.0,12600.0,544.0,,9.6,0,business,1
47900.0,16500.0,685.0,0.333,0.8,0,debt_consolidation,0
69100.0,56200.0,618.0,0.357,5.9,0,debt_consolidation,1
31600.0,13400.0,651.0,0.388,,1,home_improvement,1
24000.0,8200.0,701.0,0.302,2.8,0,business,0
45500.0,31500.0,602.0,0.175,7.7,0,debt_consolidation,1
79400.0,10400.0,691.0,0.351,0.8,0,home_improvement,0
126000.0,60000.0,665.0,0.352,5.9,0,medical,0
80100.0,36900.0,634.0,0.098,8.5,0,debt_consolidation,0
26000.0,15600.0,647.0,0.422,4.5,2,education,0
48200.0,33000.0,669.0,0.031,1.2,1,debt_consolidation,0
61600.0,22200.0,626.0,0.383,5.0,0,debt_consolidation,1
59200.0,36100.0,680.0,0.217,7.2,0,debt_consolidation,0
70900.0,36800.0,661.0,0.351,0.5,2,medical,0
34300.0,7100.0,637.0,0.331,1.1,0,debt_consolidation,0
56000.0,45100.0,791.0,0.276,5.5,1,debt_consolidation,0
66800.0,47000.0,709.0,0.325,5.1,0,education,0
81900.0,60000.0,653.0,0.271,5.8,0,debt_consolidation,0
36200.0,24500.0,690.0,0.351,0.2,0,home_improvement,0
45600.0,13500.0,608.0,0.499,1.1,0,home_improvement,0
14000.0,6200.0,649.0,0.146,12.2,1,business,0
39700.0,16300.0,658.0,0.02,,0,business,1
41700.0,5400.0,593.0,0.238,2.4,0,debt_consolidation,0
32500.0,13900.0,707.0,0.232,5.0,0,education,0
58900.0,22200.0,645.0,0.242,6.3,1,home_improvement,0
52700.0,5400.0,655.0,0.187,8.8,1,debt_consolidation,1
17500.0,13600.0,640.0,0.367,6.2,1,home_improvement,1
60300.0,13000.0,850.0,0.142,4.9,0,business,0
34100.0,17100.0,634.0,0.325,2.4,0,medical,1
69100.0,50300.0,535.0,,12.5,1,home_improvement,1
28500.0,16600.0,568.0,0.312,1.6,0,debt_consolidation,1
55000.0,13000.0,733.0,,15.5,0,education,0
47000.0,27900.0,774.0,0.375,2.3,1,home_improvement,0
63000.0,44500.0,632.0,0.285,8.7,0,home_improvement,0
57700.0,45200.0,770.0,0.245,12.2,1,business,0
47700.0,16900.0,732.0,0.329,1.2,0,business,0
25100.0,3200.0,667.0,0.34,0.5,1,business,1
25900.0,15200.0,662.0,0.369,9.1,0,education,0
40500.0,11400.0,693.0,0.109,3.9,0,home_improvement,0
54000.0,39100.0,741.0,0.262,4.4,0,debt_consolidation,0
40000.0,25800.0,708.0,0.173,2.7,1,business,1
74100.0,53200.0,633.0,0.336,1.7,0,home_improvement,1
47100.0,41200.0,668.0,0.353,1.2,0,debt_consolidation,0
33400.0,19000.0,819.0,0.253,2.0,0,debt_consolidation,0
47100.0,38800.0,698.0,0.207,10.6,0,medical,0
60700.0,37200.0,741.0,0.34,2.5,0,debt_consolidation,0
63700.0,15600.0,718.0,0.267,7.7,1,medical,0
138600.0,60000.0,699.0,0.423,9.1,0,education,0
38800.0,25400.0,688.0,0.457,0.7,1,debt_consolidation,1
52200.0,46100.0,743.0,0.38,7.5,0,business,0
67000.0,19700.0,730.0,0.303,0.0,2,medical,0
53500.0,19600.0,698.0,0.463,1.7,0,debt_consolidation,0
42200.0,32000.0,631.0,0.304,2.4,0,debt_consolidation,0
25000.0,3800.0,707.0,0.232,3.6,0,education,0
42000.0,25500.0,675.0,0.212,4.4,0,debt_consolidation,1
31700.0,16700.0,658.0,0.21,0.8,0,debt_consolidation,0
22800.0,5400.0,850.0,0.279,0.1,1,business,0
36400.0,8400.0,572.0,0.326,1.6,1,debt_consolidation,1
32100.0,24000.0,747.0,0.138,2.5,0,home_improvement,1
72500.0,8100.0,620.0,0.235,2.4,0,debt_consolidation,0
73200.0,51100.0,689.0,0.301,14.9,0,debt_consolidation,1
34500.0,23700.0,850.0,0.344,4.7,0,debt_consolidation,0
47600.0,29500.0,613.0,0.277,0.4,0,debt_consolidation,0
21400.0,9200.0,629.0,0.304,2.3,1,medical,1
42300.0,5200.0,679.0,0.156,2.9,0,medical,0
66100.0,49000.0,621.0,0.189,7.8,0,home_improvement,0
81800.0,16400.0,742.0,0.274,4.2,1,business,0
37900.0,12300.0,643.0,0.331,0.7,0,debt_consolidation,0
91700.0,60000.0,726.0,0.303,10.2,1,home_improvement,0
25400.0,8700.0,587.0,0.195,3.1,0,medical,0
29000.0,8800.0,554.0,0.256,3.5,0,education,1
77300.0,60000.0,664.0,0.431,12.8,0,business,0
124900.0,21100.0,570.0,0.334,0.4,0,home_improvement,1
69300.0,15800.0,786.0,0.264,2.4,0,business,0
53100.0,23900.0,573.0,0.177,1.1,1,debt_consolidation,0
18100.0,13200.0,607.0,0.209,0.3,0,debt_consolidation,1
19700.0,15900.0,709.0,0.281,3.2,0,debt_consolidation,1
57800.0,40700.0,639.0,0.308,17.2,0,medical,1
45300.0,39900.0,574.0,0.337,,0,debt_consolidation,0
31200.0,3500.0,823.0,0.319,14.5,0,debt_consolidation,0
56000.0,33400.0,610.0,0.243,2.4,1,business,1
57400.0,11100.0,666.0,0.229,5.4,1,education,1
86900.0,60000.0,665.0,0.485,2.2,0,debt_consolidation,0
58000.0,49200.0,730.0,0.224,12.6,1,debt_consolidation,1
100100.0,34300.0,712.0,0.151,7.5,1,medical,0
54400.0,41500.0,622.0,0.116,5.0,0,business,0
51100.0,30900.0,657.0,0.245,5.8,0,education,0
92200.0,16600.0,664.0,0.374,0.6,0,debt_consolidation,0
33200.0,19300.0,732.0,0.222,1.7,0,home_improvement,0
221300.0,60000.0,598.0,0.428,0.5,2,home_improvement,1
65400.0,22700.0,821.0,0.279,2.6,0,business,0
65500.0,6600.0,627.0,0.391,3.2,0,medical,0
70400.0,60000.0,679.0,0.204,12.5,1,medical,0
138500.0,59700.0,599.0,0.206,2.5,0,home_improvement,1
80500.0,35800.0,589.0,0.289,2.4,0,debt_consolidation,1
24300.0,16300.0,619.0,0.328,0.7,1,medical,1
109300.0,60000.0,612.0,0.262,1.9,0,education,0
45700.0,15600.0,651.0,0.309,3.6,2,debt_consolidation,0
57200.0,10300.0,611.0,0.339,3.3,0,medical,1
28600.0,21800.0,729.0,0.138,3.5,0,debt_consolidation,0
70500.0,34300.0,625.0,0.246,0.8,0,education,1
39100.0,24900.0,617.0,0.228,1.6,0,education,1
57000.0,44900.0,652.0,0.233,9.5,0,debt_consolidation,0
47000.0,5400.0,749.0,0.321,1.9,0,medical,0
141800.0,60000.0,695.0,0.23,0.1,0,home_improvement,0
146000.0,60000.0,673.0,0.079,10.8,0,home_improvement,0
55500.0,47600.0,580.0,0.256,1.6,1,business,1
55900.0,16000.0,600.0,0.174,4.4,2,business,0
44900.0,16100.0,591.0,0.33,3.7,0,debt_consolidation,1
94200.0,59300.0,771.0,0.361,11.2,1,education,0
46000.0,38700.0,717.0,0.063,22.9,1,home_improvement,0
43900.0,39300.0,620.0,0.203,2.8,0,medical,1
88400.0,38300.0,640.0,0.315,6.9,0,debt_consolidation,1
41400.0,22000.0,622.0,0.139,5.2,0,home_improvement,0
53200.0,12600.0,618.0,0.358,6.4,1,debt_consolidation,0
24600.0,16100.0,712.0,0.385,1.9,1,business,1
77000.0,59300.0,660.0,0.264,27.7,0,business,0
143000.0,60000.0,826.0,0.203,1.1,0,debt_consolidation,0
77700.0,29300.0,768.0,0.049,5.6,0,home_improvement,0
112500.0,60000.0,772.0,0.361,1.5,0,debt_consolidation,0
35500.0,7000.0,727.0,0.48,1.8,1,debt_consolidation,0
61000.0,30200.0,650.0,0.46,5.4,0,debt_consolidation,1
33800.0,18400.0,722.0,0.261,0.2,0,medical,0
48300.0,25600.0,656.0,0.171,15.6,0,debt_consolidation,0
79700.0,56300.0,794.0,0.364,9.9,0,home_improvement,0
57000.0,33500.0,708.0,0.267,7.3,1,business,0
26700.0,4300.0,698.0,0.328,0.2,0,debt_consolidation,0
28100.0,6900.0,689.0,0.31,3.5,1,home_improvement,0
27200.0,14300.0,802.0,0.289,1.3,0,business,0
69300.0,45400.0,580.0,0.383,3.2,1,medical,0
152000.0,60000.0,809.0,0.387,1.9,0,debt_consolidation,0
107100.0,41200.0,667.0,0.228,9.9,1,debt_consolidation,0
21000.0,3000.0,582.0,0.188,10.0,0,medical,0
110300.0,60000.0,627.0,0.03,6.0,0,debt_consolidation,0
86500.0,43100.0,564.0,0.245,2.2,0,home_improvement,1
25000.0,13300.0,726.0,0.171,5.6,0,debt_consolidation,0
46600.0,22100.0,607.0,0.322,4.6,2,medical,1
93700.0,29300.0,692.0,0.246,1.6,1,debt_consolidation,0
71300.0,22900.0,759.0,0.257,1.3,0,home_improvement,0
28200.0,4300.0,633.0,0.361,4.6,0,medical,0
73500.0,49000.0,661.0,0.32,1.5,0,debt_consolidation,1
18600.0,5900.0,589.0,0.268,3.9,0,education,0
48500.0,16400.0,653.0,0.449,16.2,0,business,0
95700.0,60000.0,850.0,0.354,5.7,1,education,0
54700.0,22400.0,734.0,0.238,3.2,1,debt_consolidation,0
42200.0,21500.0,661.0,0.243,13.3,0,business,0
84500.0,34600.0,637.0,0.359,8.3,0,debt_consolidation,1
88200.0,29300.0,677.0,0.3,0.3,0,debt_consolidation,0
104300.0,10900.0,689.0,0.168,0.1,0,debt_consolidation,0
83900.0,60000.0,651.0,0.369,17.5,0,education,0
93000.0,44500.0,717.0,0.406,3.0,0,debt_consolidation,0
78200.0,52900.0,613.0,0.398,8.5,0,debt_consolidation,0
61900.0,53700.0,613.0,0.434,0.5,0,home_improvement,1
56700.0,5800.0,706.0,0.487,1.3,0,debt_consolidation,0
48100.0,30800.0,598.0,0.453,0.9,0,medical,1
29500.0,5700.0,731.0,0.314,3.2,1,home_improvement,1
33600.0,15700.0,679.0,0.259,0.8,0,home_improvement,0
47100.0,36600.0,552.0,0.097,1.5,0,debt_consolidation,1
61100.0,9600.0,688.0,0.281,7.9,1,business,0
111300.0,60000.0,562.0,0.332,15.2,0,debt_consolidation,0
53100.0,30000.0,729.0,0.284,3.0,0,debt_consolidation,0
89500.0,37200.0,663.0,0.091,2.7,0,debt_consolidation,0
92900.0,10700.0,810.0,0.251,4.6,0,business,0
48300.0,27500.0,755.0,0.345,6.3,1,education,0
72900.0,36200.0,606.0,0.177,1.9,0,debt_consolidation,0
48000.0,13100.0,539.0,0.297,1.8,0,debt_consolidation,0
104900.0,51600.0,627.0,0.323,7.5,0,home_improvement,0
74500.0,8200.0,595.0,,3.1,0,debt_consolidation,0
29900.0,26900.0,808.0,0.451,5.6,0,education,0
58700.0,21500.0,679.0,0.242,6.4,0,debt_consolidation,0
123500.0,59800.0,745.0,0.298,0.6,0,debt_consolidation,0
49500.0,36000.0,660.0,0.302,9.7,0,medical,0
67800.0,45400.0,667.0,0.345,13.5,0,home_improvement,0
71200.0,57700.0,678.0,0.334,2.4,0,debt_consolidation,0
32300.0,27600.0,757.0,0.423,5.5,1,debt_consolidation,1
69900.0,17600.0,702.0,0.047,6.4,0,business,0
27000.0,11100.0,606.0,0.322,7.4,0,medical,0
39600.0,25700.0,794.0,0.329,0.6,1,medical,0
92800.0,12600.0,660.0,0.256,3.0,0,medical,0
64800.0,43600.0,648.0,0.054,11.0,0,debt_consolidation,0
46500.0,4800.0,482.0,0.274,6.5,2,debt_consolidation,1
67700.0,56300.0,724.0,0.209,0.1,1,debt_consolidation,0
52600.0,35500.0,687.0,0.448,0.1,1,debt_consolidation,0
54500.0,30100.0,687.0,0.318,3.9,2,medical,1
75200.0,33300.0,652.0,0.2,3.5,0,debt_consolidation,0
37700.0,33600.0,640.0,0.075,0.9,0,home_improvement,1
55300.0,38100.0,654.0,0.339,2.5,0,debt_consolidation,1
46300.0,34500.0,712.0,0.35,2.0,0,medical,0
24500.0,18600.0,725.0,0.258,2.7,1,medical,0
34200.0,4000.0,664.0,0.34,1.2,0,medical,1
118700.0,17100.0,746.0,0.245,4.2,0,debt_consolidation,0
65700.0,17000.0,674.0,0.387,8.4,1,business,0
28000.0,17500.0,645.0,0.379,0.6,0,business,1
25100.0,15000.0,694.0,0.116,1.9,0,education,0
51200.0,18400.0,585.0,0.14,12.9,0,education,1
118300.0,60000.0,696.0,0.483,2.8,0,debt_consolidation,0
49300.0,8600.0,572.0,0.373,1.9,0,education,1
104100.0,60000.0,608.0,0.154,9.3,0,business,1
64600.0,31300.0,539.0,0.123,0.5,0,debt_consolidation,1
68600.0,29800.0,668.0,0.301,3.5,1,debt_consolidation,1
27800.0,3300.0,793.0,0.166,11.2,0,debt_consolidation,1
86600.0,59100.0,672.0,0.248,2.3,2,business,0
45800.0,32900.0,725.0,0.275,1.7,0,home_improvement,0
83400.0,29600.0,845.0,0.271,1.9,0,business,0
36100.0,18500.0,708.0,0.393,1.9,0,education,0
59200.0,34600.0,626.0,0.463,1.5,0,debt_consolidation,0
64600.0,25500.0,636.0,0.232,15.6,0,home_improvement,0
50200.0,29700.0,680.0,0.167,1.5,0,debt_consolidation,0
66300.0,29700.0,636.0,0.319,3.3,0,home_improvement,0
47400.0,38000.0,641.0,0.443,7.3,1,home_improvement,1
39200.0,26500.0,749.0,0.24,1.5,1,home_improvement,0
120900.0,22800.0,752.0,0.365,7.1,2,debt_consolidation,0
91500.0,60000.0,565.0,0.196,11.7,0,home_improvement,0
37000.0,13700.0,623.0,0.282,3.0,0,business,1
72000.0,60000.0,648.0,0.164,5.6,1,debt_consolidation,0
37400.0,21800.0,722.0,0.281,5.7,1,business,0
30000.0,3700.0,760.0,0.268,3.5,0,home_improvement,0
90800.0,60000.0,850.0,,1.2,0,education,0
23100.0,4700.0,647.0,0.458,18.8,1,debt_consolidation,0
86100.0,60000.0,651.0,0.241,1.5,0,debt_consolidation,1
47700.0,41000.0,721.0,0.08,4.3,0,education,0
48700.0,32000.0,632.0,0.26,6.1,0,business,1
66500.0,35000.0,670.0,0.31,2.8,0,home_improvement,0
72400.0,42100.0,651.0,0.3,,0,debt_consolidation,0
35800.0,15900.0,496.0,0.264,4.3,1,medical,1
77600.0,12900.0,689.0,0.429,2.1,0,business,1
57300.0,48300.0,667.0,0.294,1.7,0,education,1
28900.0,10500.0,769.0,0.27,0.5,1,debt_consolidation,0
49800.0,17400.0,680.0,0.202,8.3,0,home_improvement,0
108100.0,27400.0,592.0,0.105,19.0,0,business,0
125300.0,60000.0,662.0,0.313,5.5,0,debt_consolidation,0
77500.0,60000.0,534.0,0.305,7.5,0,debt_consolidation,0
29900.0,11300.0,595.0,0.174,4.9,0,education,0
69200.0,21300.0,724.0,0.276,,0,home_improvement,0
82900.0,60000.0,663.0,0.266,3.4,0,debt_consolidation,1
77900.0,34100.0,745.0,0.218,0.4,0,education,0
80200.0,60000.0,542.0,0.201,5.7,1,business,0
65000.0,53400.0,663.0,0.321,1.7,1,business,1
52200.0,36900.0,647.0,0.257,9.4,0,debt_consolidation,0
40000.0,6900.0,747.0,0.221,4.2,0,business,0
21000.0,13900.0,727.0,0.194,1.5,0,education,0
64200.0,57100.0,725.0,0.267,1.5,0,debt_consolidation,0
59500.0,23700.0,788.0,0.372,0.4,0,debt_consolidation,0
71600.0,57700.0,654.0,0.301,5.0,1,business,0
27800.0,11900.0,773.0,0.256,2.3,0,debt_consolidation,0
74800.0,60000.0,607.0,0.311,0.2,0,debt_consolidation,1
151300.0,60000.0,604.0,0.416,0.3,0,education,0
56300.0,10000.0,733.0,0.329,4.6,0,medical,0
52500.0,25400.0,575.0,0.306,3.0,3,debt_consolidation,0
63200.0,8800.0,720.0,0.344,1.8,0,education,0
149700.0,60000.0,687.0,0.264,1.0,0,medical,0
32500.0,27000.0,755.0,0.298,3.3,0,medical,0
60000.0,17100.0,676.0,0.231,2.4,0,medical,0
36300.0,31200.0,684.0,,1.8,0,debt_consolidation,0
41200.0,7400.0,716.0,0.314,0.7,0,business,0
52800.0,33400.0,634.0,0.315,11.1,1,home_improvement,1
106300.0,60000.0,631.0,0.251,13.4,1,home_improvement,0
133300.0,60000.0,713.0,0.384,2.9,1,debt_consolidation,0
67800.0,55500.0,678.0,0.208,3.7,0,home_improvement,0
44900.0,40100.0,651.0,0.103,3.4,0,debt_consolidation,0
188400.0,60000.0,674.0,0.21,4.7,0,home_improvement,0
43700.0,31700.0,792.0,0.126,0.2,0,debt_consolidation,0
40700.0,5100.0,649.0,0.314,11.4,1,education,0
22300.0,9900.0,647.0,0.205,5.8,1,debt_consolidation,0
108900.0,36000.0,560.0,0.378,2.9,1,education,0
87900.0,60000.0,677.0,0.376,2.9,0,education,0
181500.0,60000.0,726.0,0.188,1.5,1,debt_consolidation,0
27000.0,16000.0,739.0,0.199,2.5,0,business,0
112300.0,60000.0,688.0,0.333,7.3,0,home_improvement,0
56100.0,9600.0,747.0,0.378,3.7,0,medical,0
81100.0,60000.0,731.0,0.079,1.1,0,home_improvement,0
23800.0,4300.0,758.0,0.308,6.3,0,medical,0
112900.0,42600.0,749.0,0.06,12.3,0,business,0
80300.0,48500.0,790.0,0.225,0.1,0,home_improvement,0
53100.0,19800.0,668.0,0.389,0.2,2,business,0
74800.0,48300.0,587.0,0.581,9.8,0,debt_consolidation,1
36900.0,26600.0,726.0,0.256,1.5,0,medical,0
40500.0,30900.0,735.0,0.155,3.6,0,home_improvement,0
43000.0,10500.0,790.0,0.229,4.3,0,debt_consolidation,1
21500.0,5300.0,770.0,0.287,2.7,1,education,0
83400.0,11800.0,816.0,0.213,4.5,0,debt_consolidation,0
98300.0,48400.0,723.0,0.188,1.9,0,business,1
38200.0,8000.0,696.0,0.237,11.0,1,medical,0
64500.0,22900.0,583.0,0.32,0.6,0,education,1
47400.0,36600.0,702.0,0.263,4.0,0,debt_consolidation,1
63800.0,54800.0,641.0,0.192,6.1,0,business,1
39600.0,30000.0,695.0,0.213,3.8,0,business,0
34800.0,3500.0,684.0,0.239,2.5,0,education,0
91700.0,50800.0,713.0,0.18,3.0,0,debt_consolidation,0
52500.0,12200.0,673.0,0.209,1.0,0,home_improvement,1
148900.0,59600.0,745.0,0.344,2.6,1,debt_consolidation,1
55400.0,24500.0,489.0,0.257,3.5,1,medical,1
34100.0,29100.0,693.0,0.105,12.0,1,debt_consolidation,0
100100.0,60000.0,764.0,0.382,4.5,0,debt_consolidation,0
74300.0,23300.0,811.0,0.322,4.4,0,debt_consolidation,0
77900.0,47800.0,731.0,0.142,0.7,0,home_improvement,0
98300.0,60000.0,798.0,0.243,14.0,1,education,0
39100.0,5800.0,692.0,0.201,1.2,0,medical,0
50800.0,38200.0,680.0,0.348,3.3,1,business,1
49700.0,13600.0,717.0,0.243,1.0,0,debt_consolidation,0
28400.0,6300.0,680.0,0.273,3.4,1,debt_consolidation,0
47500.0,38900.0,625.0,0.261,3.7,1,debt_consolidation,0
105700.0,10700.0,644.0,0.132,9.5,0,medical,0
61000.0,42300.0,602.0,0.421,4.5,0,business,0
27600.0,4700.0,717.0,0.346,0.2,1,debt_consolidation,0
24900.0,14800.0,681.0,0.205,0.2,0,debt_consolidation,0
124500.0,60000.0,655.0,0.299,20.2,0,business,0
51800.0,40900.0,640.0,0.377,1.3,0,home_improvement,0
39200.0,29700.0,715.0,0.286,1.4,0,home_improvement,0
47200.0,30600.0,735.0,0.436,10.5,0,debt_consolidation,0
25900.0,10500.0,601.0,0.572,1.2,1,debt_consolidation,0
110400.0,25700.0,590.0,0.267,0.2,0,debt_consolidation,0
44500.0,27100.0,747.0,0.222,,0,education,0
107300.0,53400.0,584.0,0.181,10.6,0,education,1
55600.0,9000.0,718.0,0.059,0.8,0,debt_consolidation,0
110700.0,60000.0,793.0,0.405,2.3,0,education,0
61600.0,21700.0,793.0,0.245,5.2,0,debt_consolidation,0
83000.0,8400.0,732.0,0.368,1.8,0,debt_consolidation,0
77600.0,60000.0,730.0,0.388,6.4,0,debt_consolidation,0
74000.0,41600.0,838.0,0.172,2.8,0,debt_consolidation,0
64500.0,44300.0,517.0,0.187,1.5,0,business,1
48200.0,10700.0,647.0,0.454,,0,debt_consolidation,0
141200.0,59800.0,739.0,0.273,30.2,0,debt_consolidation,0
34400.0,21200.0,656.0,0.214,4.5,2,medical,0
54300.0,16300.0,767.0,0.175,6.2,0,debt_consolidation,1
54600.0,36100.0,677.0,0.266,0.4,0,debt_consolidation,0
66300.0,19000.0,689.0,0.431,1.4,0,debt_consolidation,1
43700.0,11700.0,661.0,0.349,11.2,0,debt_consolidation,1
63400.0,6900.0,643.0,0.298,2.7,1,debt_consolidation,0
49800.0,16200.0,642.0,0.439,1.0,0,education,1
24600.0,7300.0,699.0,0.42,2.3,0,home_improvement,0
54400.0,38700.0,626.0,0.313,0.2,0,debt_consolidation,0
31200.0,17300.0,747.0,0.558,2.1,0,medical,0
22800.0,5500.0,726.0,0.255,8.7,1,debt_consolidation,0
58000.0,32200.0,757.0,0.39,14.5,0,home_improvement,0
69100.0,19400.0,601.0,,5.3,0,debt_consolidation,0
70500.0,31000.0,561.0,0.37,17.2,1,debt_consolidation,1
71900.0,58300.0,680.0,0.255,6.3,0,home_improvement,0
20600.0,13900.0,850.0,0.326,1.8,2,debt_consolidation,0
27400.0,17000.0,769.0,0.519,0.3,1,debt_consolidation,0
145300.0,47200.0,641.0,0.375,4.6,0,home_improvement,0
32100.0,6400.0,710.0,0.328,10.3,0,medical,0
73500.0,51600.0,731.0,0.203,5.8,0,home_improvement,0
38400.0,21300.0,584.0,0.299,2.3,1,debt_consolidation,0
56400.0,33700.0,776.0,0.179,5.4,0,debt_consolidation,0
39500.0,34800.0,668.0,0.369,2.5,0,home_improvement,0
71700.0,27100.0,674.0,0.366,2.9,0,debt_consolidation,0
58000.0,43000.0,682.0,0.262,9.7,2,debt_consolidation,0
43300.0,23700.0,760.0,0.446,2.3,0,home_improvement,0
32000.0,9200.0,627.0,0.432,2.1,0,business,0
61900.0,8800.0,561.0,0.295,6.5,1,medical,1
29500.0,17500.0,703.0,0.337,12.0,0,debt_consolidation,0
67100.0,22700.0,537.0,0.221,1.9,0,medical,1
201400.0,60000.0,659.0,0.253,3.9,1,debt_consolidation,0
106400.0,60000.0,763.0,0.172,6.7,1,medical,0
77600.0,36000.0,721.0,0.232,2.4,0,education,0
51900.0,27500.0,753.0,0.27,3.4,0,education,0
20600.0,12400.0,723.0,0.114,2.7,1,debt_consolidation,0
28000.0,13300.0,849.0,0.338,3.9,1,education,0
102900.0,60000.0,639.0,0.382,14.1,1,home_improvement,0
36500.0,5900.0,708.0,0.279,1.9,0,education,0
38200.0,33800.0,649.0,0.02,8.8,0,home_improvement,0
49900.0,6300.0,747.0,0.255,5.6,1,debt_consolidation,0
31900.0,8500.0,676.0,0.141,4.1,0,home_improvement,0
29300.0,19500.0,800.0,0.219,,0,debt_consolidation,0
52800.0,8900.0,643.0,0.425,8.4,1,debt_consolidation,1
34700.0,10700.0,778.0,0.037,4.2,0,home_improvement,0
37400.0,8300.0,722.0,0.198,0.9,0,home_improvement,0
36700.0,24900.0,678.0,0.363,1.9,0,debt_consolidation,0
70300.0,39600.0,718.0,0.21,6.4,0,debt_consolidation,0
48200.0,7300.0,698.0,0.202,4.1,1,home_improvement,0
49500.0,23200.0,705.0,0.483,9.3,0,business,0
73000.0,19500.0,666.0,0.318,17.6,0,home_improvement,0
50500.0,44100.0,631.0,0.373,3.5,0,medical,0
47100.0,8800.0,657.0,0.329,9.8,2,home_improvement,0
68500.0,39600.0,562.0,0.296,0.4,1,debt_consolidation,1
75700.0,36800.0,739.0,0.406,2.2,2,debt_consolidation,1
50300.0,28300.0,594.0,0.471,8.5,1,debt_consolidation,0
56400.0,48800.0,665.0,0.112,0.6,0,business,1
36600.0,13700.0,725.0,0.276,2.5,1,debt_consolidation,0
35200.0,24600.0,739.0,0.276,4.3,0,debt_consolidation,0
79600.0,36500.0,556.0,0.237,21.6,0,education,0
67700.0,42600.0,674.0,0.378,10.8,0,education,0
68000.0,26700.0,712.0,0.306,3.0,1,education,0
62300.0,17500.0,684.0,0.473,3.3,2,debt_consolidation,0
55400.0,9200.0,774.0,0.39,0.3,1,business,0
76700.0,13900.0,622.0,0.416,0.5,1,debt_consolidation,0
86500.0,60000.0,537.0,0.16,19.3,0,debt_consolidation,1
85400.0,60000.0,737.0,0.199,1.1,0,medical,0
51500.0,15200.0,642.0,0.208,6.8,0,business,0
108400.0,56700.0,557.0,0.412,0.7,1,business,1
60700.0,40800.0,669.0,0.183,1.0,1,home_improvement,1
74300.0,28400.0,766.0,0.186,1.1,0,business,0
62400.0,28200.0,592.0,0.168,1.0,0,debt_consolidation,1
61300.0,41400.0,844.0,0.555,1.1,1,business,0
37500.0,10600.0,621.0,0.266,2.7,0,medical,1
76900.0,40100.0,686.0,0.333,11.7,2,debt_consolidation,0
224700.0,60000.0,595.0,0.166,1.8,0,debt_consolidation,0
44900.0,4600.0,683.0,0.376,1.9,0,medical,0
56100.0,36600.0,671.0,0.103,1.1,0,home_improvement,0
43300.0,28800.0,576.0,,5.0,0,business,0
42400.0,38000.0,850.0,0.207,6.0,0,business,0
117300.0,28700.0,645.0,0.302,10.2,2,medical,0
38700.0,26800.0,645.0,0.201,9.6,1,debt_consolidation,0
42700.0,36700.0,748.0,0.432,11.5,0,education,0
24500.0,15100.0,807.0,0.33,,1,medical,0
37100.0,32300.0,759.0,0.211,,0,home_improvement,0
23100.0,20700.0,596.0,0.38,0.2,1,debt_consolidation,1
74300.0,55100.0,695.0,0.241,0.6,0,education,1
219700.0,60000.0,548.0,0.221,4.9,0,debt_consolidation,0
45100.0,27100.0,743.0,0.37,1.1,0,debt_consolidation,0
23500.0,11700.0,566.0,0.035,1.7,0,debt_consolidation,0
85000.0,60000.0,624.0,0.353,8.2,0,debt_consolidation,0
37700.0,28800.0,680.0,0.209,21.1,0,home_improvement,0
103700.0,19500.0,711.0,0.209,0.4,1,debt_consolidation,0
47100.0,16100.0,662.0,0.476,0.0,0,home_improvement,1
39500.0,12200.0,786.0,0.227,0.8,1,business,0
49600.0,38900.0,731.0,0.376,1.4,0,home_improvement,0
79100.0,22700.0,725.0,0.308,11.0,0,home_improvement,0
48400.0,16600.0,594.0,0.318,6.7,0,debt_consolidation,1
42300.0,21800.0,799.0,0.255,1.1,3,home_improvement,1
49000.0,7900.0,624.0,0.25,2.3,1,education,0
28700.0,24900.0,802.0,0.433,35.0,0,business,0
66100.0,32600.0,822.0,0.373,9.3,1,business,0
22200.0,5600.0,716.0,0.23,1.5,2,home_improvement,0
43400.0,13700.0,752.0,0.175,2.1,2,debt_consolidation,0
79200.0,58500.0,464.0,0.222,0.4,0,education,0
63000.0,38300.0,666.0,0.378,7.1,0,business,0
72800.0,34300.0,757.0,0.398,1.7,0,business,0
52400.0,19100.0,745.0,0.335,7.9,0,business,0
97200.0,60000.0,595.0,0.118,1.2,3,debt_consolidation,1
86000.0,60000.0,659.0,0.355,0.0,0,medical,0
67700.0,45700.0,502.0,0.41,4.0,0,debt_consolidation,0
86100.0,39300.0,709.0,0.297,2.8,0,debt_consolidation,0
78800.0,60000.0,548.0,0.478,8.1,0,education,1
43500.0,29100.0,759.0,0.148,2.0,2,debt_consolidation,0
27700.0,12200.0,763.0,0.348,4.1,0,debt_consolidation,0
66800.0,58000.0,647.0,0.178,5.0,0,debt_consolidation,0
71200.0,58100.0,716.0,0.386,1.1,0,debt_consolidation,0
93500.0,60000.0,665.0,0.341,23.7,0,debt_consolidation,0
33900.0,24200.0,697.0,0.46,12.8,1,home_improvement,0
34400.0,15100.0,600.0,0.33,1.2,0,debt_consolidation,1
68200.0,34500.0,724.0,0.24,1.3,1,home_improvement,0
52300.0,13200.0,565.0,0.231,10.2,0,education,0
21100.0,12200.0,552.0,0.255,2.2,1,debt_consolidation,0
65400.0,25900.0,671.0,0.229,0.6,1,medical,0
21500.0,8100.0,665.0,0.415,7.2,0,debt_consolidation,0
33800.0,29000.0,699.0,0.408,6.5,0,business,1
106500.0,24700.0,635.0,0.13,3.0,0,business,0
134900.0,60000.0,812.0,0.284,19.9,0,business,0
29500.0,9600.0,691.0,0.286,1.6,0,home_improvement,0
45900.0,5600.0,696.0,0.202,6.2,0,medical,0
55300.0,7300.0,694.0,0.324,9.7,0,debt_consolidation,0
132000.0,58500.0,750.0,,2.1,0,business,0
42300.0,19600.0,720.0,0.369,0.9,0,debt_consolidation,1
42700.0,15200.0,711.0,0.415,10.5,1,home_improvement,0
117500.0,60000.0,732.0,0.208,10.0,0,home_improvement,0
44900.0,21900.0,552.0,0.284,1.6,0,medical,0
77700.0,12400.0,555.0,0.203,,1,education,0
25900.0,9800.0,675.0,0.304,0.0,0,debt_consolidation,0
49700.0,9000.0,666.0,0.313,2.2,0,debt_consolidation,0
23600.0,3500.0,721.0,0.376,2.7,0,medical,0
32000.0,8500.0,681.0,0.411,8.0,0,business,0
82400.0,54400.0,721.0,0.349,0.5,0,debt_consolidation,0
52800.0,34700.0,593.0,0.194,6.9,0,education,0
46200.0,36500.0,679.0,0.145,0.4,0,home_improvement,0
37300.0,26300.0,586.0,0.332,3.9,0,debt_consolidation,1
48500.0,25600.0,707.0,0.43,1.1,0,debt_consolidation,0
63000.0,22100.0,549.0,0.278,0.5,1,education,0
88600.0,9300.0,704.0,0.127,3.8,0,debt_consolidation,0
14600.0,9000.0,577.0,0.488,1.5,0,business,1
35700.0,11800.0,653.0,0.329,5.7,0,debt_consolidation,0
58700.0,17600.0,743.0,0.297,2.9,0,home_improvement,0
51600.0,45400.0,696.0,0.163,2.4,1,debt_consolidation,0
66300.0,15900.0,565.0,0.282,1.4,0,education,0
61900.0,7800.0,633.0,0.349,3.5,1,debt_consolidation,0
46500.0,40000.0,575.0,0.33,0.6,0,debt_consolidation,1
41600.0,14300.0,561.0,0.212,0.0,1,home_improvement,1
47900.0,19900.0,688.0,0.274,0.0,0,home_improvement,0
96200.0,15800.0,719.0,0.218,6.4,1,home_improvement,0
37600.0,15900.0,711.0,0.446,,1,debt_consolidation,0
52500.0,46100.0,722.0,0.369,6.9,0,debt_consolidation,0
59400.0,38900.0,679.0,0.228,1.0,0,debt_consolidation,0
118200.0,56600.0,661.0,0.163,0.2,1,debt_consolidation,0
46600.0,16100.0,605.0,0.308,0.9,0,debt_consolidation,1
87500.0,34400.0,649.0,0.231,2.3,0,debt_consolidation,1
100300.0,59100.0,588.0,0.238,5.9,0,home_improvement,0
52500.0,15900.0,621.0,0.166,11.8,0,debt_consolidation,0
48800.0,10800.0,686.0,0.179,11.2,1,home_improvement,0
46000.0,30200.0,672.0,0.296,4.0,0,medical,1
47700.0,37900.0,850.0,0.253,0.9,0,medical,0
83000.0,60000.0,586.0,0.53,2.3,0,home_improvement,1
60800.0,47000.0,671.0,0.339,6.5,0,debt_consolidation,1
60900.0,31900.0,580.0,0.165,0.7,0,home_improvement,1
30900.0,22600.0,653.0,0.126,6.4,1,debt_consolidation,0
33400.0,28100.0,656.0,0.32,7.6,0,home_improvement,0
158200.0,18800.0,739.0,0.24,7.6,0,business,0
49600.0,21300.0,649.0,0.413,2.5,0,home_improvement,0
36800.0,9700.0,667.0,0.308,6.4,1,business,1
110800.0,60000.0,650.0,0.082,2.7,0,debt_consolidation,0
62400.0,52600.0,582.0,0.178,17.6,1,debt_consolidation,1
72300.0,53600.0,634.0,,7.0,0,debt_consolidation,0
50600.0,17000.0,653.0,0.324,,0,debt_consolidation,0
46200.0,39800.0,685.0,0.175,9.0,1,debt_consolidation,0
49800.0,6100.0,719.0,0.295,7.7,0,business,0
27100.0,6800.0,664.0,0.146,3.2,1,home_improvement,1
51800.0,30700.0,662.0,0.281,5.9,0,business,0
62800.0,46100.0,560.0,0.317,1.7,0,business,1
136700.0,60000.0,718.0,0.426,9.7,0,education,0
56600.0,19300.0,631.0,0.305,5.4,0,business,0
16900.0,7000.0,732.0,0.198,1.2,0,debt_consolidation,0
51700.0,24000.0,772.0,0.429,5.4,0,business,1
213200.0,25900.0,667.0,0.262,3.1,0,education,0
83500.0,60000.0,608.0,0.357,9.8,1,home_improvement,1
36100.0,13400.0,679.0,0.219,3.0,0,education,0
72800.0,18900.0,704.0,0.289,2.9,0,business,0
37400.0,16000.0,658.0,0.2,10.8,0,business,0
27500.0,18400.0,641.0,0.312,0.9,2,debt_consolidation,1
45500.0,36300.0,719.0,0.36,7.3,2,debt_consolidation,1
56700.0,15400.0,715.0,0.231,12.9,0,debt_consolidation,0
21200.0,5000.0,656.0,0.225,3.2,0,medical,0
30500.0,26100.0,564.0,0.316,6.1,0,debt_consolidation,0
54500.0,29500.0,712.0,0.197,0.6,1,education,0
44200.0,17400.0,626.0,0.128,7.6,0,debt_consolidation,0
66000.0,17100.0,695.0,0.315,2.8,0,business,0
29500.0,26400.0,691.0,0.269,14.7,0,medical,1
77400.0,52300.0,548.0,0.267,6.8,0,home_improvement,0
30000.0,8200.0,686.0,0.332,5.3,0,debt_consolidation,0
123200.0,21300.0,716.0,0.346,14.2,0,medical,0
23000.0,6000.0,725.0,0.264,4.3,0,debt_consolidation,0
31400.0,9400.0,688.0,0.168,4.2,0,home_improvement,0
66700.0,12600.0,542.0,0.216,5.1,0,business,0
124500.0,35300.0,769.0,0.338,2.3,0,education,0
63400.0,12300.0,709.0,0.294,1.3,1,business,0
71800.0,28900.0,596.0,0.225,3.7,0,home_improvement,1
54700.0,26700.0,625.0,0.202,2.7,2,education,0
32400.0,15000.0,696.0,0.342,,0,business,0
42400.0,32400.0,728.0,0.258,5.5,1,education,0
29600.0,9000.0,646.0,0.355,0.9,1,business,1
28600.0,23200.0,738.0,0.368,3.3,2,medical,0
66200.0,54700.0,555.0,0.249,8.7,1,debt_consolidation,1
30900.0,26800.0,607.0,0.375,8.8,0,debt_consolidation,0
63600.0,15600.0,535.0,0.294,1.9,0,education,0
28300.0,8400.0,617.0,0.307,1.4,0,business,0
62800.0,37600.0,786.0,0.061,2.7,0,medical,0
42400.0,9000.0,824.0,,6.9,0,debt_consolidation,0
109500.0,18500.0,696.0,0.188,1.3,0,education,0
63700.0,10100.0,635.0,0.248,1.8,0,education,0
100500.0,58800.0,664.0,0.291,1.4,1,home_improvement,0
37100.0,27600.0,713.0,,8.6,0,home_improvement,0
55700.0,17100.0,571.0,0.309,0.5,1,business,1
33200.0,28100.0,640.0,0.212,0.9,0,home_improvement,0
44100.0,32300.0,780.0,0.349,4.7,1,debt_consolidation,0
47500.0,7700.0,607.0,0.461,8.7,0,home_improvement,0
37700.0,16100.0,628.0,0.245,11.7,1,debt_consolidation,0
29500.0,4600.0,681.0,0.214,0.9,0,education,0
26700.0,22200.0,700.0,0.211,1.7,0,business,0
16800.0,11700.0,636.0,0.289,16.1,0,education,0
31900.0,20700.0,685.0,0.227,0.8,0,business,0
74100.0,47900.0,723.0,0.107,25.2,1,education,0
24400.0,8000.0,817.0,0.134,,0,home_improvement,0
27300.0,23100.0,671.0,0.382,9.6,0,home_improvement,1
132600.0,60000.0,677.0,0.408,7.1,0,home_improvement,0
39400.0,27200.0,787.0,0.44,11.6,0,debt_consolidation,0
63600.0,30200.0,642.0,0.303,2.4,2,debt_consolidation,1
74700.0,10300.0,587.0,0.181,0.6,0,education,0
75500.0,9300.0,698.0,0.236,13.2,1,debt_consolidation,0
25300.0,5300.0,755.0,0.131,0.1,0,debt_consolidation,0
48300.0,27900.0,705.0,0.127,0.6,0,home_improvement,0
24100.0,17800.0,673.0,0.306,1.5,0,business,0
184100.0,60000.0,579.0,0.334,7.2,1,debt_consolidation,1
24400.0,5900.0,676.0,0.476,,0,medical,0
32100.0,10300.0,766.0,0.272,3.2,0,home_improvement,0
32200.0,4600.0,594.0,0.144,1.8,1,debt_consolidation,0
25600.0,22800.0,663.0,0.268,2.8,1,debt_consolidation,1
106500.0,60000.0,653.0,0.252,1.6,1,debt_consolidation,1
181900.0,60000.0,631.0,0.231,7.7,1,home_improvement,0
42700.0,23900.0,697.0,0.314,28.5,1,home_improvement,0
28000.0,15400.0,711.0,0.159,3.5,0,education,0
17700.0,5400.0,710.0,0.293,9.0,0,debt_consolidation,0
48000.0,11900.0,612.0,0.345,1.0,1,debt_consolidation,0
46300.0,15600.0,565.0,0.422,,0,debt_consolidation,1
39100.0,11600.0,698.0,0.311,0.3,1,business,0
60500.0,33000.0,645.0,0.384,0.2,0,debt_consolidation,1
66000.0,22900.0,809.0,0.236,10.2,0,home_improvement,0
63700.0,43500.0,812.0,0.25,7.6,1,education,1
46300.0,25700.0,819.0,0.415,6.5,0,debt_consolidation,0
31200.0,16400.0,614.0,0.143,6.1,2,debt_consolidation,0
75600.0,60000.0,720.0,0.24,3.6,0,home_improvement,0
54500.0,19500.0,741.0,0.393,3.5,0,business,0
84500.0,51400.0,733.0,0.259,0.6,0,business,1
80400.0,8000.0,655.0,0.251,0.7,0,debt_consolidation,0
26600.0,18300.0,770.0,0.253,2.9,1,debt_consolidation,0
26400.0,13300.0,680.0,0.292,12.1,0,debt_consolidation,0
37100.0,9900.0,689.0,,10.5,0,debt_consolidation,0
31900.0,3200.0,572.0,0.372,2.1,1,business,1
79000.0,52600.0,725.0,0.281,10.5,0,debt_consolidation,0
64600.0,40700.0,662.0,0.389,0.3,0,debt_consolidation,0
93900.0,59400.0,713.0,0.314,13.4,1,debt_consolidation,0
66100.0,29700.0,696.0,0.366,,0,business,0
60100.0,36700.0,693.0,0.177,0.5,1,home_improvement,0
98700.0,55000.0,677.0,0.454,6.8,0,debt_consolidation,0
68500.0,19900.0,735.0,0.302,5.4,0,debt_consolidation,0
56100.0,28900.0,666.0,0.02,1.3,0,debt_consolidation,0
113600.0,58100.0,578.0,0.446,2.7,0,debt_consolidation,0
57400.0,43600.0,720.0,0.281,5.3,0,business,1
46500.0,20800.0,623.0,0.24,0.4,0,education,1
35600.0,16000.0,587.0,0.219,1.1,1,education,0
77000.0,60000.0,608.0,0.324,5.6,0,home_improvement,1
100600.0,60000.0,700.0,0.191,14.6,0,home_improvement,0
52800.0,15500.0,673.0,0.222,2.3,0,medical,0
104200.0,60000.0,531.0,0.225,1.0,1,debt_consolidation,1
20200.0,4200.0,653.0,0.251,0.3,0,education,1
52700.0,41200.0,762.0,0.228,8.8,1,home_improvement,0
53100.0,13100.0,648.0,0.365,1.9,0,debt_consolidation,1
37700.0,16600.0,668.0,0.307,3.8,0,debt_consolidation,0
178400.0,60000.0,753.0,0.319,3.1,1,business,0
52400.0,9300.0,736.0,0.341,14.3,0,business,0
44200.0,34100.0,752.0,0.271,2.0,0,debt_consolidation,1
54900.0,27200.0,486.0,0.178,5.7,1,debt_consolidation,1
19900.0,3800.0,801.0,0.461,2.0,0,education,0
37100.0,32000.0,725.0,0.373,1.1,2,medical,0
88600.0,47800.0,850.0,0.441,4.7,0,home_improvement,0
39600.0,31900.0,625.0,0.383,9.8,1,business,0
35800.0,28500.0,557.0,0.234,0.3,0,business,0
104300.0,11700.0,681.0,0.045,2.2,0,debt_consolidation,0
105900.0,33000.0,661.0,,1.1,0,debt_consolidation,0
70200.0,25900.0,726.0,0.344,2.8,0,debt_consolidation,0
43200.0,22800.0,755.0,0.27,7.3,2,business,0
48100.0,7600.0,674.0,0.238,0.7,0,home_improvement,0
36200.0,14900.0,663.0,0.03,5.8,1,business,0
32900.0,24700.0,717.0,0.279,0.9,0,education,0
32100.0,7700.0,662.0,0.172,2.8,0,education,0
39800.0,26300.0,656.0,0.208,5.2,0,debt_consolidation,0
32300.0,15100.0,753.0,0.365,6.9,0,debt_consolidation,1
24800.0,3900.0,768.0,0.177,5.5,1,business,0
60500.0,14600.0,756.0,0.187,7.5,0,home_improvement,0
60900.0,13000.0,668.0,0.299,1.7,1,business,0
126800.0,60000.0,530.0,0.367,4.7,0,debt_consolidation,1
38800.0,6600.0,670.0,0.24,1.2,1,education,1
62800.0,47600.0,627.0,0.427,3.6,0,home_improvement,0
63300.0,47200.0,671.0,0.152,0.2,0,debt_consolidation,0
47700.0,7800.0,633.0,0.135,1.8,0,home_improvement,0
78600.0,60000.0,679.0,0.126,3.2,0,business,0
79800.0,60000.0,607.0,0.115,7.6,1,home_improvement,1
63800.0,8600.0,590.0,0.314,0.1,0,home_improvement,0
47700.0,41000.0,766.0,0.182,3.5,1,education,0
45300.0,14700.0,612.0,0.139,0.6,1,medical,0
27300.0,17200.0,680.0,0.318,2.8,0,medical,0
36200.0,8700.0,747.0,0.362,14.5,0,home_improvement,0
39700.0,29900.0,744.0,0.385,7.4,0,home_improvement,0
30900.0,23900.0,736.0,0.368,3.3,1,home_improvement,0
67500.0,59600.0,701.0,0.188,8.2,1,business,0
98500.0,60000.0,731.0,0.308,7.4,0,business,1
34400.0,5500.0,776.0,0.33,2.0,1,education,0
62400.0,39100.0,710.0,0.233,1.4,0,debt_consolidation,0
32300.0,10300.0,551.0,0.296,14.5,0,business,0
46500.0,9300.0,643.0,0.155,0.6,0,debt_consolidation,0
38400.0,8400.0,729.0,0.217,1.1,0,debt_consolidation,0
73200.0,60000.0,636.0,0.317,1.8,0,home_improvement,0
38600.0,25000.0,793.0,0.431,6.7,0,education,0
89800.0,12600.0,676.0,0.395,3.1,2,debt_consolidation,0
47900.0,42500.0,686.0,0.346,16.5,2,debt_consolidation,1
39200.0,29300.0,759.0,0.288,4.3,0,medical,0
29000.0,10100.0,667.0,0.272,18.3,0,education,0
61500.0,29300.0,692.0,0.135,7.2,0,debt_consolidation,0
84800.0,57800.0,743.0,0.196,4.1,0,debt_consolidation,0
62100.0,39800.0,577.0,0.2,12.5,0,education,0
165900.0,60000.0,660.0,0.337,5.3,1,debt_consolidation,0
110700.0,56400.0,738.0,0.374,0.9,0,debt_consolidation,0
46500.0,6300.0,685.0,0.354,5.4,0,business,0
46200.0,23100.0,783.0,0.398,5.6,0,education,0
68500.0,25500.0,570.0,0.287,0.9,0,home_improvement,1
35600.0,11700.0,562.0,0.182,2.8,2,home_improvement,1
97100.0,30700.0,734.0,0.275,4.9,1,education,0
64900.0,40200.0,741.0,0.208,,0,home_improvement,0
61600.0,27300.0,666.0,0.346,9.1,0,education,0
76400.0,33700.0,708.0,0.244,18.1,1,education,0
128200.0,29100.0,732.0,0.27,4.7,0,debt_consolidation,0
59000.0,51300.0,623.0,0.349,4.9,1,home_improvement,0
51200.0,14300.0,631.0,0.206,9.4,0,debt_consolidation,0
115200.0,48900.0,693.0,0.376,0.3,1,medical,0
87900.0,22200.0,743.0,0.145,2.4,1,medical,0
46100.0,30500.0,598.0,0.311,3.0,0,medical,0
54300.0,24400.0,666.0,0.271,26.4,0,home_improvement,0
59700.0,25700.0,663.0,0.363,22.4,0,home_improvement,0
64900.0,51900.0,709.0,0.143,0.4,0,education,1
27500.0,19500.0,679.0,0.127,1.4,0,debt_consolidation,0
25100.0,12900.0,642.0,0.355,4.4,0,business,0
34800.0,16500.0,767.0,0.241,0.1,0,debt_consolidation,0
33400.0,29000.0,642.0,0.271,2.2,0,home_improvement,0
39300.0,34000.0,660.0,0.214,17.9,0,medical,0
74400.0,49400.0,569.0,0.371,5.1,0,education,0
49800.0,35300.0,630.0,0.31,3.2,0,home_improvement,0
59800.0,49000.0,716.0,0.304,5.0,0,home_improvement,1
29400.0,25600.0,702.0,0.163,7.2,1,education,0
43000.0,7100.0,722.0,0.33,5.1,1,home_improvement,0
72700.0,60000.0,719.0,0.181,1.9,0,home_improvement,0
72900.0,48300.0,826.0,0.214,3.5,0,medical,0
37700.0,21600.0,628.0,0.143,5.1,0,debt_consolidation,1
58700.0,25300.0,567.0,0.264,2.0,2,education,1
162700.0,60000.0,606.0,0.386,0.2,0,debt_consolidation,0
53700.0,39900.0,631.0,0.303,6.2,1,education,1
38300.0,23900.0,612.0,0.236,1.8,0,debt_consolidation,0
49700.0,13000.0,687.0,0.291,0.6,0,home_improvement,0
56700.0,33300.0,768.0,0.29,0.5,0,debt_consolidation,0
50200.0,10700.0,788.0,0.287,8.6,0,debt_consolidation,0
53300.0,26500.0,715.0,0.298,6.3,0,education,0
26300.0,14900.0,830.0,0.176,4.1,0,home_improvement,0
33500.0,20400.0,655.0,0.291,,0,home_improvement,0
50300.0,10900.0,566.0,0.104,7.8,0,business,0
49900.0,8800.0,754.0,0.338,4.7,0,debt_consolidation,0
40800.0,12500.0,551.0,0.17,1.1,0,debt_consolidation,0
49600.0,29000.0,627.0,0.398,21.8,0,home_improvement,0
55900.0,47300.0,716.0,0.035,10.3,0,medical,0
84500.0,60000.0,673.0,0.447,6.2,0,debt_consolidation,1
51600.0,35900.0,667.0,0.116,1.0,0,debt_consolidation,0
66100.0,24100.0,597.0,0.16,1.9,0,medical,0
41300.0,7800.0,679.0,0.31,0.2,0,home_improvement,1
72100.0,58700.0,750.0,0.342,14.7,0,business,0
65400.0,32700.0,681.0,0.252,9.3,0,debt_consolidation,0
83500.0,15100.0,622.0,0.369,,0,debt_consolidation,0
77400.0,40900.0,593.0,,7.0,0,home_improvement,0
72700.0,46600.0,623.0,0.24,5.0,0,debt_consolidation,0
51600.0,18400.0,707.0,0.25,1.7,0,home_improvement,0
61200.0,6600.0,704.0,0.226,4.7,1,debt_consolidation,1
92200.0,55100.0,624.0,0.087,12.7,0,home_improvement,0
39100.0,5200.0,525.0,0.278,4.5,0,business,1
39600.0,17700.0,709.0,0.268,0.8,1,business,1
59300.0,45100.0,617.0,0.388,10.2,0,debt_consolidation,0
66700.0,60000.0,728.0,0.151,3.4,1,debt_consolidation,1
35900.0,14200.0,627.0,0.216,3.6,1,business,0
52200.0,6100.0,611.0,0.4,16.3,2,home_improvement,0
51700.0,25600.0,691.0,0.309,13.8,1,home_improvement,0
17900.0,5700.0,845.0,0.335,1.3,0,medical,0
48500.0,39500.0,732.0,0.325,0.5,0,debt_consolidation,1
50100.0,33500.0,690.0,0.326,3.9,0,home_improvement,0
50000.0,21200.0,705.0,0.462,,0,business,1
110000.0,60000.0,557.0,0.289,27.3,0,home_improvement,0
29500.0,11000.0,601.0,0.179,1.6,0,education,0
35900.0,18600.0,504.0,0.344,3.2,0,business,1
14700.0,12300.0,801.0,0.223,0.6,0,debt_consolidation,0
42600.0,11100.0,787.0,0.269,13.3,0,business,0
44500.0,15600.0,707.0,0.317,1.5,0,debt_consolidation,0
42000.0,34000.0,689.0,0.198,3.0,0,business,0
94300.0,44300.0,571.0,0.229,4.0,0,debt_consolidation,1
83300.0,29500.0,665.0,0.328,2.7,2,debt_consolidation,1
56300.0,7300.0,805.0,0.225,5.8,0,education,0
45000.0,19600.0,689.0,0.377,0.8,0,business,0
90500.0,45300.0,640.0,0.181,8.9,0,medical,0
53600.0,22800.0,557.0,0.181,5.3,0,education,0
36000.0,11600.0,777.0,0.471,2.0,1,business,0
23000.0,9100.0,675.0,0.127,1.4,0,home_improvement,0
43400.0,26600.0,557.0,0.277,4.9,0,business,1
79000.0,60000.0,615.0,0.465,19.6,1,debt_consolidation,1
169100.0,60000.0,591.0,0.277,3.3,0,debt_consolidation,1
55900.0,34500.0,671.0,0.415,,1,debt_consolidation,0
37000.0,27900.0,695.0,0.345,0.5,1,business,1
30000.0,7000.0,645.0,0.279,4.4,0,debt_consolidation,1
71400.0,24300.0,734.0,0.267,1.4,1,debt_consolidation,0
22400.0,3100.0,686.0,0.068,12.2,0,debt_consolidation,0
71300.0,27100.0,754.0,0.248,13.3,0,debt_consolidation,0
81500.0,60000.0,655.0,0.303,0.4,0,home_improvement,0
67400.0,24500.0,850.0,0.303,3.4,0,debt_consolidation,0
48500.0,38200.0,640.0,0.527,6.7,0,business,0
71900.0,12100.0,617.0,0.308,1.6,0,business,0
59000.0,27600.0,608.0,0.343,3.1,0,education,0
36700.0,14000.0,665.0,0.396,4.3,0,debt_consolidation,0
136700.0,35700.0,560.0,0.334,17.0,0,business,0
45400.0,18100.0,701.0,0.271,2.7,0,home_improvement,0
79800.0,49600.0,547.0,0.272,0.9,0,debt_consolidation,1
16200.0,8000.0,691.0,0.245,0.1,1,debt_consolidation,0
102600.0,60000.0,585.0,0.324,7.3,0,debt_consolidation,1
112900.0,60000.0,653.0,0.263,0.4,0,home_improvement,0
55000.0,26700.0,722.0,0.342,5.0,0,home_improvement,1
71600.0,60000.0,841.0,0.179,10.4,0,medical,0
71600.0,11300.0,605.0,0.295,2.1,1,education,0
39300.0,12600.0,669.0,0.435,6.3,0,debt_consolidation,0
71200.0,30900.0,629.0,0.258,9.2,0,home_improvement,0
36200.0,20500.0,619.0,0.464,5.4,0,education,1
40000.0,21500.0,630.0,0.296,0.8,0,debt_consolidation,0
95200.0,52800.0,738.0,0.274,3.8,0,debt_consolidation,0
88200.0,60000.0,646.0,0.292,14.5,0,education,0
38100.0,12300.0,837.0,0.249,13.3,0,home_improvement,0
37500.0,28300.0,709.0,0.082,3.5,0,debt_consolidation,0
39200.0,21400.0,609.0,0.368,10.8,1,home_improvement,0
78100.0,38500.0,654.0,0.499,2.2,1,home_improvement,0
32900.0,11200.0,624.0,0.328,5.4,1,debt_consolidation,0
64800.0,22200.0,736.0,0.334,1.6,1,medical,0
78700.0,32300.0,565.0,0.262,2.2,0,home_improvement,0
51800.0,36800.0,586.0,0.396,,0,debt_consolidation,1
89800.0,43200.0,639.0,0.276,4.3,1,business,1
46500.0,10400.0,728.0,0.307,2.2,2,home_improvement,0
48700.0,34500.0,766.0,0.123,3.0,1,business,0
33200.0,20900.0,777.0,0.227,5.5,0,debt_consolidation,0
90100.0,60000.0,717.0,0.317,0.1,0,home_improvement,0
36900.0,19300.0,674.0,0.371,7.1,1,education,0
64500.0,40200.0,736.0,0.373,1.4,0,business,0
52300.0,25300.0,600.0,0.122,10.9,0,medical,0
32000.0,20600.0,551.0,0.132,8.7,1,education,0
40000.0,18000.0,711.0,0.338,0.6,0,medical,1
108200.0,22800.0,610.0,0.205,1.2,0,debt_consolidation,1
59900.0,53300.0,675.0,0.369,7.8,0,education,0
32700.0,22100.0,688.0,0.117,1.0,0,home_improvement,0
63100.0,37000.0,697.0,0.27,0.2,1,debt_consolidation,0
50400.0,24500.0,746.0,0.277,2.6,0,debt_consolidation,0
304700.0,60000.0,738.0,,,1,debt_consolidation,0
62500.0,12600.0,694.0,0.177,1.2,1,debt_consolidation,0
44800.0,16200.0,649.0,0.083,1.6,0,debt_consolidation,0
110200.0,22000.0,688.0,0.297,6.3,1,debt_consolidation,0
21600.0,4300.0,638.0,,2.6,0,education,0
56800.0,6700.0,666.0,0.381,1.2,0,home_improvement,0
146900.0,60000.0,850.0,0.244,4.6,0,debt_consolidation,0
51100.0,14400.0,693.0,0.358,2.1,1,education,0
22800.0,17500.0,712.0,0.329,8.3,0,debt_consolidation,0
44400.0,36600.0,631.0,0.412,10.1,0,home_improvement,0
112100.0,26300.0,751.0,0.274,1.2,0,business,0
65400.0,43600.0,733.0,0.107,0.4,0,medical,0
35600.0,16700.0,734.0,0.273,1.4,1,home_improvement,0
38500.0,32200.0,695.0,0.289,6.0,0,home_improvement,0
41000.0,20000.0,752.0,0.332,,3,debt_consolidation,0
64900.0,26200.0,769.0,0.127,10.3,1,home_improvement,0
105800.0,35500.0,700.0,0.249,10.1,1,debt_consolidation,0
91700.0,60000.0,672.0,0.367,2.7,0,home_improvement,0
68100.0,19100.0,743.0,0.27,2.9,0,business,0
27800.0,21200.0,617.0,0.249,9.4,0,medical,1
27900.0,7100.0,630.0,0.471,1.7,1,education,0
70700.0,43500.0,676.0,0.173,12.9,0,education,0
27600.0,12700.0,558.0,0.403,2.5,1,education,1
48400.0,8900.0,738.0,0.382,1.0,0,home_improvement,0
63100.0,12700.0,613.0,0.257,6.1,1,business,0
30700.0,10000.0,647.0,0.277,2.9,0,education,1
32500.0,23200.0,665.0,0.276,5.1,0,education,1
51700.0,35300.0,683.0,0.298,1.6,1,debt_consolidation,0
69700.0,18400.0,656.0,0.221,0.6,0,home_improvement,1
92100.0,44300.0,675.0,0.237,,0,debt_consolidation,0
73400.0,13000.0,676.0,,3.3,1,debt_consolidation,0
56200.0,37800.0,649.0,0.248,3.8,0,education,0
37300.0,27400.0,626.0,0.249,1.7,1,business,0
31700.0,25800.0,756.0,0.056,1.5,0,education,0
42000.0,34000.0,533.0,0.29,7.9,0,debt_consolidation,1
66500.0,24600.0,666.0,0.227,9.6,0,debt_consolidation,1
64100.0,19500.0,647.0,0.093,0.4,0,debt_consolidation,1
19000.0,15500.0,709.0,0.245,4.3,0,debt_consolidation,0
36600.0,7900.0,578.0,0.242,0.2,0,debt_consolidation,0
98900.0,14600.0,645.0,0.408,1.2,2,debt_consolidation,0
56400.0,19800.0,673.0,0.226,5.6,2,debt_consolidation,0
26700.0,18900.0,755.0,0.347,4.1,0,debt_consolidation,0
175900.0,60000.0,703.0,0.418,0.5,0,debt_consolidation,0
53400.0,47500.0,597.0,0.217,2.0,1,business,1
65700.0,25500.0,646.0,0.275,1.2,1,business,1
66200.0,21200.0,742.0,0.453,5.5,0,medical,0
45100.0,18200.0,596.0,0.303,14.2,1,debt_consolidation,0
37700.0,27400.0,674.0,0.317,4.7,1,debt_consolidation,1
156500.0,42500.0,679.0,0.239,6.4,0,home_improvement,0
89500.0,60000.0,653.0,0.349,0.3,1,medical,1
81700.0,41700.0,850.0,0.276,5.2,0,education,0
72300.0,52500.0,651.0,0.097,2.6,0,medical,1
32800.0,25000.0,711.0,0.244,1.4,0,home_improvement,1
102600.0,49600.0,626.0,0.162,0.3,0,business,0
35500.0,24600.0,717.0,0.291,0.7,0,medical,0
62400.0,24400.0,741.0,0.188,0.6,0,debt_consolidation,0
23900.0,17900.0,639.0,0.328,2.1,0,debt_consolidation,1
19500.0,14800.0,676.0,0.284,0.3,1,home_improvement,0
63500.0,35100.0,617.0,0.155,13.0,0,debt_consolidation,0
36200.0,9900.0,600.0,0.231,4.8,0,home_improvement,0
20000.0,17500.0,753.0,0.342,,1,education,1
71000.0,60000.0,641.0,0.395,0.8,0,home_improvement,0
156400.0,60000.0,511.0,0.19,2.6,3,business,0
108500.0,60000.0,804.0,,1.9,0,debt_consolidation,0
47600.0,23900.0,624.0,0.475,1.3,0,business,0
54400.0,21800.0,663.0,0.279,2.5,0,debt_consolidation,0
84400.0,39500.0,795.0,0.289,9.8,0,business,1
94900.0,13000.0,670.0,0.206,9.1,0,debt_consolidation,0
45600.0,24600.0,669.0,0.302,23.7,0,home_improvement,0
55100.0,34900.0,594.0,0.452,0.3,0,business,0
63000.0,11800.0,566.0,0.305,2.3,1,debt_consolidation,1
71500.0,21800.0,668.0,0.386,1.2,1,medical,0
50700.0,34300.0,705.0,0.283,4.7,0,home_improvement,0
51000.0,37500.0,701.0,0.177,2.4,1,home_improvement,1
108000.0,60000.0,646.0,0.212,9.5,3,education,0
99200.0,30000.0,681.0,0.168,9.5,0,debt_consolidation,0
68800.0,53200.0,551.0,0.302,4.2,0,education,1
128000.0,30400.0,712.0,0.402,0.9,1,debt_consolidation,0
44700.0,9200.0,691.0,0.296,0.2,0,education,0
122000.0,60000.0,818.0,0.249,0.6,1,education,0
71100.0,32500.0,681.0,0.201,9.6,0,debt_consolidation,0
278000.0,60000.0,614.0,0.316,4.8,1,debt_consolidation,1
29800.0,9700.0,676.0,0.156,2.2,0,education,0
38400.0,10400.0,657.0,0.167,4.0,0,debt_consolidation,0
66800.0,36000.0,710.0,0.37,2.2,0,education,0
66100.0,12700.0,682.0,0.252,3.4,0,business,0
143600.0,46400.0,592.0,0.25,1.5,1,debt_consolidation,1
38800.0,9000.0,565.0,0.263,2.4,0,home_improvement,0
85200.0,30300.0,698.0,0.353,1.5,2,business,0
96900.0,60000.0,777.0,0.297,0.4,1,business,1
77100.0,15200.0,686.0,0.206,0.0,0,debt_consolidation,0
33500.0,19700.0,737.0,0.209,3.3,1,medical,0
109500.0,60000.0,751.0,0.26,5.6,0,debt_consolidation,0
100200.0,53200.0,699.0,0.31,0.6,1,education,1
73100.0,35600.0,623.0,0.276,3.9,0,debt_consolidation,0
60000.0,37900.0,694.0,0.268,15.5,1,debt_consolidation,0
60700.0,47400.0,764.0,0.285,2.1,0,home_improvement,0
52100.0,12000.0,717.0,0.276,1.8,0,debt_consolidation,1
74600.0,56000.0,732.0,0.202,0.1,0,home_improvement,1
55000.0,8200.0,648.0,0.391,3.4,0,debt_consolidation,1
35400.0,17200.0,666.0,0.232,1.9,1,business,0
32100.0,16300.0,672.0,0.293,0.3,1,home_improvement,0
37200.0,9600.0,676.0,0.074,15.0,0,education,0
60500.0,10400.0,762.0,0.258,7.7,1,debt_consolidation,0
53500.0,8600.0,516.0,0.17,2.5,0,business,0
60300.0,7800.0,682.0,0.182,4.4,1,home_improvement,0
69600.0,38900.0,674.0,0.522,11.9,0,debt_consolidation,0
39600.0,8900.0,584.0,0.305,0.5,0,education,0
112700.0,60000.0,727.0,0.403,1.1,0,debt_consolidation,0
47400.0,38800.0,629.0,0.366,6.8,0,debt_consolidation,1
43600.0,14600.0,655.0,0.378,2.1,0,debt_consolidation,0
69000.0,16000.0,809.0,0.26,3.9,1,home_improvement,0
21600.0,9200.0,751.0,0.441,3.4,0,debt_consolidation,0
36500.0,29400.0,720.0,0.365,1.6,0,medical,1
88500.0,37200.0,707.0,0.284,0.7,2,debt_consolidation,0
22700.0,4200.0,668.0,0.306,3.9,0,debt_consolidation,0
94700.0,60000.0,820.0,0.266,0.3,0,debt_consolidation,0
115300.0,57600.0,736.0,0.285,10.3,2,home_improvement,0
45000.0,16800.0,628.0,0.276,0.6,0,debt_consolidation,0
62700.0,51100.0,582.0,0.318,1.6,1,debt_consolidation,1
94800.0,60000.0,720.0,0.454,3.6,0,debt_consolidation,1
42900.0,21300.0,676.0,0.159,1.5,0,business,1
83600.0,28900.0,580.0,0.394,1.2,0,debt_consolidation,1
38700.0,18800.0,710.0,0.243,0.7,0,debt_consolidation,0
42700.0,11800.0,661.0,0.407,0.3,1,home_improvement,1
36300.0,17500.0,717.0,0.247,0.4,1,home_improvement,0
64300.0,18200.0,711.0,0.321,6.4,0,debt_consolidation,0
96700.0,57800.0,637.0,0.264,2.0,0,business,0
49400.0,35000.0,724.0,0.107,4.7,0,education,0
28700.0,25100.0,645.0,0.454,13.0,0,home_improvement,0
31500.0,24400.0,650.0,0.186,9.9,0,home_improvement,0
66000.0,11100.0,643.0,0.288,0.7,2,medical,0
136200.0,36700.0,759.0,0.175,14.6,0,debt_consolidation,0
66000.0,34700.0,660.0,0.146,4.7,1,business,1
44600.0,13700.0,776.0,0.26,15.9,0,debt_consolidation,0
79500.0,8900.0,805.0,0.221,9.0,1,home_improvement,0
48100.0,33900.0,628.0,0.163,6.3,0,debt_consolidation,0
44800.0,17300.0,476.0,0.276,20.4,0,education,0
33500.0,5100.0,753.0,0.132,9.4,1,medical,0
109600.0,55600.0,656.0,0.293,1.1,0,education,0
15200.0,13400.0,619.0,0.267,14.0,0,debt_consolidation,0
80700.0,51900.0,639.0,0.032,9.4,0,medical,1
43000.0,9800.0,651.0,0.228,0.5,0,business,0
44100.0,22600.0,771.0,0.327,0.7,2,debt_consolidation,0
126300.0,60000.0,691.0,0.174,8.6,1,debt_consolidation,1
37900.0,5400.0,770.0,0.331,0.8,0,home_improvement,0
38600.0,23600.0,715.0,0.323,4.4,0,education,1
50800.0,34400.0,658.0,0.178,0.3,0,debt_consolidation,0
66600.0,44200.0,653.0,0.279,0.1,0,debt_consolidation,0
43400.0,9600.0,719.0,0.362,6.8,0,home_improvement,0
24700.0,20400.0,737.0,0.192,3.2,0,medical,1
35100.0,12600.0,750.0,0.259,2.7,1,debt_consolidation,0
102800.0,14500.0,662.0,0.395,0.9,2,home_improvement,0
56200.0,9400.0,692.0,0.194,3.0,2,medical,0
67900.0,31600.0,721.0,0.326,1.0,1,debt_consolidation,0
47500.0,6300.0,653.0,0.172,13.0,1,debt_consolidation,1
39000.0,28200.0,601.0,0.264,0.6,0,debt_consolidation,0
125300.0,60000.0,624.0,0.325,3.9,1,education,0
49300.0,5500.0,663.0,0.04,5.0,0,education,0
43400.0,32500.0,726.0,0.227,3.5,0,medical,0
93700.0,60000.0,768.0,0.323,0.2,0,home_improvement,0
37800.0,4700.0,585.0,0.303,6.4,0,debt_consolidation,0
40200.0,27300.0,638.0,0.228,0.1,1,home_improvement,1
54500.0,49000.0,655.0,0.17,12.2,1,debt_consolidation,1
54200.0,40000.0,736.0,0.343,2.6,0,education,1
61700.0,31100.0,643.0,0.248,4.8,0,business,0
154200.0,60000.0,650.0,0.335,2.5,0,home_improvement,1
64100.0,42700.0,581.0,0.318,1.4,1,education,0
16500.0,5500.0,714.0,0.235,7.0,0,debt_consolidation,0
63800.0,17800.0,669.0,0.387,2.4,0,home_improvement,0
55200.0,28200.0,634.0,0.221,3.2,1,education,0
55400.0,22100.0,662.0,0.399,12.0,0,medical,0
61300.0,22300.0,759.0,0.412,0.7,0,business,1
53400.0,12900.0,610.0,0.385,19.3,0,business,0
52800.0,41000.0,621.0,0.262,3.1,0,home_improvement,1
73600.0,48900.0,768.0,0.535,1.3,0,business,0
41300.0,15100.0,685.0,0.295,7.4,0,education,1
33700.0,9800.0,727.0,0.304,11.5,0,home_improvement,0
245700.0,49800.0,708.0,0.278,1.0,0,debt_consolidation,0
37900.0,7200.0,678.0,0.167,0.8,0,business,0
57000.0,34200.0,656.0,0.41,16.3,0,business,0
25600.0,4800.0,738.0,0.223,1.8,0,home_improvement,0
57400.0,49800.0,761.0,0.372,6.3,1,debt_consolidation,0
34000.0,11000.0,756.0,0.396,7.5,0,debt_consolidation,0
43400.0,5200.0,597.0,0.34,0.0,0,debt_consolidation,0
91400.0,60000.0,771.0,0.211,7.2,0,medical,0
68600.0,27000.0,655.0,0.246,0.8,1,home_improvement,0
72000.0,27000.0,627.0,0.02,3.5,1,home_improvement,1
22300.0,4300.0,668.0,0.268,2.7,0,debt_consolidation,1
135700.0,60000.0,738.0,0.36,5.7,1,education,0
29900.0,11600.0,718.0,0.256,4.5,0,medical,0
116300.0,60000.0,662.0,0.221,20.4,0,business,0
90300.0,54600.0,739.0,0.25,3.7,0,home_improvement,0
72300.0,58100.0,690.0,0.402,10.0,1,debt_consolidation,0
35300.0,21100.0,640.0,0.275,2.0,2,debt_consolidation,1
58400.0,42200.0,630.0,0.466,3.7,1,business,1
42800.0,28100.0,709.0,0.223,1.1,1,business,0
55000.0,25900.0,674.0,0.302,0.3,0,debt_consolidation,1
47800.0,31100.0,584.0,0.237,1.9,0,debt_consolidation,0
19500.0,12300.0,739.0,0.487,3.9,0,education,0
94900.0,10000.0,646.0,0.298,11.4,1,medical,0
52000.0,34300.0,791.0,0.493,2.7,0,education,1
42500.0,13200.0,582.0,0.238,0.4,1,debt_consolidation,1
40900.0,21800.0,667.0,0.433,0.4,0,business,0
64800.0,12300.0,631.0,0.292,1.3,1,home_improvement,0
34700.0,4100.0,612.0,0.364,2.3,0,education,1
17500.0,2000.0,646.0,0.158,2.8,0,debt_consolidation,0
66400.0,15000.0,804.0,0.315,0.0,0,debt_consolidation,0
70200.0,8100.0,690.0,0.173,3.5,0,debt_consolidation,0
49000.0,10100.0,625.0,0.306,13.7,0,debt_consolidation,0
30500.0,16700.0,552.0,0.128,6.1,0,business,1
56600.0,23800.0,560.0,0.271,2.4,0,education,0
26000.0,23000.0,642.0,0.39,2.3,1,business,0
32400.0,24200.0,636.0,0.335,1.8,0,education,1
37200.0,8100.0,664.0,0.157,3.3,0,debt_consolidation,0
82600.0,35800.0,521.0,0.09,0.8,1,education,1
45200.0,20100.0,674.0,0.33,1.8,1,education,0
43300.0,16900.0,752.0,0.438,13.7,0,business,0
144000.0,60000.0,794.0,0.184,4.0,0,home_improvement,0
64600.0,41100.0,547.0,0.49,0.3,0,debt_consolidation,1
64200.0,39300.0,624.0,0.279,0.1,0,education,0
45000.0,17400.0,620.0,0.084,1.1,0,medical,0
40200.0,26700.0,690.0,0.124,1.5,0,home_improvement,0
18200.0,6000.0,595.0,0.357,0.4,1,debt_consolidation,0
87900.0,60000.0,798.0,0.293,0.6,2,home_improvement,1
67800.0,59100.0,683.0,0.428,1.2,0,medical,1
49500.0,16600.0,671.0,0.16,0.5,0,debt_consolidation,0
50600.0,36800.0,791.0,0.292,1.5,0,education,0
78300.0,58800.0,679.0,0.281,3.6,0,debt_consolidation,1
24900.0,12300.0,708.0,0.266,5.8,0,debt_consolidation,0
40300.0,6900.0,627.0,0.242,1.5,0,debt_consolidation,0
30700.0,22400.0,584.0,0.244,4.0,0,debt_consolidation,1
131400.0,56000.0,637.0,0.297,4.3,1,debt_consolidation,1
83900.0,22400.0,833.0,0.31,1.1,0,education,0
18000.0,10800.0,724.0,0.305,8.5,0,home_improvement,1
25400.0,11400.0,699.0,0.401,4.9,2,debt_consolidation,1
50700.0,8600.0,612.0,0.16,1.3,1,education,1
42800.0,38000.0,744.0,0.099,6.7,0,home_improvement,0
27900.0,8300.0,585.0,0.382,7.1,0,home_improvement,0
143300.0,60000.0,570.0,0.186,0.7,1,medical,1
63300.0,40100.0,641.0,0.242,0.3,0,debt_consolidation,0
68700.0,13200.0,817.0,0.219,4.4,0,home_improvement,0
38300.0,26500.0,813.0,0.217,15.8,2,debt_consolidation,0
77700.0,48100.0,648.0,0.134,6.8,0,debt_consolidation,0
44800.0,22200.0,633.0,0.223,9.1,0,debt_consolidation,1
47000.0,24600.0,565.0,0.345,11.6,1,business,1
73500.0,60000.0,685.0,0.28,0.4,0,debt_consolidation,0
24000.0,19900.0,691.0,0.33,2.4,0,education,0
120400.0,22800.0,735.0,0.23,2.1,0,medical,0
59300.0,23400.0,744.0,0.37,4.1,0,debt_consolidation,0
102800.0,52800.0,666.0,0.229,2.4,0,debt_consolidation,0
31600.0,26400.0,719.0,0.069,0.2,1,debt_consolidation,1
34100.0,25700.0,631.0,0.312,1.0,0,debt_consolidation,0
30300.0,12400.0,718.0,0.357,0.6,0,business,0
61400.0,49700.0,644.0,0.224,7.7,0,debt_consolidation,1
56000.0,22500.0,712.0,0.4,2.2,0,home_improvement,0
43000.0,13600.0,706.0,0.195,2.4,0,debt_consolidation,0
32600.0,19200.0,685.0,0.347,3.4,0,education,0
28800.0,11100.0,736.0,0.454,5.0,0,debt_consolidation,0
52900.0,31600.0,570.0,0.284,7.5,1,debt_consolidation,0
42900.0,18400.0,605.0,0.257,2.3,0,debt_consolidation,0
38500.0,28400.0,661.0,0.269,10.1,0,business,1
117400.0,60000.0,579.0,,1.6,1,home_improvement,0
52000.0,16400.0,652.0,0.32,2.3,0,debt_consolidation,0
102200.0,51900.0,654.0,0.494,1.9,0,medical,0
41500.0,28200.0,772.0,0.308,0.1,0,medical,0
61200.0,13900.0,690.0,0.215,7.0,0,home_improvement,0
52700.0,38800.0,752.0,0.222,3.5,0,business,1
23200.0,13100.0,701.0,0.286,0.0,0,debt_consolidation,0
110700.0,24300.0,643.0,0.076,14.5,0,medical,0
50600.0,40200.0,689.0,0.233,2.6,0,medical,0
78700.0,34700.0,731.0,0.235,,0,home_improvement,0
37200.0,9000.0,764.0,0.304,1.3,1,home_improvement,0
49900.0,12800.0,671.0,0.474,5.2,1,debt_consolidation,1
35100.0,25600.0,565.0,0.285,5.4,0,debt_consolidation,1
100500.0,60000.0,560.0,0.088,2.7,0,home_improvement,0
63300.0,25500.0,657.0,0.189,4.4,1,business,1
65100.0,10600.0,516.0,0.306,2.2,0,debt_consolidation,1
106800.0,19300.0,806.0,0.289,0.8,0,home_improvement,0
96600.0,60000.0,722.0,0.442,3.7,0,debt_consolidation,0
79400.0,31500.0,636.0,0.376,,0,debt_consolidation,0
26600.0,11700.0,602.0,0.373,3.4,0,debt_consolidation,1
38300.0,14200.0,752.0,0.258,1.6,0,business,0
32800.0,15500.0,602.0,0.39,2.2,0,debt_consolidation,1
77900.0,47900.0,609.0,0.19,3.8,0,debt_consolidation,0
59000.0,31400.0,626.0,0.377,25.5,1,debt_consolidation,1
27000.0,6200.0,688.0,0.252,0.2,0,home_improvement,0
49300.0,24300.0,723.0,0.135,1.8,0,home_improvement,0
25700.0,12000.0,763.0,0.339,1.6,0,debt_consolidation,0
52800.0,28300.0,753.0,0.42,3.4,2,debt_consolidation,0
23700.0,4500.0,680.0,0.239,2.5,0,debt_consolidation,0
70600.0,15700.0,751.0,0.436,3.3,0,debt_consolidation,0
65400.0,34300.0,633.0,0.114,4.3,0,medical,0
140600.0,45000.0,553.0,0.16,6.1,0,medical,0
82800.0,49900.0,633.0,0.265,8.8,1,debt_consolidation,0
43900.0,17500.0,624.0,0.243,16.6,0,home_improvement,0
81600.0,22600.0,636.0,0.213,2.5,1,debt_consolidation,0
26900.0,16800.0,613.0,0.293,0.2,0,debt_consolidation,1
33500.0,13900.0,648.0,0.227,3.2,0,home_improvement,0
64000.0,14500.0,723.0,0.244,4.9,0,education,0
18400.0,13700.0,800.0,0.308,0.4,0,debt_consolidation,0
53200.0,23700.0,559.0,0.213,0.4,0,debt_consolidation,0
32500.0,27000.0,590.0,0.269,9.5,0,debt_consolidation,0
57000.0,14500.0,625.0,0.215,1.0,1,debt_consolidation,0
31600.0,25300.0,734.0,0.159,3.2,0,home_improvement,0
67000.0,50400.0,666.0,0.356,0.6,0,medical,1
54700.0,10000.0,629.0,0.451,4.0,0,debt_consolidation,0
109100.0,57300.0,730.0,0.386,2.6,0,education,0
54400.0,33900.0,747.0,0.313,13.6,0,business,1
36900.0,18300.0,679.0,0.216,4.3,0,debt_consolidation,0
47900.0,19700.0,623.0,0.251,6.6,0,home_improvement,0
27700.0,23700.0,699.0,0.386,10.5,0,debt_consolidation,0
66400.0,43900.0,664.0,0.052,0.8,0,education,0
72800.0,60000.0,663.0,0.244,2.6,1,business,1
186200.0,60000.0,644.0,0.353,14.4,1,business,0
39700.0,29900.0,745.0,0.166,6.0,0,home_improvement,0
47400.0,32300.0,697.0,0.322,4.3,0,medical,0
40600.0,25000.0,752.0,0.318,4.1,0,home_improvement,0
60200.0,48700.0,774.0,0.135,9.3,0,medical,0
65600.0,38800.0,712.0,0.289,1.4,0,business,0
52700.0,8400.0,645.0,0.218,4.8,0,education,0
93300.0,52800.0,753.0,0.322,7.8,0,debt_consolidation,0
39800.0,7300.0,713.0,0.347,2.1,0,debt_consolidation,0
88700.0,60000.0,850.0,0.32,9.4,0,medical,0
70900.0,43800.0,702.0,0.287,17.0,0,debt_consolidation,0
53900.0,29300.0,729.0,0.309,3.5,0,home_improvement,0
46300.0,12000.0,700.0,0.162,0.9,0,education,0
182300.0,60000.0,673.0,0.277,4.4,0,medical,0
36000.0,13500.0,662.0,0.2,1.9,0,medical,0
62900.0,40300.0,701.0,0.383,4.7,0,debt_consolidation,0
37200.0,21700.0,716.0,0.348,7.0,0,education,0
132300.0,60000.0,761.0,0.348,25.7,1,medical,1
84400.0,25500.0,702.0,0.451,0.5,0,debt_consolidation,0
38600.0,20100.0,648.0,0.247,9.3,0,home_improvement,0
70000.0,32900.0,657.0,0.225,4.6,1,education,1
61600.0,48100.0,587.0,0.245,10.2,0,debt_consolidation,1
41800.0,34100.0,796.0,0.12,,1,debt_consolidation,0
79100.0,56000.0,642.0,0.128,5.8,1,debt_consolidation,0
65800.0,23400.0,748.0,0.342,2.3,0,medical,0
60300.0,7900.0,699.0,0.14,7.4,0,debt_consolidation,1
53100.0,44600.0,701.0,0.173,7.5,0,home_improvement,0
67200.0,60000.0,672.0,0.27,2.3,1,home_improvement,0
60800.0,12300.0,625.0,0.239,6.2,0,debt_consolidation,0
55800.0,36200.0,612.0,0.369,5.5,0,home_improvement,0
39300.0,17300.0,801.0,0.286,5.5,2,debt_consolidation,0
126400.0,27700.0,688.0,0.2,3.3,0,debt_consolidation,1
32000.0,28800.0,759.0,0.377,,0,debt_consolidation,0
67100.0,56800.0,777.0,0.353,1.4,0,home_improvement,0
46200.0,40900.0,651.0,0.139,18.9,2,home_improvement,0
130600.0,28100.0,710.0,0.305,3.4,0,debt_consolidation,0
34500.0,17000.0,683.0,0.208,14.9,3,debt_consolidation,1
37500.0,30600.0,599.0,0.206,3.5,0,debt_consolidation,0
33400.0,21400.0,667.0,0.467,4.8,1,debt_consolidation,1
63700.0,28500.0,721.0,0.292,2.5,0,debt_consolidation,0
27300.0,14000.0,645.0,0.258,4.0,0,debt_consolidation,0
42600.0,5600.0,657.0,0.288,11.8,0,home_improvement,0
18500.0,10900.0,668.0,0.367,5.7,3,business,1
61100.0,48100.0,828.0,0.21,6.1,1,debt_consolidation,0
42200.0,4300.0,552.0,0.227,7.5,0,education,0
25700.0,5900.0,715.0,0.346,0.9,0,debt_consolidation,0
93200.0,47900.0,662.0,0.128,0.1,2,debt_consolidation,0
28200.0,15500.0,635.0,0.379,4.7,1,home_improvement,1
80700.0,30200.0,661.0,0.119,10.8,1,debt_consolidation,0
38200.0,4700.0,727.0,0.255,1.6,1,education,0
120700.0,60000.0,731.0,0.12,21.6,0,debt_consolidation,0
78800.0,23200.0,693.0,0.174,1.9,0,medical,0
32700.0,20100.0,756.0,0.41,0.4,0,home_improvement,0
34300.0,18800.0,769.0,0.384,1.1,1,education,1
73300.0,32600.0,737.0,0.395,13.4,0,debt_consolidation,1
47500.0,27200.0,642.0,0.135,1.2,1,debt_consolidation,0
49800.0,32700.0,715.0,0.175,0.2,0,education,0
102300.0,57100.0,715.0,0.314,1.2,1,home_improvement,0
37300.0,20400.0,623.0,0.352,1.4,0,education,0
56700.0,25500.0,570.0,0.2,5.2,1,home_improvement,0
87300.0,38800.0,538.0,0.222,2.6,0,education,1
81200.0,40000.0,685.0,0.167,13.6,0,education,0
50000.0,23100.0,701.0,0.446,11.2,1,debt_consolidation,0
46900.0,21200.0,597.0,0.233,3.0,1,business,1
22700.0,6100.0,753.0,0.283,8.8,0,education,0
31900.0,21700.0,691.0,0.288,10.1,0,debt_consolidation,0
63500.0,13100.0,774.0,0.391,3.4,0,debt_consolidation,0
50600.0,41800.0,706.0,0.185,0.3,1,education,0
56200.0,33700.0,605.0,0.397,3.0,0,education,1
91100.0,12700.0,712.0,0.152,0.2,1,business,0
29900.0,18800.0,727.0,0.397,,1,education,0
48100.0,18700.0,642.0,0.108,3.0,0,debt_consolidation,0
59500.0,50200.0,579.0,0.27,4.9,0,debt_consolidation,1
38100.0,32300.0,687.0,0.443,9.5,0,home_improvement,1
110800.0,60000.0,610.0,0.35,7.1,1,home_improvement,1
85300.0,47300.0,758.0,0.322,0.0,1,business,0
62600.0,52300.0,651.0,0.175,4.3,0,education,0
132900.0,60000.0,801.0,0.207,2.4,0,business,1
25600.0,20500.0,531.0,0.414,18.6,2,medical,1
54000.0,12300.0,689.0,0.327,7.2,0,education,0
65100.0,53600.0,780.0,0.369,0.2,1,home_improvement,0
34300.0,21600.0,618.0,0.287,3.7,0,home_improvement,0
63000.0,21600.0,669.0,0.252,2.2,1,home_improvement,0
31200.0,28000.0,652.0,0.357,4.5,1,medical,0
76500.0,49700.0,632.0,,0.5,0,debt_consolidation,1
91900.0,60000.0,697.0,0.263,2.5,0,business,0
62100.0,6500.0,589.0,0.139,2.7,0,home_improvement,0
21500.0,11700.0,672.0,0.375,9.8,1,home_improvement,0
33400.0,22400.0,716.0,0.324,,1,debt_consolidation,0
71900.0,8000.0,665.0,0.219,2.0,1,debt_consolidation,0
54800.0,38900.0,610.0,0.398,6.5,0,home_improvement,0
14100.0,8800.0,752.0,0.304,13.8,0,debt_consolidation,0
100900.0,32300.0,731.0,0.306,2.8,0,debt_consolidation,1
58000.0,37800.0,607.0,0.368,6.0,0,debt_consolidation,1
36000.0,7400.0,589.0,0.347,1.6,2,debt_consolidation,1
89100.0,60000.0,613.0,0.309,2.2,0,business,0
38600.0,30600.0,718.0,0.261,9.6,0,home_improvement,0
38400.0,18800.0,699.0,0.478,3.6,1,home_improvement,0
64800.0,32800.0,735.0,0.207,1.4,0,business,0
132000.0,55700.0,657.0,0.355,2.5,0,debt_consolidation,1
122000.0,45900.0,615.0,0.272,6.3,1,business,0
64900.0,51800.0,744.0,0.325,0.0,0,business,0
68300.0,23500.0,641.0,0.403,2.5,0,education,0
80500.0,34000.0,693.0,0.249,14.8,1,home_improvement,0
28900.0,9800.0,572.0,0.34,7.2,2,medical,1
74800.0,46800.0,640.0,0.307,8.7,0,debt_consolidation,0
37500.0,28200.0,751.0,0.216,0.1,1,debt_consolidation,0
63500.0,14700.0,630.0,0.406,4.0,0,debt_consolidation,0
48400.0,14700.0,737.0,0.351,11.0,0,debt_consolidation,1
69600.0,12800.0,517.0,0.237,6.1,1,debt_consolidation,1
57500.0,13100.0,641.0,0.39,0.5,0,business,0
11700.0,5000.0,668.0,0.197,11.8,0,debt_consolidation,0
59200.0,42700.0,802.0,0.277,4.7,0,home_improvement,0
74700.0,39800.0,598.0,0.237,0.6,0,debt_consolidation,1
67700.0,9700.0,727.0,0.355,15.6,0,debt_consolidation,0
51500.0,30900.0,754.0,0.232,,2,medical,0
123100.0,60000.0,629.0,0.356,0.9,0,medical,1
63300.0,26300.0,654.0,0.339,4.3,1,education,1
67400.0,20000.0,690.0,0.242,2.7,0,education,1
91300.0,60000.0,576.0,0.463,2.9,0,medical,1
64900.0,7700.0,648.0,0.205,11.5,0,debt_consolidation,0
34600.0,26000.0,769.0,0.139,3.8,0,home_improvement,0
16000.0,11900.0,717.0,0.366,0.5,0,debt_consolidation,0
42700.0,34600.0,669.0,0.065,5.6,0,debt_consolidation,0
79300.0,13600.0,688.0,0.429,2.6,0,business,0
45400.0,8500.0,721.0,0.29,5.3,0,medical,0
80900.0,60000.0,734.0,0.137,2.3,0,home_improvement,0
58400.0,28000.0,641.0,0.185,15.3,0,debt_consolidation,0
103200.0,42700.0,787.0,0.117,,0,education,0
46700.0,26100.0,772.0,0.318,1.4,0,business,0
68400.0,10000.0,727.0,0.147,9.5,0,business,0
69800.0,42900.0,621.0,0.33,4.2,0,education,0
114800.0,60000.0,609.0,0.25,4.3,0,education,0
23100.0,14800.0,657.0,0.232,7.9,0,debt_consolidation,1
43100.0,20300.0,684.0,0.331,2.1,0,debt_consolidation,1
82800.0,60000.0,556.0,0.342,7.0,0,debt_consolidation,0
117400.0,60000.0,715.0,0.395,1.5,0,home_improvement,0
61100.0,8900.0,770.0,0.217,3.9,0,business,0
46800.0,29800.0,720.0,0.277,0.6,0,business,0
79100.0,11700.0,633.0,0.216,0.8,0,debt_consolidation,0
83600.0,28900.0,624.0,0.296,7.1,0,debt_consolidation,0
45300.0,26800.0,701.0,0.202,7.5,1,debt_consolidation,0
63900.0,17400.0,669.0,0.238,9.1,0,home_improvement,0
97800.0,12800.0,711.0,0.238,0.3,0,medical,0
139400.0,60000.0,722.0,0.309,0.4,0,medical,0
78500.0,25800.0,756.0,0.28,4.7,1,business,0
55400.0,29200.0,601.0,0.331,6.2,0,home_improvement,1
52700.0,16300.0,696.0,0.269,0.2,0,education,0
71600.0,46500.0,655.0,0.222,4.7,2,business,1
51100.0,41700.0,673.0,0.299,20.6,0,education,0
59600.0,10100.0,741.0,0.188,16.3,0,debt_consolidation,0
31900.0,23300.0,748.0,0.337,3.0,1,debt_consolidation,0
103600.0,23300.0,778.0,0.251,3.1,0,debt_consolidation,0
30600.0,11100.0,710.0,0.3,3.3,1,debt_consolidation,0
43600.0,16800.0,672.0,0.302,2.3,1,home_improvement,0
56900.0,15100.0,662.0,0.44,0.2,1,education,1
146600.0,23500.0,559.0,0.318,1.2,0,debt_consolidation,1
43900.0,31400.0,774.0,0.287,0.9,0,debt_consolidation,0
38800.0,28500.0,657.0,0.211,14.2,1,debt_consolidation,0
41100.0,36900.0,715.0,0.36,3.2,2,medical,1
124200.0,60000.0,728.0,0.253,5.5,1,debt_consolidation,0
13300.0,6000.0,593.0,0.127,6.4,2,debt_consolidation,0
32800.0,6800.0,615.0,0.26,0.9,0,education,0
212300.0,23000.0,788.0,0.299,7.0,0,home_improvement,0
72800.0,38200.0,700.0,0.198,0.8,1,debt_consolidation,0
31200.0,24600.0,639.0,0.268,2.9,0,medical,1
53100.0,16700.0,671.0,0.273,1.3,0,home_improvement,0
56000.0,14500.0,756.0,0.274,2.5,0,home_improvement,0
82700.0,37300.0,745.0,0.403,5.4,1,education,0
135900.0,60000.0,577.0,0.149,7.8,0,debt_consolidation,0
65800.0,30400.0,794.0,0.483,1.7,1,debt_consolidation,0
41400.0,28100.0,748.0,0.277,0.5,0,home_improvement,0
80300.0,37700.0,669.0,0.338,9.6,0,debt_consolidation,0
38200.0,15200.0,597.0,0.293,0.2,2,debt_consolidation,0
32300.0,14600.0,754.0,0.107,0.3,0,debt_consolidation,0
22500.0,16100.0,713.0,0.174,4.5,0,home_improvement,0
24800.0,17400.0,578.0,0.228,3.4,0,medical,1
34600.0,15400.0,664.0,0.379,8.6,0,home_improvement,0
30100.0,9500.0,850.0,0.142,0.0,0,business,0
63400.0,13400.0,681.0,0.194,2.1,0,home_improvement,0
29700.0,3000.0,628.0,0.296,4.4,1,home_improvement,1
11300.0,2200.0,609.0,0.327,1.6,0,debt_consolidation,0
32100.0,7400.0,804.0,0.324,0.4,1,debt_consolidation,0
42800.0,27900.0,739.0,0.182,8.6,1,debt_consolidation,0
40000.0,30200.0,779.0,0.12,24.0,1,debt_consolidation,0
115800.0,60000.0,697.0,0.334,4.7,1,education,1
39900.0,27100.0,768.0,0.423,4.8,0,debt_consolidation,0
84200.0,60000.0,621.0,0.245,4.4,0,debt_consolidation,0
53700.0,46700.0,691.0,0.166,2.5,1,medical,0
53000.0,16700.0,700.0,0.237,9.1,0,debt_consolidation,0
35700.0,7700.0,777.0,0.319,18.4,0,business,0
52600.0,11700.0,702.0,0.257,3.6,0,medical,0
37000.0,30200.0,636.0,0.421,2.1,0,debt_consolidation,0
59000.0,10700.0,684.0,0.372,2.0,0,debt_consolidation,0
48100.0,17900.0,563.0,0.298,0.8,0,business,0
33800.0,17700.0,518.0,0.085,1.4,0,medical,0
89000.0,52600.0,738.0,0.211,1.3,0,business,1
67100.0,38700.0,654.0,0.225,6.8,1,debt_consolidation,1
43300.0,31600.0,662.0,0.205,2.6,0,home_improvement,0
58300.0,32500.0,738.0,0.299,0.2,0,debt_consolidation,0
52000.0,40600.0,778.0,0.301,1.0,1,debt_consolidation,0
35100.0,5900.0,717.0,0.113,2.9,0,debt_consolidation,0
56100.0,44200.0,815.0,0.36,1.7,0,education,0
39700.0,22700.0,715.0,0.282,0.1,0,home_improvement,0
33800.0,9400.0,701.0,0.316,8.2,1,medical,0
24100.0,21300.0,697.0,0.354,0.5,1,debt_consolidation,0
45300.0,38600.0,590.0,0.203,12.2,0,business,1
71900.0,55800.0,747.0,0.406,4.2,0,debt_consolidation,0
38300.0,31800.0,509.0,0.266,1.0,0,business,1
191100.0,60000.0,639.0,0.431,23.6,1,education,0
84400.0,23800.0,682.0,0.191,5.5,0,debt_consolidation,0
104000.0,25600.0,625.0,0.424,11.9,0,medical,0
80600.0,60000.0,648.0,0.19,12.9,1,home_improvement,0
136800.0,60000.0,809.0,0.535,1.3,0,debt_consolidation,1
36600.0,32400.0,757.0,0.185,2.3,0,debt_consolidation,0
15100.0,11800.0,632.0,0.386,3.5,0,business,1
43300.0,26200.0,647.0,0.244,8.3,0,business,0
71600.0,15300.0,591.0,0.352,2.2,0,home_improvement,1
58400.0,13500.0,729.0,0.276,5.8,0,debt_consolidation,0
62200.0,29800.0,663.0,0.171,1.8,0,debt_consolidation,0
104900.0,60000.0,542.0,0.02,0.3,0,debt_consolidation,0
65600.0,15700.0,687.0,0.531,0.2,0,education,0
80800.0,60000.0,711.0,0.287,2.2,0,home_improvement,0
33900.0,21900.0,747.0,0.02,2.7,0,debt_consolidation,0
31300.0,11000.0,675.0,0.31,5.5,1,medical,0
121400.0,60000.0,654.0,0.349,6.0,0,business,0
57000.0,33000.0,819.0,0.208,0.7,3,debt_consolidation,0
39700.0,27300.0,680.0,0.209,2.6,0,home_improvement,0
39700.0,16200.0,730.0,0.278,2.2,0,home_improvement,0
39200.0,16300.0,642.0,0.4,0.2,1,debt_consolidation,1
38000.0,4200.0,728.0,0.29,0.7,0,home_improvement,0
28500.0,15100.0,578.0,0.426,17.3,0,debt_consolidation,1
25600.0,18100.0,648.0,0.393,0.3,0,debt_consolidation,1
49100.0,43000.0,595.0,0.257,9.9,0,medical,0
40300.0,32800.0,638.0,0.123,11.4,0,debt_consolidation,0
94200.0,16000.0,768.0,0.257,33.7,0,education,0
62700.0,55500.0,637.0,0.333,0.2,2,debt_consolidation,0
61900.0,13600.0,730.0,,1.7,0,education,0
37400.0,5000.0,786.0,0.343,1.4,1,education,0
51000.0,35700.0,678.0,0.366,7.1,0,medical,1
64900.0,53500.0,750.0,,6.2,0,debt_consolidation,0
77500.0,60000.0,717.0,0.252,4.2,0,home_improvement,0
51700.0,39300.0,688.0,0.332,3.9,0,business,0
92900.0,24500.0,733.0,0.504,1.3,0,debt_consolidation,0
54400.0,12100.0,809.0,0.131,12.6,0,debt_consolidation,0
80500.0,11800.0,635.0,0.329,6.0,0,debt_consolidation,0
42400.0,24000.0,613.0,0.463,0.3,1,business,1
21900.0,10700.0,609.0,0.163,0.8,0,debt_consolidation,0
62000.0,11600.0,750.0,0.38,2.7,1,debt_consolidation,0
77900.0,36800.0,759.0,0.393,19.4,0,business,1
72200.0,40000.0,642.0,0.132,19.9,0,debt_consolidation,0
66900.0,45400.0,530.0,0.351,1.2,0,debt_consolidation,1
45500.0,19600.0,633.0,0.253,17.5,1,home_improvement,0
36200.0,12800.0,718.0,0.274,1.4,1,debt_consolidation,0
71400.0,45200.0,675.0,0.248,3.0,1,home_improvement,0
67100.0,43400.0,693.0,0.411,9.4,0,debt_consolidation,0
40900.0,12900.0,643.0,0.269,3.6,0,home_improvement,0
94300.0,10900.0,751.0,0.234,1.7,0,education,0
34800.0,29800.0,704.0,0.235,23.5,0,debt_consolidation,0
40500.0,28500.0,721.0,0.246,3.5,2,home_improvement,0
122800.0,32000.0,691.0,0.172,9.8,2,business,1
83600.0,46200.0,717.0,0.233,3.4,0,debt_consolidation,0
45300.0,26100.0,712.0,0.292,3.4,0,business,0
62500.0,12500.0,615.0,0.32,2.2,1,business,0
58500.0,14800.0,706.0,0.4,3.2,0,debt_consolidation,1
13700.0,11900.0,735.0,0.304,0.3,0,home_improvement,0
34400.0,17400.0,761.0,0.233,0.7,0,medical,0
52800.0,13400.0,709.0,0.179,2.8,0,education,0
45300.0,33400.0,612.0,0.309,4.0,0,medical,1
61300.0,29200.0,623.0,0.268,2.0,0,debt_consolidation,0
95300.0,58200.0,650.0,0.272,,0,business,0
46100.0,15600.0,693.0,0.306,22.2,0,debt_consolidation,0
31900.0,4700.0,671.0,0.332,11.2,0,education,0
63700.0,14800.0,601.0,0.307,0.7,0,business,0
46000.0,40400.0,601.0,0.263,1.8,0,debt_consolidation,0
50100.0,30000.0,533.0,0.2,5.9,0,home_improvement,1
46800.0,35800.0,462.0,0.219,0.6,1,education,1
166200.0,19500.0,671.0,0.365,2.8,0,business,0
17700.0,12600.0,842.0,0.238,1.5,0,home_improvement,0
44600.0,21800.0,806.0,0.145,13.3,0,education,0
54100.0,34200.0,612.0,0.396,0.2,0,debt_consolidation,0
36700.0,14200.0,690.0,0.186,10.3,1,debt_consolidation,0
85000.0,50700.0,577.0,0.284,3.3,0,debt_consolidation,0
81400.0,10500.0,588.0,0.329,2.5,0,home_improvement,1
52900.0,7200.0,596.0,0.28,9.1,0,home_improvement,0
47300.0,35000.0,664.0,0.032,0.6,0,debt_consolidation,0
51200.0,10200.0,667.0,0.319,0.1,1,debt_consolidation,0
51400.0,5700.0,698.0,0.413,1.9,0,debt_consolidation,0
52100.0,43200.0,726.0,0.359,1.6,0,business,0
49300.0,15400.0,656.0,0.068,0.2,0,debt_consolidation,0
61500.0,34800.0,683.0,0.493,3.2,0,home_improvement,0
79000.0,60000.0,603.0,0.147,2.8,0,medical,1
29300.0,20400.0,586.0,0.172,0.2,0,business,0
32000.0,4400.0,575.0,0.358,1.7,0,education,1
22600.0,12400.0,725.0,0.325,0.9,0,debt_consolidation,0
83500.0,44500.0,656.0,0.288,5.6,1,debt_consolidation,1
61400.0,23300.0,549.0,0.223,0.1,0,debt_consolidation,0
69700.0,49000.0,676.0,0.413,4.0,0,medical,0
26500.0,23100.0,593.0,0.276,2.5,0,debt_consolidation,0
132300.0,28800.0,796.0,0.123,5.8,0,debt_consolidation,0
40000.0,8600.0,639.0,0.403,0.2,0,debt_consolidation,0
58900.0,40500.0,728.0,0.302,3.8,0,home_improvement,0
83000.0,38500.0,756.0,0.392,1.7,0,debt_consolidation,0
33100.0,24400.0,613.0,0.337,11.5,0,debt_consolidation,0
41200.0,8800.0,685.0,0.519,1.3,0,debt_consolidation,0
59300.0,7800.0,719.0,0.249,5.9,0,home_improvement,0
226100.0,60000.0,688.0,0.282,6.9,1,debt_consolidation,0
63000.0,56400.0,705.0,0.352,1.9,2,home_improvement,1
121000.0,21300.0,587.0,0.25,2.8,0,education,1
99000.0,60000.0,719.0,0.36,19.2,1,home_improvement,0
65100.0,26600.0,646.0,0.02,3.4,0,debt_consolidation,0
33000.0,3700.0,704.0,0.273,4.3,0,education,0
92000.0,46700.0,744.0,0.27,5.7,0,home_improvement,0
25600.0,8300.0,727.0,0.266,3.3,1,debt_consolidation,0
120600.0,60000.0,704.0,0.192,1.4,0,debt_consolidation,0
59900.0,19800.0,725.0,0.371,5.4,0,business,0
14400.0,7000.0,728.0,0.23,11.9,0,debt_consolidation,0
45700.0,11900.0,785.0,0.3,5.8,2,home_improvement,0
75100.0,57300.0,678.0,0.276,8.8,0,debt_consolidation,0
48100.0,40400.0,691.0,0.33,3.2,0,education,0
77500.0,32800.0,745.0,0.423,12.7,0,debt_consolidation,1
35400.0,16300.0,646.0,0.3,0.6,0,education,0
28200.0,25000.0,587.0,0.364,5.7,1,debt_consolidation,1
52300.0,11200.0,715.0,0.294,0.1,0,debt_consolidation,0
55000.0,41100.0,666.0,0.229,2.1,0,education,0
45500.0,25200.0,595.0,0.266,6.0,0,debt_consolidation,0
100100.0,60000.0,715.0,0.252,11.8,1,debt_consolidation,0
35400.0,11800.0,780.0,0.337,2.5,1,medical,0
63400.0,21400.0,566.0,0.291,1.7,1,business,1
56000.0,20200.0,752.0,0.201,1.1,0,debt_consolidation,0
24900.0,2800.0,502.0,0.258,2.3,0,education,0
28000.0,6600.0,652.0,0.127,1.5,0,debt_consolidation,0
54500.0,48800.0,809.0,0.262,1.9,0,home_improvement,0
145900.0,43600.0,657.0,0.28,7.3,0,education,0
72400.0,8400.0,686.0,0.461,6.0,0,education,0
22900.0,7400.0,733.0,0.415,0.9,1,debt_consolidation,0
11400.0,4900.0,560.0,0.177,1.2,1,debt_consolidation,0
78200.0,42100.0,685.0,0.3,2.9,1,home_improvement,0
51600.0,8000.0,684.0,0.302,11.3,1,education,1
95900.0,60000.0,810.0,0.257,3.3,0,home_improvement,0
34900.0,26500.0,593.0,0.263,3.3,0,debt_consolidation,1
64500.0,17400.0,653.0,0.245,11.7,0,debt_consolidation,0
82700.0,60000.0,615.0,0.467,1.4,0,education,1
43300.0,16800.0,608.0,0.238,10.0,0,debt_consolidation,0
43800.0,19200.0,759.0,0.314,20.6,1,business,0
54900.0,46600.0,682.0,0.027,17.7,0,home_improvement,0
71100.0,57800.0,641.0,0.362,10.7,0,medical,1
53800.0,21500.0,644.0,0.398,1.5,0,debt_consolidation,1
88200.0,43300.0,641.0,0.175,28.8,0,debt_consolidation,0
43000.0,14200.0,647.0,0.229,6.7,0,business,0
27900.0,14300.0,591.0,0.325,1.5,0,home_improvement,0
145600.0,60000.0,662.0,0.282,3.1,0,debt_consolidation,0
40000.0,7000.0,655.0,0.327,1.3,0,business,1
40800.0,34100.0,627.0,0.251,13.9,0,debt_consolidation,0
52400.0,35400.0,691.0,0.466,1.4,0,education,1
56000.0,9900.0,697.0,0.213,3.0,0,debt_consolidation,0
44700.0,35500.0,641.0,0.549,6.4,0,business,0
53700.0,37300.0,670.0,0.404,7.0,0,business,1
53100.0,18600.0,831.0,0.363,10.4,1,debt_consolidation,0
59100.0,30600.0,828.0,0.176,1.3,0,debt_consolidation,0
16700.0,13200.0,606.0,0.371,2.7,0,home_improvement,1
138800.0,60000.0,616.0,0.34,3.0,1,debt_consolidation,0
50300.0,16300.0,606.0,0.068,9.8,1,home_improvement,0
72400.0,44900.0,754.0,0.14,9.2,2,education,0
27200.0,21400.0,652.0,0.316,3.1,0,debt_consolidation,0
42800.0,38100.0,697.0,0.267,2.1,1,business,1
38700.0,6100.0,820.0,0.228,6.5,1,education,0
113000.0,56800.0,679.0,0.388,19.1,0,debt_consolidation,0
40400.0,32300.0,729.0,0.192,8.7,0,home_improvement,0
79100.0,8100.0,716.0,0.234,1.9,0,medical,0
39100.0,17600.0,639.0,0.215,2.9,0,home_improvement,0
43200.0,24500.0,754.0,0.331,3.5,0,business,0
47900.0,25000.0,621.0,0.108,3.3,0,debt_consolidation,0
102900.0,60000.0,774.0,0.23,1.7,2,debt_consolidation,0
21100.0,3200.0,639.0,0.108,1.5,1,home_improvement,1
28100.0,20500.0,647.0,0.249,10.0,0,debt_consolidation,0
20500.0,6700.0,604.0,0.352,8.0,2,debt_consolidation,1
31500.0,23900.0,615.0,0.354,19.9,0,home_improvement,0
36100.0,15700.0,650.0,0.207,6.6,0,debt_consolidation,0
24200.0,3300.0,510.0,0.333,6.5,1,debt_consolidation,0
37500.0,32700.0,664.0,0.261,8.5,0,debt_consolidation,0
19800.0,14300.0,644.0,0.416,21.3,1,debt_consolidation,1
32600.0,12300.0,735.0,0.267,1.6,0,debt_consolidation,0
98700.0,31200.0,710.0,0.02,1.5,0,debt_consolidation,0
66300.0,37900.0,630.0,0.369,0.1,0,business,1
59500.0,52900.0,648.0,0.234,8.9,0,debt_consolidation,0
32800.0,10900.0,664.0,,7.3,0,debt_consolidation,0
25100.0,21600.0,784.0,0.314,12.1,0,business,0
30700.0,11200.0,622.0,0.138,2.0,0,medical,0
53000.0,35200.0,630.0,0.287,5.5,0,debt_consolidation,1
83600.0,33900.0,601.0,0.333,9.5,0,business,1
85100.0,14300.0,576.0,0.316,0.3,1,business,1
74300.0,60000.0,701.0,0.22,1.6,0,education,0
37500.0,8700.0,694.0,0.379,8.1,0,home_improvement,0
54800.0,46900.0,770.0,0.18,3.1,0,home_improvement,1
46100.0,8400.0,753.0,0.217,8.3,0,business,0
49000.0,15400.0,848.0,0.266,8.1,0,home_improvement,0
150000.0,60000.0,675.0,0.31,3.7,0,medical,0
22400.0,14000.0,662.0,0.248,4.5,1,debt_consolidation,0
48200.0,12100.0,589.0,0.403,3.4,1,education,0
99300.0,57000.0,729.0,0.31,,0,business,0
26000.0,6400.0,688.0,0.288,1.5,0,debt_consolidation,0
39300.0,31400.0,726.0,0.306,4.2,1,debt_consolidation,0
41600.0,5800.0,600.0,0.353,9.0,0,medical,1
48500.0,25400.0,705.0,0.304,1.7,0,education,0
24400.0,3700.0,694.0,0.099,3.4,0,education,0
73000.0,47900.0,690.0,0.389,0.3,1,business,1
75600.0,60000.0,632.0,0.292,5.0,0,debt_consolidation,0
69900.0,53500.0,763.0,0.348,6.1,0,education,0
35100.0,13900.0,824.0,0.239,5.8,1,education,0
56600.0,16400.0,602.0,0.097,0.9,1,debt_consolidation,0
34600.0,6800.0,730.0,0.052,1.3,2,debt_consolidation,0
45900.0,36700.0,479.0,0.186,2.3,1,education,0
159000.0,26200.0,727.0,0.332,6.8,0,education,0
56800.0,34300.0,549.0,0.41,7.3,0,education,0
29900.0,11800.0,643.0,0.31,5.3,0,home_improvement,1
59300.0,53200.0,588.0,0.175,7.8,0,education,0
27600.0,14000.0,665.0,0.202,7.6,0,debt_consolidation,0
29700.0,16000.0,739.0,0.416,3.2,1,debt_consolidation,0
32200.0,26900.0,550.0,0.149,4.0,0,home_improvement,0
43400.0,38000.0,655.0,0.49,,0,education,1
86600.0,49100.0,644.0,0.468,1.9,0,medical,0
72300.0,53300.0,791.0,0.493,0.2,1,home_improvement,0
70400.0,42800.0,710.0,0.318,0.5,0,medical,0
31300.0,13800.0,598.0,0.246,4.8,0,business,0
41300.0,6000.0,647.0,0.316,17.5,1,home_improvement,1
62100.0,41900.0,789.0,0.371,7.7,1,home_improvement,0
39600.0,26100.0,730.0,0.215,23.0,1,business,0
47100.0,9100.0,616.0,0.17,13.6,1,debt_consolidation,0
67600.0,19200.0,661.0,0.252,6.0,0,education,1
45500.0,31200.0,664.0,0.203,8.1,0,home_improvement,0
60700.0,13300.0,642.0,0.404,0.0,0,home_improvement,0
120100.0,60000.0,560.0,0.218,4.6,0,business,1
49700.0,33500.0,633.0,0.29,3.6,0,debt_consolidation,1
97700.0,37400.0,777.0,,3.0,1,debt_consolidation,0
71700.0,22000.0,653.0,0.408,8.0,0,debt_consolidation,0
26000.0,10400.0,673.0,0.301,2.0,0,business,0
31200.0,12100.0,690.0,0.318,3.4,1,debt_consolidation,0
35700.0,20900.0,835.0,0.178,3.7,0,education,0
35300.0,24500.0,681.0,0.382,0.8,0,debt_consolidation,1
51800.0,40900.0,757.0,0.406,1.7,1,home_improvement,0
73700.0,9100.0,638.0,0.093,3.3,0,home_improvement,0
101500.0,60000.0,662.0,0.456,1.8,1,debt_consolidation,0
63200.0,22200.0,681.0,0.21,3.2,2,debt_consolidation,0
43400.0,33500.0,626.0,0.339,0.9,0,debt_consolidation,0
19100.0,3100.0,666.0,0.288,0.8,0,debt_consolidation,0
56100.0,30300.0,742.0,0.274,7.8,0,home_improvement,0
54900.0,29600.0,624.0,0.259,4.4,0,home_improvement,0
59400.0,21500.0,680.0,0.181,0.9,0,debt_consolidation,0
155300.0,60000.0,730.0,0.332,3.7,0,debt_consolidation,0
100700.0,18700.0,622.0,0.251,4.7,0,home_improvement,0
80200.0,16800.0,757.0,0.149,2.2,0,business,0
33500.0,20600.0,685.0,0.176,0.3,0,education,1
41900.0,21400.0,668.0,0.151,0.5,0,business,0
51700.0,16100.0,539.0,0.228,0.4,0,home_improvement,0
36800.0,12600.0,654.0,0.329,13.6,0,medical,0
69600.0,15700.0,706.0,0.209,0.5,0,debt_consolidation,0
64800.0,51500.0,802.0,0.378,7.1,1,home_improvement,0
31400.0,17400.0,720.0,0.268,4.7,2,debt_consolidation,0
98600.0,29200.0,759.0,0.251,14.3,0,education,0
57000.0,23600.0,595.0,0.282,8.4,1,business,0
22800.0,18800.0,671.0,0.42,3.8,0,education,0
52800.0,42700.0,765.0,0.143,6.1,3,debt_consolidation,0
62400.0,9700.0,618.0,0.446,0.4,0,education,0
88100.0,54900.0,748.0,0.376,3.5,0,education,0
45800.0,10200.0,731.0,0.278,0.5,0,debt_consolidation,0
82000.0,22000.0,699.0,,6.7,0,debt_consolidation,0
59500.0,47100.0,657.0,0.248,0.5,0,education,0
28100.0,22900.0,611.0,0.309,3.3,1,debt_consolidation,1
26700.0,4400.0,804.0,0.226,1.5,0,debt_consolidation,0
95000.0,60000.0,724.0,,1.3,0,business,1
98500.0,60000.0,704.0,0.209,0.8,2,business,1
63700.0,45900.0,651.0,0.275,12.9,0,debt_consolidation,0
114400.0,60000.0,683.0,0.348,12.0,0,business,0
91900.0,46500.0,692.0,0.385,5.6,0,business,1
76300.0,60000.0,708.0,0.198,9.4,2,home_improvement,0
34300.0,8900.0,731.0,0.355,0.3,0,education,0
128800.0,60000.0,625.0,0.182,3.4,0,business,1
70800.0,25100.0,577.0,0.065,1.2,0,education,0
44700.0,33900.0,686.0,0.205,3.3,0,debt_consolidation,0
38800.0,6400.0,558.0,0.363,4.6,0,debt_consolidation,0
61600.0,27500.0,657.0,0.279,0.5,1,home_improvement,1
23500.0,16900.0,644.0,0.227,,0,debt_consolidation,0
76900.0,26900.0,714.0,0.286,2.4,0,debt_consolidation,0
33600.0,9800.0,819.0,0.282,2.2,1,home_improvement,0
65200.0,20200.0,544.0,0.342,1.6,1,debt_consolidation,1
41700.0,28000.0,839.0,0.119,0.6,0,debt_consolidation,0
47500.0,15600.0,664.0,0.27,1.1,1,business,0
37100.0,15700.0,704.0,0.292,0.8,0,debt_consolidation,0
50000.0,26800.0,581.0,0.143,0.1,0,education,0
139300.0,60000.0,750.0,0.142,1.2,0,home_improvement,0
108300.0,60000.0,683.0,0.244,19.6,0,business,0
64700.0,16100.0,676.0,0.281,12.7,0,debt_consolidation,0
53500.0,43100.0,544.0,0.281,1.4,0,debt_consolidation,1
82600.0,60000.0,685.0,0.224,5.8,0,education,1
95300.0,60000.0,739.0,0.22,5.4,0,home_improvement,0
35800.0,18400.0,663.0,0.24,1.9,0,medical,1
52100.0,8100.0,762.0,0.31,16.4,0,debt_consolidation,0
21800.0,14600.0,759.0,0.404,23.8,0,debt_consolidation,1
95000.0,48900.0,635.0,0.058,0.9,0,debt_consolidation,0
152100.0,52900.0,792.0,0.342,4.8,0,education,0
56400.0,6100.0,683.0,0.269,3.1,0,debt_consolidation,0
18700.0,5300.0,683.0,0.333,7.7,0,debt_consolidation,0
73500.0,43000.0,687.0,0.399,0.1,0,education,0
34500.0,6500.0,685.0,0.204,4.1,0,debt_consolidation,0
38900.0,24300.0,496.0,0.374,1.6,0,debt_consolidation,1
74100.0,56000.0,667.0,0.155,5.8,1,debt_consolidation,1
61500.0,21800.0,585.0,0.293,1.8,0,medical,0
42400.0,7000.0,794.0,0.256,8.5,0,home_improvement,0
39200.0,8300.0,791.0,0.285,0.5,0,home_improvement,0
57700.0,22300.0,740.0,0.181,2.0,1,home_improvement,1
44100.0,33100.0,663.0,0.324,2.3,0,business,0
31100.0,18900.0,609.0,0.439,6.3,0,debt_consolidation,1
45900.0,36500.0,634.0,0.183,3.4,0,debt_consolidation,0
64200.0,57500.0,816.0,0.299,,0,business,0
49600.0,13000.0,632.0,0.366,7.1,0,home_improvement,0
26700.0,17500.0,515.0,,10.5,0,business,1
88800.0,42000.0,752.0,0.416,13.2,0,education,0
13800.0,6800.0,785.0,0.237,0.6,0,education,0
43300.0,15600.0,796.0,0.268,2.4,1,home_improvement,1
39700.0,14800.0,753.0,0.181,7.8,0,debt_consolidation,0
58300.0,37400.0,764.0,0.293,0.3,0,business,1
71700.0,42800.0,684.0,0.28,2.4,0,home_improvement,1
95200.0,33800.0,535.0,0.344,4.2,1,debt_consolidation,1
37900.0,7400.0,682.0,0.216,1.2,0,debt_consolidation,1
72600.0,40800.0,724.0,0.212,4.3,1,debt_consolidation,0
59700.0,41300.0,671.0,0.326,2.2,1,debt_consolidation,1
23000.0,12600.0,667.0,0.42,0.5,0,debt_consolidation,0
140100.0,14400.0,613.0,0.343,3.0,1,debt_consolidation,1
26400.0,8600.0,610.0,0.465,8.0,1,business,0
66800.0,48300.0,809.0,0.336,0.6,1,home_improvement,0
65800.0,45700.0,811.0,0.332,1.1,2,debt_consolidation,0
62200.0,6700.0,680.0,0.348,2.7,2,debt_consolidation,1
42300.0,20100.0,700.0,0.429,3.1,0,medical,1
81900.0,36800.0,611.0,0.404,2.1,1,education,1
24800.0,15400.0,725.0,0.172,7.9,0,debt_consolidation,0
52400.0,10500.0,803.0,0.36,2.5,0,business,0
40900.0,24400.0,573.0,0.307,18.0,1,debt_consolidation,1
38600.0,33100.0,712.0,0.261,13.5,1,debt_consolidation,0
67100.0,26700.0,718.0,0.103,3.6,1,debt_consolidation,0
92800.0,34300.0,717.0,0.126,2.5,0,business,0
45600.0,5600.0,795.0,0.244,4.4,0,medical,0
80000.0,11700.0,823.0,0.134,,0,education,0
55500.0,46900.0,664.0,0.246,2.1,1,home_improvement,1
34700.0,30500.0,727.0,0.351,3.3,0,debt_consolidation,0
47600.0,5000.0,686.0,0.222,17.8,0,debt_consolidation,0
46600.0,38200.0,636.0,0.288,0.2,0,debt_consolidation,0
38200.0,9100.0,699.0,0.173,7.3,1,business,0
67100.0,36800.0,727.0,0.31,0.7,0,education,0
60900.0,39100.0,695.0,0.331,8.3,0,home_improvement,0
24500.0,9500.0,618.0,0.138,10.7,1,business,0
23700.0,12400.0,648.0,0.205,7.5,0,debt_consolidation,0
67000.0,40300.0,648.0,0.153,3.0,2,debt_consolidation,0
36000.0,9200.0,621.0,0.331,5.3,0,debt_consolidation,0
63000.0,56400.0,702.0,0.296,1.3,0,business,1
80100.0,21100.0,709.0,0.275,2.9,1,debt_consolidation,0
28700.0,3100.0,749.0,0.267,7.3,0,debt_consolidation,0
26700.0,22800.0,620.0,0.312,13.2,0,debt_consolidation,1
125100.0,55500.0,640.0,0.314,,0,business,1
64600.0,27100.0,789.0,0.23,2.2,0,debt_consolidation,0
43900.0,14100.0,668.0,0.216,1.6,1,education,0
34000.0,4100.0,682.0,0.274,10.0,0,business,1
42000.0,13100.0,668.0,0.261,0.1,0,education,0
29900.0,12400.0,759.0,0.486,7.6,0,debt_consolidation,0
84300.0,43500.0,762.0,0.242,29.2,0,debt_consolidation,0
36700.0,17100.0,758.0,0.309,1.1,0,debt_consolidation,0
93600.0,60000.0,682.0,0.327,1.9,0,medical,0
44300.0,36700.0,619.0,0.42,5.2,0,medical,1
32200.0,11400.0,815.0,,2.0,0,debt_consolidation,0
43800.0,38000.0,740.0,,0.6,0,debt_consolidation,0
14600.0,11600.0,648.0,0.265,0.5,2,debt_consolidation,1
51000.0,42900.0,780.0,0.53,1.5,0,home_improvement,0
49800.0,33100.0,643.0,0.316,1.5,0,debt_consolidation,0
81800.0,21200.0,779.0,0.157,1.3,0,business,1
21100.0,5400.0,783.0,0.26,0.0,1,debt_consolidation,0
96900.0,60000.0,615.0,0.414,5.7,0,debt_consolidation,1
81700.0,41300.0,721.0,0.288,2.7,0,home_improvement,0
101300.0,60000.0,735.0,0.274,1.7,1,business,0
52800.0,35700.0,850.0,0.352,0.5,1,debt_consolidation,0
89900.0,24300.0,628.0,0.246,,0,medical,0
26000.0,10600.0,780.0,0.259,1.6,0,home_improvement,0
77400.0,60000.0,681.0,0.186,2.3,0,home_improvement,0
36800.0,4300.0,593.0,0.453,10.0,0,home_improvement,0
23700.0,15900.0,672.0,0.158,2.1,0,business,0
30900.0,27300.0,680.0,0.297,0.4,0,home_improvement,0
54300.0,10000.0,606.0,0.328,3.1,1,debt_consolidation,1
35900.0,11400.0,702.0,0.279,2.9,0,medical,0
65400.0,35200.0,747.0,0.155,1.6,1,debt_consolidation,0
21900.0,17000.0,697.0,0.18,,1,debt_consolidation,0
18700.0,9400.0,642.0,0.332,3.6,0,debt_consolidation,0
107600.0,15900.0,670.0,0.202,12.6,0,home_improvement,0
85100.0,17200.0,680.0,0.073,1.2,0,medical,0
32100.0,12900.0,695.0,0.319,0.1,0,home_improvement,0
54100.0,19400.0,758.0,0.193,6.7,0,home_improvement,0
90200.0,24900.0,699.0,0.343,1.5,2,debt_consolidation,0
66800.0,51600.0,582.0,0.26,3.3,0,business,1
58300.0,7100.0,641.0,0.255,10.8,0,debt_consolidation,1
93700.0,60000.0,692.0,0.285,3.7,1,debt_consolidation,0
37600.0,31500.0,759.0,0.166,3.8,1,medical,0
55000.0,33200.0,771.0,0.197,1.9,0,business,0
53700.0,32200.0,804.0,0.254,1.8,1,debt_consolidation,0
47300.0,10400.0,689.0,0.166,2.5,0,home_improvement,0
44600.0,24700.0,733.0,0.351,2.9,1,medical,0
56200.0,22500.0,578.0,0.249,1.7,0,debt_consolidation,0
55100.0,15600.0,710.0,0.135,6.2,0,business,0
32100.0,18200.0,605.0,0.224,7.2,0,debt_consolidation,0
80900.0,8200.0,676.0,0.29,0.4,0,home_improvement,0
33200.0,10700.0,850.0,0.235,2.3,0,debt_consolidation,0
48600.0,30400.0,701.0,0.32,3.4,0,debt_consolidation,0
46700.0,21700.0,620.0,0.337,3.3,0,debt_consolidation,1
64800.0,14000.0,709.0,0.52,9.6,0,debt_consolidation,0
18800.0,1900.0,644.0,0.395,2.2,0,business,0
84600.0,26800.0,613.0,0.116,8.0,0,home_improvement,0
38600.0,20800.0,827.0,0.244,1.0,1,debt_consolidation,0
99700.0,52600.0,755.0,0.253,29.3,0,home_improvement,0
42700.0,8700.0,704.0,0.338,2.8,1,debt_consolidation,0
52900.0,31300.0,653.0,0.187,13.6,0,education,0
141100.0,60000.0,658.0,0.227,11.9,0,home_improvement,0
47200.0,26800.0,788.0,0.156,0.8,0,debt_consolidation,0
100700.0,52600.0,701.0,0.22,10.0,0,education,0
55200.0,33000.0,464.0,0.224,7.1,1,debt_consolidation,0
66700.0,53600.0,849.0,0.249,2.1,1,medical,0
56100.0,48100.0,693.0,0.161,9.4,0,home_improvement,0
82800.0,11000.0,704.0,,7.9,1,debt_consolidation,0
38500.0,10200.0,756.0,0.327,23.5,1,debt_consolidation,0
33100.0,6400.0,713.0,0.135,0.1,0,debt_consolidation,1
39400.0,28300.0,732.0,0.283,8.2,0,business,0
56900.0,7800.0,650.0,0.123,0.8,0,medical,0
48500.0,39900.0,594.0,0.414,0.1,1,business,1
77300.0,9000.0,700.0,0.441,10.6,1,education,1
104000.0,60000.0,780.0,,9.3,1,business,0
33300.0,10700.0,635.0,0.195,,0,debt_consolidation,1
37500.0,17900.0,629.0,0.214,2.7,0,education,0
26400.0,12000.0,765.0,0.235,19.9,2,debt_consolidation,0
149500.0,60000.0,648.0,0.269,6.4,1,business,1
63100.0,31400.0,651.0,0.417,2.9,0,business,0
68900.0,30100.0,654.0,0.376,10.8,0,education,0
27700.0,19000.0,675.0,0.377,6.9,0,medical,0
54100.0,45500.0,570.0,0.297,11.4,0,business,1
69900.0,51400.0,642.0,0.165,3.5,0,debt_consolidation,0
47700.0,32900.0,696.0,0.203,0.7,0,home_improvement,0
92800.0,45500.0,696.0,0.286,9.6,0,education,0
172100.0,60000.0,761.0,0.16,19.2,0,education,0
33700.0,16500.0,809.0,0.31,0.4,0,home_improvement,0
32500.0,27400.0,786.0,0.361,0.3,0,debt_consolidation,0
34900.0,25900.0,744.0,0.335,5.7,0,debt_consolidation,1
120900.0,26600.0,670.0,0.331,1.0,0,business,0
91200.0,12500.0,636.0,0.093,1.6,0,education,1
50600.0,35000.0,681.0,0.413,14.7,1,education,1
55200.0,35800.0,721.0,0.123,1.3,0,debt_consolidation,0
36000.0,20900.0,738.0,0.265,1.5,2,debt_consolidation,0
84500.0,60000.0,724.0,0.342,4.3,1,home_improvement,0
44800.0,24000.0,672.0,0.316,,0,debt_consolidation,1
47600.0,18000.0,735.0,0.152,9.9,0,debt_consolidation,1
73500.0,40600.0,768.0,0.17,0.1,0,debt_consolidation,0
49300.0,6100.0,742.0,0.309,1.0,1,debt_consolidation,0
48200.0,27200.0,678.0,0.331,0.0,0,debt_consolidation,0
54500.0,44800.0,622.0,0.169,0.0,0,education,1
80600.0,8300.0,620.0,0.319,0.1,1,home_improvement,0
123400.0,60000.0,632.0,0.128,2.2,0,home_improvement,0
72600.0,53800.0,698.0,0.342,1.2,1,business,1
81000.0,15000.0,716.0,,8.0,0,home_improvement,0
49000.0,38100.0,581.0,0.288,3.2,0,business,0
38000.0,27000.0,645.0,0.271,1.1,0,debt_consolidation,0
75100.0,37000.0,697.0,0.396,7.4,0,debt_consolidation,0
59000.0,17500.0,617.0,0.304,9.4,0,debt_consolidation,1
26600.0,8800.0,710.0,0.22,2.4,0,business,0
46000.0,27100.0,658.0,0.316,4.4,0,business,0
52000.0,15400.0,629.0,0.494,8.2,1,home_improvement,0
42000.0,15100.0,684.0,0.354,7.0,0,medical,0
113600.0,60000.0,707.0,0.274,22.1,0,debt_consolidation,0
68900.0,47100.0,621.0,0.197,5.9,2,home_improvement,0
107600.0,60000.0,663.0,0.218,6.1,1,debt_consolidation,0
61800.0,53400.0,713.0,0.348,2.3,0,home_improvement,1
56400.0,5900.0,627.0,0.191,10.8,0,debt_consolidation,1
33900.0,10000.0,564.0,0.28,8.3,0,home_improvement,0
54500.0,34100.0,572.0,0.424,3.6,0,home_improvement,0
54500.0,24600.0,651.0,0.295,2.0,0,home_improvement,0
27300.0,5200.0,588.0,0.172,4.4,1,debt_consolidation,0
41400.0,30000.0,656.0,0.498,4.2,1,home_improvement,1
46100.0,6300.0,797.0,0.456,0.6,0,debt_consolidation,0
66600.0,35600.0,583.0,0.33,6.0,0,debt_consolidation,0
68200.0,37500.0,660.0,0.408,2.5,0,home_improvement,1
40500.0,24700.0,829.0,0.253,7.3,1,debt_consolidation,0
68500.0,24100.0,709.0,,13.3,1,home_improvement,0
49500.0,5900.0,654.0,0.238,10.8,0,debt_consolidation,1
12900.0,10500.0,669.0,,0.5,0,home_improvement,1
42500.0,35800.0,710.0,0.539,1.4,1,home_improvement,0
92900.0,45100.0,799.0,0.139,3.8,0,debt_consolidation,0
23400.0,2700.0,643.0,0.31,1.6,0,debt_consolidation,0
57300.0,32400.0,627.0,0.309,0.2,0,home_improvement,1
119700.0,42200.0,583.0,0.332,2.1,0,medical,0
37000.0,9100.0,687.0,0.271,3.4,1,debt_consolidation,0
54200.0,12700.0,582.0,0.272,4.1,0,debt_consolidation,0
28200.0,6900.0,648.0,0.294,10.6,0,medical,0
122200.0,44600.0,616.0,0.328,3.0,0,debt_consolidation,1
52000.0,16900.0,755.0,0.28,1.4,1,debt_consolidation,1
55500.0,42700.0,644.0,0.273,8.2,1,debt_consolidation,1
106600.0,52900.0,708.0,0.148,0.2,1,business,1
75400.0,33300.0,568.0,0.481,1.0,1,home_improvement,0
35000.0,7600.0,689.0,0.334,9.9,0,debt_consolidation,0
39200.0,31400.0,596.0,0.301,0.4,0,home_improvement,0
69400.0,10000.0,650.0,0.218,5.6,0,debt_consolidation,0
39700.0,11600.0,835.0,0.18,4.4,1,debt_consolidation,0
18800.0,11200.0,745.0,0.366,13.9,1,business,0
52800.0,34900.0,671.0,0.264,0.8,0,home_improvement,1
25800.0,19100.0,850.0,0.342,8.2,0,education,0
121600.0,52100.0,616.0,,2.6,0,business,1
59200.0,22300.0,762.0,0.435,,0,debt_consolidation,0
34500.0,11400.0,573.0,0.37,9.0,1,debt_consolidation,1
38200.0,21200.0,663.0,0.272,3.7,0,debt_consolidation,1
21100.0,8000.0,586.0,0.327,0.5,0,education,0
31300.0,11300.0,698.0,0.354,3.5,0,debt_consolidation,1
90100.0,10200.0,684.0,0.146,5.9,1,home_improvement,0
165400.0,60000.0,658.0,0.448,20.3,0,debt_consolidation,0
77900.0,11600.0,756.0,0.328,0.8,0,debt_consolidation,0
51700.0,16400.0,640.0,0.21,5.0,0,home_improvement,0
43700.0,36600.0,703.0,,4.8,0,debt_consolidation,0
33600.0,23100.0,737.0,0.379,1.7,0,medical,0
151700.0,60000.0,576.0,0.301,8.9,1,business,1
49300.0,31000.0,628.0,0.328,1.9,1,business,0
156000.0,27700.0,684.0,0.283,1.0,2,home_improvement,1
108700.0,60000.0,724.0,0.18,8.7,0,debt_consolidation,0
22700.0,6800.0,779.0,0.331,16.1,0,home_improvement,0
38800.0,33600.0,665.0,0.26,1.0,0,debt_consolidation,0
38800.0,11100.0,658.0,0.278,0.2,0,business,1
52100.0,31300.0,619.0,0.518,8.6,0,education,1
52600.0,28200.0,703.0,0.367,1.0,1,debt_consolidation,0
242300.0,52000.0,659.0,0.373,2.0,0,medical,0
31600.0,12300.0,661.0,0.552,4.3,0,debt_consolidation,0
60700.0,44000.0,673.0,0.318,7.0,0,medical,1
73700.0,19900.0,719.0,0.292,2.7,0,home_improvement,0
54100.0,47100.0,641.0,0.212,0.6,0,business,1
57200.0,19200.0,626.0,0.235,1.5,0,business,1
32100.0,19300.0,710.0,0.075,7.6,1,debt_consolidation,0
57100.0,34000.0,468.0,0.359,0.4,1,home_improvement,1
70000.0,33400.0,638.0,0.153,4.6,0,debt_consolidation,0
63800.0,39800.0,599.0,0.37,3.0,2,medical,1
72000.0,50000.0,764.0,0.276,3.7,0,home_improvement,1
109800.0,60000.0,649.0,0.293,4.6,0,business,0
86600.0,47500.0,641.0,0.276,9.0,0,business,1
56100.0,32800.0,677.0,0.419,4.6,0,debt_consolidation,0
30200.0,12700.0,638.0,0.401,7.6,0,debt_consolidation,0
40100.0,6300.0,652.0,0.277,0.1,0,education,1
48500.0,11000.0,687.0,0.19,5.5,2,debt_consolidation,0
61500.0,36000.0,650.0,0.372,2.4,0,debt_consolidation,0
42700.0,35900.0,650.0,0.183,5.8,0,home_improvement,0
33900.0,4100.0,609.0,0.125,1.6,0,home_improvement,0
29900.0,16000.0,599.0,0.33,6.4,0,home_improvement,0
23700.0,7100.0,684.0,0.402,13.4,1,debt_consolidation,1
48200.0,26500.0,701.0,,2.8,0,debt_consolidation,1
26000.0,18200.0,580.0,0.32,6.8,1,debt_consolidation,1
32900.0,22600.0,733.0,0.238,0.8,2,education,0
44500.0,30300.0,733.0,0.352,4.6,0,home_improvement,0
27800.0,20100.0,748.0,0.39,2.0,0,home_improvement,0
65500.0,10400.0,701.0,0.254,2.1,0,business,0
78400.0,39800.0,725.0,0.177,0.7,1,business,0
41200.0,12700.0,833.0,0.134,7.6,2,debt_consolidation,0
43500.0,36400.0,659.0,0.373,4.3,0,medical,0
70900.0,51500.0,607.0,0.166,12.4,0,debt_consolidation,1
37900.0,7100.0,573.0,0.317,6.4,0,education,0
36600.0,10800.0,803.0,0.358,2.0,0,debt_consolidation,0
98500.0,45700.0,804.0,0.23,0.9,0,debt_consolidation,0
84300.0,60000.0,615.0,0.263,5.6,0,business,1
73200.0,13700.0,629.0,0.38,7.1,0,home_improvement,0
86100.0,47700.0,657.0,0.199,6.1,0,debt_consolidation,0
20200.0,7500.0,766.0,0.189,6.8,0,business,0
106600.0,60000.0,590.0,0.257,4.0,0,debt_consolidation,1
65900.0,40800.0,542.0,0.408,4.9,0,debt_consolidation,0
89800.0,26300.0,832.0,0.441,0.3,0,debt_consolidation,0
65700.0,47900.0,702.0,0.27,2.9,0,education,0
55500.0,9600.0,712.0,0.209,5.4,0,education,0
47200.0,35600.0,666.0,0.386,0.4,0,home_improvement,0
65100.0,17500.0,713.0,0.113,7.2,0,home_improvement,0
46400.0,26500.0,574.0,0.305,10.6,0,home_improvement,1
83600.0,31600.0,621.0,0.276,2.8,0,debt_consolidation,0
24500.0,14400.0,687.0,0.409,5.6,0,debt_consolidation,1
41300.0,13000.0,521.0,0.42,1.0,1,debt_consolidation,1
150600.0,60000.0,659.0,0.186,7.0,0,education,0
39600.0,4200.0,655.0,0.297,4.9,2,medical,0
48100.0,19200.0,659.0,0.223,2.6,0,debt_consolidation,0
34800.0,26500.0,641.0,0.251,1.8,0,debt_consolidation,0
64100.0,30200.0,610.0,0.342,0.9,0,education,1
37500.0,18700.0,552.0,0.247,0.2,0,debt_consolidation,1
49400.0,29500.0,690.0,0.299,4.5,2,home_improvement,0
82800.0,37000.0,659.0,0.376,1.9,2,home_improvement,1
38200.0,30300.0,584.0,0.432,8.2,1,home_improvement,1
80400.0,34000.0,684.0,0.309,4.5,0,debt_consolidation,1
81700.0,60000.0,659.0,0.292,0.1,1,business,1
91800.0,60000.0,648.0,0.169,3.2,1,debt_consolidation,0
58100.0,25400.0,529.0,0.439,7.5,1,debt_consolidation,1
273900.0,60000.0,728.0,0.33,1.7,0,debt_consolidation,0
91800.0,58900.0,594.0,0.294,3.0,0,medical,0
63700.0,44900.0,684.0,0.289,0.2,1,medical,0
35000.0,8700.0,623.0,0.316,10.1,0,home_improvement,1
51600.0,15100.0,653.0,0.357,2.6,1,home_improvement,1
110500.0,24000.0,761.0,0.37,1.4,0,home_improvement,0
127400.0,60000.0,717.0,0.441,7.1,0,debt_consolidation,1
113500.0,60000.0,759.0,0.304,0.8,0,debt_consolidation,0
80200.0,20100.0,703.0,0.455,1.4,1,debt_consolidation,1
28900.0,15300.0,708.0,0.386,0.5,0,home_improvement,0
69100.0,49200.0,555.0,0.274,19.4,0,education,0
29100.0,25000.0,658.0,0.113,1.2,0,business,0
25800.0,6300.0,664.0,0.289,1.8,0,home_improvement,0
61100.0,21000.0,766.0,0.436,8.8,1,education,0
70400.0,26700.0,645.0,0.202,6.5,0,business,1
85100.0,51100.0,699.0,0.288,12.0,0,debt_consolidation,0
69500.0,14500.0,696.0,0.297,5.1,0,home_improvement,0
70700.0,18000.0,761.0,0.374,3.8,1,education,0
33100.0,24000.0,671.0,0.241,2.4,0,home_improvement,0
51400.0,27400.0,738.0,0.193,5.1,0,business,0
25500.0,5800.0,561.0,0.337,0.3,0,home_improvement,1
19900.0,8200.0,567.0,0.206,0.3,1,business,1
78500.0,16300.0,520.0,0.096,0.9,0,debt_consolidation,0
37200.0,14500.0,735.0,0.464,5.4,0,medical,0
83800.0,35200.0,727.0,0.373,3.6,0,debt_consolidation,0
94300.0,17900.0,743.0,0.468,20.3,1,debt_consolidation,0
39700.0,5900.0,633.0,0.367,3.9,1,debt_consolidation,0
72800.0,58600.0,641.0,0.348,4.5,0,home_improvement,1
38900.0,31500.0,672.0,0.317,4.7,0,debt_consolidation,0
21500.0,2200.0,781.0,0.261,9.1,0,debt_consolidation,0
57600.0,35300.0,799.0,0.331,,0,education,0
42800.0,7500.0,736.0,0.225,3.0,1,home_improvement,0
43500.0,32500.0,703.0,0.173,0.1,0,debt_consolidation,0
145500.0,60000.0,773.0,0.247,8.9,0,home_improvement,0
25300.0,15000.0,662.0,0.409,5.0,0,business,0
65600.0,38700.0,653.0,0.157,9.8,0,education,0
32900.0,13100.0,671.0,0.158,7.3,0,home_improvement,1
85300.0,25600.0,611.0,0.339,2.7,0,medical,1
62900.0,31400.0,668.0,0.238,6.7,1,business,1
65500.0,13600.0,602.0,0.329,1.3,0,debt_consolidation,0
33800.0,21600.0,752.0,0.379,13.2,0,debt_consolidation,1
36900.0,17600.0,718.0,0.326,17.4,2,debt_consolidation,0
86100.0,20800.0,780.0,0.217,1.2,0,education,0
131300.0,60000.0,566.0,0.408,14.3,1,business,0
68900.0,50700.0,813.0,0.354,12.8,0,debt_consolidation,0
34600.0,19800.0,570.0,0.283,0.2,1,home_improvement,0
64200.0,33600.0,596.0,0.278,5.4,0,debt_consolidation,1
182400.0,60000.0,637.0,0.317,8.6,2,home_improvement,0
57000.0,6200.0,772.0,0.249,10.8,0,business,0
112500.0,60000.0,696.0,0.117,14.8,0,medical,0
37400.0,16000.0,663.0,0.355,19.7,2,business,0
53000.0,13500.0,625.0,0.349,2.5,0,home_improvement,0
73800.0,60000.0,584.0,0.05,4.0,0,education,0
66100.0,28000.0,759.0,0.331,0.1,0,business,0
36900.0,13600.0,736.0,,0.4,0,education,0
36100.0,8500.0,775.0,0.167,1.3,0,business,0
88800.0,60000.0,708.0,0.273,3.6,0,debt_consolidation,0
98300.0,60000.0,495.0,0.262,8.7,1,debt_consolidation,1
115400.0,18000.0,593.0,0.446,0.4,1,debt_consolidation,0
133500.0,60000.0,713.0,0.392,5.8,1,business,0
57900.0,12600.0,654.0,0.192,20.2,0,debt_consolidation,0
46400.0,31200.0,641.0,0.314,26.5,0,medical,0
106500.0,51900.0,603.0,0.51,9.0,1,home_improvement,1
77400.0,14600.0,746.0,0.218,1.9,1,education,0
33100.0,18100.0,712.0,0.279,6.8,0,education,1
32300.0,26800.0,715.0,,2.0,1,home_improvement,1
69300.0,25800.0,636.0,0.219,4.5,0,debt_consolidation,1
49600.0,7000.0,692.0,0.456,6.5,0,education,0
53500.0,45800.0,586.0,0.233,3.2,0,business,0
92600.0,19800.0,671.0,0.141,,2,debt_consolidation,0
79200.0,38000.0,503.0,0.228,,1,debt_consolidation,1
105300.0,56400.0,570.0,0.345,7.7,1,business,1
20600.0,6000.0,657.0,0.2,15.0,0,debt_consolidation,0
61500.0,14900.0,846.0,0.31,0.9,0,debt_consolidation,1
76700.0,14600.0,554.0,0.336,12.5,0,business,0
25300.0,3900.0,593.0,,1.3,0,medical,1
39000.0,19800.0,695.0,0.224,0.2,2,debt_consolidation,1
35600.0,27500.0,804.0,0.315,,1,business,1
54800.0,11000.0,694.0,0.35,2.0,0,education,0
122300.0,60000.0,729.0,0.226,,0,debt_consolidation,0
148900.0,60000.0,656.0,0.295,2.6,1,home_improvement,1
36100.0,4600.0,644.0,0.252,1.7,1,business,1
70500.0,37300.0,686.0,0.353,14.2,0,education,0
71600.0,21600.0,634.0,0.332,0.7,0,home_improvement,0
65800.0,38400.0,731.0,0.243,0.5,0,home_improvement,1
66100.0,25100.0,568.0,0.328,2.6,1,debt_consolidation,1
63100.0,40000.0,742.0,0.239,1.6,0,education,0
126000.0,60000.0,683.0,0.326,2.3,1,debt_consolidation,0
94000.0,27800.0,665.0,0.327,0.9,1,medical,0
31900.0,27200.0,565.0,0.517,9.5,1,debt_consolidation,1
80600.0,21200.0,611.0,0.246,3.9,2,debt_consolidation,1
84600.0,13200.0,764.0,0.266,0.7,1,debt_consolidation,0
63400.0,16100.0,665.0,0.215,6.8,1,medical,0
95400.0,60000.0,699.0,0.177,2.9,0,home_improvement,0
59500.0,38200.0,618.0,0.234,7.6,0,debt_consolidation,0
59900.0,52500.0,678.0,0.347,1.5,1,home_improvement,1
57600.0,38500.0,584.0,,4.5,0,home_improvement,1
19700.0,8500.0,687.0,0.31,0.2,0,business,0
52000.0,42300.0,706.0,0.25,28.9,1,debt_consolidation,0
38800.0,33600.0,702.0,0.231,5.8,0,debt_consolidation,0
29900.0,21900.0,617.0,0.188,27.0,0,business,1
111000.0,60000.0,656.0,0.224,4.3,1,home_improvement,1
69700.0,53000.0,718.0,0.15,0.0,1,home_improvement,0
53400.0,13000.0,665.0,0.416,9.2,0,debt_consolidation,0
40800.0,33500.0,660.0,0.464,8.3,0,business,1
62800.0,56500.0,813.0,0.086,0.9,0,business,0
88900.0,56200.0,613.0,0.309,3.1,0,home_improvement,0
35800.0,9200.0,756.0,0.307,4.4,0,debt_consolidation,0
54000.0,11600.0,599.0,0.301,,2,debt_consolidation,0
83600.0,60000.0,726.0,0.221,,0,debt_consolidation,0
20600.0,16400.0,730.0,0.382,,1,home_improvement,0
52600.0,36800.0,644.0,0.321,0.3,0,home_improvement,0
43700.0,37600.0,595.0,0.383,3.1,0,home_improvement,1
50700.0,25500.0,542.0,0.206,2.9,0,debt_consolidation,1
42200.0,34200.0,637.0,0.142,2.1,0,debt_consolidation,0
58000.0,13400.0,717.0,0.323,14.9,0,business,0
141700.0,34900.0,605.0,0.184,17.4,0,debt_consolidation,0
46100.0,23500.0,687.0,0.385,7.6,0,business,0
62700.0,22900.0,577.0,0.067,0.1,1,home_improvement,0
146900.0,60000.0,664.0,0.233,0.0,0,debt_consolidation,0
41200.0,30400.0,600.0,0.218,12.5,0,home_improvement,0
134200.0,19200.0,675.0,0.247,12.0,0,business,1
54300.0,36700.0,645.0,0.306,1.0,0,medical,0
132100.0,22500.0,597.0,0.32,0.1,1,debt_consolidation,0
78800.0,60000.0,634.0,0.344,12.3,0,debt_consolidation,1
63200.0,16500.0,615.0,0.355,13.0,0,home_improvement,1
52400.0,36000.0,588.0,0.263,3.6,0,debt_consolidation,0
39700.0,22800.0,756.0,0.491,2.0,0,debt_consolidation,0
56300.0,23000.0,655.0,0.419,12.8,1,business,0
84900.0,26700.0,526.0,0.249,0.2,0,education,1
53800.0,7900.0,636.0,0.266,6.2,1,medical,0
46200.0,17700.0,744.0,0.247,2.4,1,home_improvement,0
47800.0,12400.0,627.0,0.316,1.0,0,debt_consolidation,0
89000.0,18600.0,785.0,0.183,4.1,0,debt_consolidation,0
100000.0,60000.0,620.0,0.201,0.6,0,medical,0
38800.0,10500.0,715.0,0.063,1.9,0,home_improvement,1
38800.0,10800.0,753.0,0.24,9.8,1,home_improvement,0
65500.0,24400.0,712.0,0.386,8.6,0,debt_consolidation,0
116300.0,54700.0,584.0,0.265,4.9,0,debt_consolidation,0
96100.0,49100.0,614.0,0.27,0.9,1,debt_consolidation,0
29000.0,18300.0,762.0,0.308,5.7,0,debt_consolidation,0
47500.0,27100.0,624.0,0.18,3.2,1,business,1
34000.0,16500.0,748.0,0.283,3.2,1,education,0
47400.0,19700.0,650.0,0.369,3.7,1,business,0
120800.0,37800.0,690.0,0.311,3.3,0,business,0
26600.0,17800.0,583.0,0.378,1.1,0,home_improvement,1
24100.0,8500.0,637.0,0.406,0.4,1,debt_consolidation,0
35800.0,27900.0,619.0,0.346,1.8,1,home_improvement,0
62500.0,35600.0,696.0,,2.2,1,debt_consolidation,0
73900.0,44900.0,687.0,0.246,1.4,0,medical,1
67400.0,34200.0,712.0,0.473,0.2,0,medical,0
97500.0,60000.0,646.0,0.311,4.9,0,home_improvement,0
22400.0,9800.0,615.0,0.298,4.4,2,debt_consolidation,1
98100.0,43300.0,693.0,0.194,0.3,1,debt_consolidation,0
46300.0,37700.0,608.0,0.271,5.4,0,debt_consolidation,0
78100.0,45600.0,755.0,0.352,6.1,1,debt_consolidation,1
28000.0,12900.0,672.0,0.281,1.3,0,business,0
54300.0,16800.0,657.0,0.228,0.8,1,debt_consolidation,0
61000.0,18100.0,712.0,0.251,5.2,0,business,0
96600.0,60000.0,675.0,0.399,5.1,1,home_improvement,0
24500.0,7900.0,564.0,0.347,0.8,0,home_improvement,0
55000.0,5800.0,606.0,0.333,2.6,1,debt_consolidation,0
31500.0,3600.0,754.0,0.324,5.4,0,debt_consolidation,0
69800.0,60000.0,686.0,0.162,8.0,0,home_improvement,0
79900.0,43800.0,562.0,0.307,2.4,1,home_improvement,0
103100.0,50600.0,705.0,0.387,6.3,0,home_improvement,0
41500.0,34600.0,641.0,0.254,11.3,0,debt_consolidation,0
86100.0,32800.0,619.0,0.378,1.9,1,debt_consolidation,0
107000.0,60000.0,600.0,0.335,2.8,0,debt_consolidation,0
23800.0,16100.0,750.0,0.363,3.4,0,education,0
73600.0,35500.0,542.0,,,0,education,1
87500.0,60000.0,621.0,0.369,0.9,0,debt_consolidation,1
47600.0,41500.0,688.0,0.134,,0,medical,0
29600.0,7700.0,790.0,0.283,8.7,0,debt_consolidation,0
86800.0,9900.0,719.0,0.351,0.9,0,medical,0
29700.0,22500.0,621.0,0.31,3.0,0,home_improvement,1
49600.0,21000.0,787.0,0.39,2.4,1,education,0
53100.0,28400.0,585.0,0.264,4.6,0,debt_consolidation,0
77500.0,21500.0,699.0,0.225,7.2,0,education,0
39600.0,30600.0,714.0,0.116,0.9,0,education,0
38500.0,26100.0,618.0,0.253,23.2,0,debt_consolidation,0
56900.0,49100.0,729.0,0.332,0.9,0,debt_consolidation,0
89600.0,43000.0,644.0,0.356,6.0,0,education,1
170000.0,60000.0,729.0,0.14,2.6,1,home_improvement,0
25500.0,13000.0,551.0,0.398,2.2,0,education,1
63400.0,37900.0,703.0,0.183,,0,debt_consolidation,1
31500.0,20100.0,651.0,0.268,10.8,0,debt_consolidation,0
90200.0,44400.0,760.0,0.223,2.6,1,education,0
33900.0,18700.0,677.0,0.322,6.4,1,debt_consolidation,0
38700.0,10800.0,767.0,0.289,2.0,0,debt_consolidation,0
40400.0,15800.0,716.0,0.348,0.5,0,debt_consolidation,0
52200.0,34500.0,671.0,,12.1,0,medical,0
63700.0,8400.0,735.0,0.32,2.1,0,debt_consolidation,0
69000.0,45600.0,736.0,0.222,4.0,0,home_improvement,0
54000.0,18500.0,713.0,0.326,5.8,1,home_improvement,0
27900.0,8900.0,520.0,0.475,30.1,0,debt_consolidation,0
78000.0,51100.0,611.0,0.346,7.2,1,debt_consolidation,0
52800.0,14400.0,777.0,0.375,3.1,2,debt_consolidation,0
96800.0,60000.0,592.0,0.121,3.0,1,debt_consolidation,0
38000.0,33900.0,742.0,0.319,7.0,0,business,0
24300.0,11300.0,729.0,0.253,0.2,0,education,0
53300.0,22400.0,629.0,0.212,4.5,1,medical,1
103600.0,16900.0,540.0,0.278,5.0,0,medical,0
58700.0,42400.0,640.0,0.291,1.5,0,debt_consolidation,0
49000.0,11300.0,825.0,0.218,8.0,0,education,0
35100.0,29700.0,620.0,0.299,11.7,0,home_improvement,1
130500.0,60000.0,624.0,0.263,4.9,0,medical,1
32400.0,6400.0,610.0,0.35,,3,business,1
37700.0,24400.0,765.0,0.303,4.4,0,debt_consolidation,0
72000.0,34000.0,663.0,,1.5,0,education,1
21400.0,11400.0,636.0,0.378,14.8,0,debt_consolidation,0
102500.0,25000.0,779.0,0.335,0.5,0,business,0
74000.0,50200.0,721.0,0.279,25.1,0,debt_consolidation,0
84900.0,19800.0,616.0,0.071,0.4,1,debt_consolidation,1
71600.0,57900.0,594.0,0.331,7.0,0,business,1
50000.0,23200.0,761.0,0.189,2.9,0,debt_consolidation,0
31800.0,19300.0,681.0,0.271,7.1,0,home_improvement,0
50500.0,42300.0,572.0,0.317,0.8,0,home_improvement,1
33300.0,23000.0,555.0,0.413,8.3,1,home_improvement,0
69100.0,36800.0,602.0,0.464,1.5,0,debt_consolidation,1
81100.0,34200.0,593.0,0.188,2.7,0,debt_consolidation,0
113400.0,53300.0,537.0,0.148,6.5,0,home_improvement,0
65200.0,24300.0,603.0,0.313,5.6,2,home_improvement,1
86000.0,60000.0,616.0,0.304,3.6,1,business,1
46700.0,14100.0,648.0,0.16,0.5,1,medical,0
42700.0,18300.0,799.0,0.278,3.9,2,home_improvement,0
68700.0,49600.0,661.0,0.34,9.5,0,debt_consolidation,0
44700.0,17500.0,668.0,0.157,1.2,0,business,0
62000.0,50200.0,716.0,0.181,2.1,0,debt_consolidation,0
31900.0,9400.0,663.0,0.216,4.7,0,business,0
34900.0,4400.0,708.0,0.259,0.0,0,business,0
74400.0,44900.0,700.0,0.349,5.7,0,business,0
84400.0,42800.0,689.0,0.247,12.1,0,debt_consolidation,1
33100.0,28000.0,850.0,0.286,0.6,1,debt_consolidation,1
75800.0,33200.0,744.0,0.505,1.8,0,education,0
41500.0,8700.0,604.0,0.184,0.0,0,home_improvement,0
54600.0,19900.0,706.0,0.215,0.1,1,debt_consolidation,0
110000.0,45600.0,625.0,0.348,0.8,0,home_improvement,1
81100.0,45900.0,711.0,0.379,1.3,0,education,0
80700.0,25800.0,584.0,0.321,2.3,0,debt_consolidation,1
140700.0,60000.0,602.0,0.461,8.0,1,debt_consolidation,1
38100.0,31500.0,704.0,0.312,0.3,0,education,0
33100.0,14500.0,750.0,0.082,20.6,0,debt_consolidation,0
37800.0,23500.0,715.0,0.29,19.7,0,education,0
47700.0,13500.0,740.0,0.223,1.7,0,medical,0
16700.0,12400.0,706.0,0.418,4.2,0,business,1
48800.0,15400.0,692.0,0.376,1.1,1,medical,0
41300.0,23300.0,645.0,0.121,11.9,0,home_improvement,0
80200.0,27300.0,737.0,0.415,5.0,0,business,0
64600.0,9900.0,752.0,0.374,0.7,1,home_improvement,0
40100.0,14300.0,676.0,0.248,0.1,1,medical,1
72800.0,19600.0,672.0,0.272,3.0,1,debt_consolidation,0
77800.0,60000.0,791.0,0.419,9.6,1,education,1
36900.0,11500.0,679.0,0.083,0.8,0,debt_consolidation,0
42300.0,37200.0,685.0,0.325,2.5,0,debt_consolidation,0
17800.0,8800.0,714.0,0.389,3.2,0,home_improvement,0
31400.0,8700.0,673.0,0.271,9.9,0,debt_consolidation,0
37400.0,15400.0,623.0,0.345,1.7,2,debt_consolidation,0
56200.0,13900.0,706.0,0.29,1.2,1,medical,0
33800.0,25900.0,677.0,0.202,5.7,1,home_improvement,0
41900.0,8200.0,809.0,0.199,5.5,0,education,0
29400.0,23500.0,735.0,0.351,5.1,0,medical,0
59000.0,8100.0,638.0,0.216,2.2,1,home_improvement,0
67000.0,22800.0,731.0,0.128,0.2,0,business,0
66200.0,14000.0,702.0,0.292,,1,debt_consolidation,0
54500.0,35300.0,772.0,0.229,6.5,0,debt_consolidation,0
25100.0,12800.0,643.0,0.16,7.9,0,debt_consolidation,0
39700.0,33800.0,693.0,0.287,1.2,2,medical,1
44200.0,17400.0,673.0,0.357,12.7,0,debt_consolidation,0
44300.0,5900.0,684.0,0.282,5.5,0,home_improvement,0
56200.0,39900.0,618.0,0.173,7.3,0,home_improvement,0
110500.0,60000.0,720.0,0.328,3.1,0,medical,0
81300.0,60000.0,709.0,0.384,11.7,0,medical,0
33100.0,14600.0,770.0,0.501,3.2,0,debt_consolidation,0
76100.0,52600.0,679.0,0.424,21.0,0,debt_consolidation,0
74600.0,17700.0,651.0,0.179,4.6,1,education,0
36200.0,32600.0,735.0,0.366,15.4,2,business,0
82800.0,19800.0,624.0,0.306,1.5,2,debt_consolidation,1
50000.0,38200.0,756.0,0.165,3.1,0,education,0
26800.0,7200.0,756.0,0.308,2.1,0,debt_consolidation,0
68000.0,49400.0,768.0,0.472,0.0,1,debt_consolidation,0
60400.0,47700.0,706.0,0.4,5.5,0,debt_consolidation,0
48300.0,38700.0,646.0,0.179,0.7,0,medical,0
53200.0,25600.0,688.0,0.281,0.3,0,education,1
37800.0,16700.0,707.0,0.329,9.0,1,home_improvement,0
73500.0,56400.0,641.0,0.107,17.4,0,education,1
53000.0,29900.0,773.0,0.11,19.3,0,home_improvement,0
58900.0,35200.0,721.0,0.295,5.6,1,debt_consolidation,0
64800.0,18700.0,618.0,0.297,0.1,1,medical,0
30400.0,13900.0,812.0,0.096,1.5,0,debt_consolidation,0
34600.0,13700.0,687.0,0.319,7.9,0,business,0
17900.0,11300.0,603.0,0.389,1.9,0,medical,0
71900.0,18500.0,622.0,0.258,6.3,0,education,0
29600.0,12600.0,784.0,0.286,16.5,0,home_improvement,0
57900.0,45100.0,808.0,0.337,2.0,2,medical,0
65200.0,35000.0,751.0,0.324,1.7,0,debt_consolidation,1
73200.0,59800.0,772.0,0.113,0.8,0,home_improvement,0
29700.0,8500.0,765.0,0.189,4.4,0,debt_consolidation,0
52400.0,23700.0,719.0,0.24,3.7,0,education,0
124900.0,60000.0,703.0,0.194,10.3,0,education,0
127700.0,53700.0,718.0,0.427,6.1,1,debt_consolidation,0
88800.0,57500.0,732.0,0.343,7.2,0,debt_consolidation,0
64100.0,14000.0,628.0,0.169,2.1,0,home_improvement,0
32800.0,16900.0,731.0,0.259,11.6,0,business,0
77600.0,16400.0,782.0,0.393,8.7,1,education,0
50100.0,30200.0,666.0,0.215,9.5,0,home_improvement,0
71700.0,54800.0,658.0,0.365,15.7,0,business,0
39500.0,4600.0,713.0,0.418,7.7,1,medical,0
49700.0,23100.0,635.0,0.402,8.7,1,education,0
58800.0,29100.0,588.0,0.298,12.0,1,home_improvement,1
61300.0,41500.0,760.0,0.405,8.8,0,home_improvement,0
69300.0,11100.0,648.0,0.228,7.6,0,debt_consolidation,0
40600.0,17200.0,681.0,0.529,3.8,0,medical,0
27700.0,20200.0,637.0,0.304,0.9,1,debt_consolidation,0
122100.0,60000.0,769.0,0.395,1.2,0,education,0
188100.0,60000.0,740.0,0.244,0.5,0,business,0
67800.0,26500.0,663.0,0.33,7.8,2,home_improvement,0
27900.0,23300.0,597.0,0.334,1.9,1,debt_consolidation,1
36800.0,6000.0,656.0,0.187,10.6,0,debt_consolidation,1
69900.0,12100.0,720.0,0.184,1.5,1,education,0
105900.0,55400.0,693.0,0.26,0.3,0,debt_consolidation,0
29500.0,14100.0,688.0,0.391,4.8,0,debt_consolidation,1
50900.0,31100.0,695.0,0.097,7.4,0,debt_consolidation,0
59800.0,16900.0,733.0,0.244,2.1,0,home_improvement,0
83500.0,23400.0,677.0,0.411,4.3,1,home_improvement,1
45600.0,31900.0,712.0,0.157,0.1,0,debt_consolidation,0
24800.0,8300.0,611.0,0.405,0.6,1,education,0
73900.0,50400.0,850.0,0.167,1.8,0,home_improvement,0
95100.0,58300.0,660.0,0.188,4.8,0,home_improvement,0
52000.0,8700.0,694.0,0.265,0.1,0,business,0
66300.0,44300.0,720.0,,0.1,0,debt_consolidation,0
42700.0,34300.0,651.0,0.216,11.1,0,home_improvement,1
35500.0,26700.0,681.0,0.107,7.2,2,debt_consolidation,0
90500.0,9700.0,680.0,0.14,1.7,0,debt_consolidation,0
65800.0,35000.0,616.0,0.373,3.3,0,education,0
69200.0,57500.0,711.0,0.145,8.2,0,education,1
114800.0,60000.0,565.0,0.399,12.9,0,education,1
32000.0,10600.0,803.0,0.287,2.6,0,business,0
41100.0,10500.0,736.0,0.277,9.9,0,medical,0
58600.0,38000.0,725.0,0.31,0.7,1,debt_consolidation,1
40900.0,29300.0,558.0,0.2,2.0,0,education,1
80100.0,60000.0,625.0,0.294,6.6,2,education,1
49300.0,40700.0,777.0,0.161,6.9,1,education,0
33000.0,12300.0,850.0,0.415,5.9,0,home_improvement,0
56000.0,32700.0,764.0,0.177,31.2,0,business,0
59000.0,10700.0,753.0,0.324,3.2,1,home_improvement,0
86500.0,15200.0,717.0,0.177,0.3,2,medical,0
65900.0,10400.0,621.0,0.227,0.6,0,home_improvement,0
68200.0,57400.0,750.0,0.243,10.4,1,medical,0
63600.0,14100.0,603.0,0.578,9.9,0,debt_consolidation,0
49300.0,24000.0,595.0,0.279,6.3,1,debt_consolidation,0
37900.0,16900.0,591.0,0.198,0.3,0,home_improvement,0
62600.0,22500.0,748.0,0.236,9.1,0,home_improvement,0
45900.0,24300.0,676.0,0.13,6.5,2,debt_consolidation,0
126100.0,12900.0,687.0,0.264,3.9,0,education,0
106000.0,42800.0,679.0,0.465,9.4,0,business,1
74300.0,35900.0,601.0,0.314,1.2,0,business,1
65500.0,48600.0,633.0,0.37,8.8,0,debt_consolidation,0
51800.0,34200.0,637.0,0.189,2.9,0,home_improvement,0
28800.0,22500.0,582.0,0.26,0.6,0,business,0
48600.0,19500.0,645.0,,11.6,1,business,1
57000.0,12100.0,604.0,0.207,4.0,1,debt_consolidation,0
60800.0,25600.0,720.0,0.32,,0,debt_consolidation,0
68500.0,59600.0,726.0,0.342,1.0,0,debt_consolidation,1
85900.0,23300.0,589.0,0.334,3.7,0,home_improvement,1
38300.0,9200.0,659.0,0.265,2.5,1,medical,0
38500.0,32900.0,810.0,0.389,5.0,1,debt_consolidation,0
111900.0,60000.0,611.0,0.254,13.3,0,education,1
79700.0,17500.0,710.0,0.245,2.7,0,debt_consolidation,0
44600.0,31900.0,687.0,0.424,5.5,0,debt_consolidation,0
51300.0,22800.0,757.0,0.169,8.8,0,home_improvement,0
51500.0,25400.0,701.0,0.11,1.2,2,home_improvement,0
55000.0,27400.0,650.0,0.193,1.0,1,debt_consolidation,0
68600.0,60000.0,685.0,0.319,11.8,0,debt_consolidation,0
192400.0,47700.0,686.0,,34.7,0,debt_consolidation,0
59600.0,42800.0,674.0,0.214,10.4,0,business,0
75500.0,7900.0,588.0,0.461,6.0,0,business,1
23300.0,14000.0,767.0,0.283,,0,home_improvement,0
42500.0,26400.0,755.0,0.268,2.4,1,business,0
100100.0,60000.0,607.0,0.195,0.7,0,home_improvement,0
66200.0,55700.0,659.0,0.475,12.1,1,debt_consolidation,1
6000.0,4200.0,664.0,0.265,6.4,0,home_improvement,1
75900.0,52000.0,599.0,,13.6,1,business,1
141400.0,42800.0,549.0,0.526,1.3,1,education,1
20000.0,17900.0,633.0,0.319,4.8,0,business,1
115800.0,55000.0,655.0,0.36,3.0,1,home_improvement,0
13500.0,5900.0,579.0,0.448,0.6,0,business,0
86600.0,43400.0,692.0,0.341,4.4,0,medical,0
53900.0,22400.0,761.0,0.377,9.0,0,medical,0
16700.0,9600.0,739.0,0.285,5.4,1,business,0
67700.0,25700.0,671.0,0.353,13.7,0,debt_consolidation,0
96300.0,28100.0,551.0,0.277,4.5,1,education,0
65000.0,54800.0,730.0,0.278,1.5,0,debt_consolidation,0
72600.0,60000.0,690.0,0.292,0.7,0,business,1
44100.0,21900.0,710.0,0.24,5.4,1,home_improvement,0
21400.0,18600.0,816.0,0.33,1.3,0,debt_consolidation,0
76600.0,33100.0,622.0,0.33,12.6,0,home_improvement,0
129900.0,53200.0,479.0,0.362,14.9,0,debt_consolidation,1
95300.0,60000.0,606.0,0.344,6.6,1,home_improvement,1
20100.0,12200.0,714.0,0.48,4.3,0,debt_consolidation,0
25400.0,18000.0,682.0,0.385,0.1,1,business,0
35500.0,15300.0,595.0,0.259,0.1,0,home_improvement,0
24400.0,10400.0,581.0,0.325,8.5,0,business,1
55400.0,9200.0,655.0,0.421,4.6,0,debt_consolidation,0
66000.0,57600.0,593.0,0.185,7.9,0,debt_consolidation,1
26500.0,7500.0,716.0,0.481,0.2,0,business,0
79900.0,39600.0,651.0,0.203,0.9,0,education,0
73200.0,14000.0,636.0,0.37,9.7,1,debt_consolidation,0
41200.0,25400.0,627.0,0.281,4.2,0,business,1
49700.0,20500.0,698.0,0.275,5.5,0,debt_consolidation,0
20400.0,14600.0,683.0,0.15,8.5,0,debt_consolidation,0
45900.0,24000.0,694.0,0.371,1.8,0,education,0
54400.0,11100.0,693.0,0.151,1.5,0,education,0
58900.0,6400.0,675.0,0.136,3.6,0,education,0
65500.0,17700.0,608.0,0.396,0.3,0,debt_consolidation,0
61200.0,41600.0,629.0,0.459,18.4,0,debt_consolidation,0
47500.0,36200.0,652.0,0.213,4.3,0,debt_consolidation,0
62500.0,23300.0,825.0,0.38,0.3,1,home_improvement,0
89400.0,47300.0,586.0,0.36,1.8,0,debt_consolidation,1
51700.0,15100.0,651.0,0.271,6.7,0,education,0
63500.0,51100.0,687.0,0.414,5.5,0,business,1
49400.0,43100.0,659.0,0.264,4.6,0,business,1
39200.0,27500.0,755.0,0.332,20.7,0,medical,0
70400.0,12000.0,658.0,0.155,0.3,0,debt_consolidation,0
41000.0,18400.0,664.0,0.159,8.6,1,home_improvement,0
65700.0,58600.0,737.0,0.397,0.3,0,business,0
54900.0,15600.0,807.0,0.335,1.6,0,debt_consolidation,0
46500.0,29600.0,779.0,0.266,3.5,1,debt_consolidation,1
46000.0,39100.0,670.0,0.471,3.9,0,debt_consolidation,1
42000.0,30200.0,677.0,0.47,6.0,0,education,1
23800.0,14000.0,683.0,0.324,2.9,1,business,1
65600.0,33200.0,690.0,,0.6,0,home_improvement,0
60800.0,51300.0,621.0,0.269,5.8,0,home_improvement,0
82900.0,34500.0,746.0,0.197,3.1,1,education,0
41500.0,34100.0,694.0,0.289,6.4,1,business,1
139800.0,60000.0,677.0,0.186,6.3,0,debt_consolidation,0
44800.0,31600.0,591.0,0.16,2.1,0,education,1
35000.0,29100.0,684.0,0.054,6.2,0,business,0
33000.0,17800.0,547.0,0.297,3.0,1,business,0
22800.0,7900.0,639.0,0.05,13.5,0,debt_consolidation,0
116600.0,16400.0,641.0,0.248,4.7,1,debt_consolidation,0
107500.0,60000.0,700.0,0.349,2.3,0,business,0
73200.0,43700.0,812.0,0.208,1.3,0,business,0
34600.0,10700.0,720.0,0.172,0.4,1,debt_consolidation,0
134000.0,60000.0,781.0,0.273,1.3,0,debt_consolidation,0
45400.0,38000.0,725.0,0.197,1.0,0,debt_consolidation,0
47400.0,38400.0,759.0,0.299,3.4,0,education,0
111100.0,60000.0,810.0,0.177,0.2,0,debt_consolidation,0
75300.0,60000.0,629.0,0.27,0.0,0,debt_consolidation,1
162800.0,60000.0,624.0,0.245,1.1,0,medical,0
61400.0,11300.0,727.0,0.279,5.6,0,debt_consolidation,0
44400.0,39300.0,680.0,0.444,10.3,0,business,1
39900.0,21500.0,695.0,0.3,1.6,1,home_improvement,0
21500.0,18000.0,663.0,0.33,1.4,0,home_improvement,1
47100.0,33400.0,638.0,0.218,4.8,0,business,0
96000.0,59300.0,793.0,0.302,3.6,0,debt_consolidation,0
73100.0,26400.0,603.0,0.253,13.7,0,debt_consolidation,0
54700.0,6700.0,728.0,0.283,4.6,0,home_improvement,0
32900.0,10600.0,717.0,0.345,3.4,1,home_improvement,0
60700.0,39400.0,569.0,0.23,5.5,3,home_improvement,1
89900.0,60000.0,622.0,0.24,2.0,0,business,1
67200.0,6800.0,634.0,0.231,7.5,1,business,1
58900.0,15700.0,720.0,0.229,9.4,1,debt_consolidation,1
36400.0,23200.0,654.0,0.297,0.3,1,debt_consolidation,1
83600.0,27300.0,674.0,0.244,5.4,1,home_improvement,0
11300.0,2400.0,578.0,0.43,8.4,0,business,1
65600.0,10900.0,843.0,0.548,0.7,0,debt_consolidation,0
195900.0,60000.0,685.0,0.223,0.9,0,debt_consolidation,0
25500.0,14700.0,715.0,0.309,5.6,1,debt_consolidation,0
48000.0,37800.0,642.0,0.384,6.0,0,business,1
54000.0,19000.0,634.0,0.253,4.5,0,debt_consolidation,0
43000.0,9000.0,814.0,0.181,12.1,1,home_improvement,0
91000.0,60000.0,546.0,0.454,0.1,1,debt_consolidation,1
68600.0,60000.0,700.0,0.349,2.9,1,education,0
58500.0,22700.0,595.0,0.312,1.9,0,debt_consolidation,0
80700.0,60000.0,652.0,0.425,2.5,0,home_improvement,0
54600.0,38800.0,635.0,0.357,5.4,0,debt_consolidation,0
265600.0,60000.0,611.0,0.275,2.7,0,debt_consolidation,1
58400.0,25700.0,682.0,0.182,8.2,0,debt_consolidation,0
59700.0,10800.0,500.0,0.231,5.2,1,medical,0
23000.0,4500.0,658.0,0.4,1.0,0,education,0
41300.0,29300.0,674.0,0.348,0.7,0,debt_consolidation,1
96200.0,60000.0,585.0,0.261,1.4,0,debt_consolidation,1
27800.0,12900.0,786.0,0.457,0.9,0,home_improvement,0
18400.0,2700.0,638.0,0.264,2.6,0,debt_consolidation,1
55100.0,8500.0,663.0,0.379,1.8,1,medical,0
107500.0,60000.0,639.0,0.302,2.3,0,debt_consolidation,0
55300.0,46200.0,674.0,0.473,,0,education,1
45800.0,19200.0,772.0,0.355,0.6,0,education,0
21400.0,13300.0,850.0,0.285,0.8,0,business,0
67900.0,36200.0,732.0,0.262,1.3,0,education,0
75400.0,60000.0,756.0,0.278,11.6,0,debt_consolidation,0
22200.0,17000.0,800.0,0.207,2.2,1,debt_consolidation,1
95500.0,24800.0,697.0,0.143,2.8,0,home_improvement,0
79400.0,51000.0,790.0,0.311,15.6,0,debt_consolidation,0
95400.0,60000.0,735.0,0.227,1.9,0,debt_consolidation,0
72500.0,60000.0,690.0,0.226,3.4,0,business,1
75100.0,43000.0,705.0,0.271,10.7,0,debt_consolidation,0
70300.0,16900.0,553.0,0.285,10.1,0,education,0
83600.0,45700.0,700.0,0.281,14.0,0,debt_consolidation,1
21800.0,13800.0,572.0,0.454,1.7,0,debt_consolidation,1
25600.0,8100.0,566.0,0.346,2.0,0,debt_consolidation,1
37500.0,32900.0,694.0,0.491,,0,debt_consolidation,1
50800.0,14400.0,602.0,0.236,2.5,0,debt_consolidation,0
65800.0,54600.0,680.0,0.358,4.3,1,business,1
63700.0,28000.0,690.0,0.242,8.5,1,education,0
94700.0,9500.0,693.0,0.224,15.3,1,debt_consolidation,0
96200.0,51400.0,617.0,0.495,4.6,1,debt_consolidation,0
35000.0,21100.0,743.0,0.203,1.1,0,business,0
61000.0,48500.0,674.0,0.057,11.5,0,debt_consolidation,0
35500.0,18900.0,711.0,0.209,4.1,0,debt_consolidation,0
49300.0,8600.0,596.0,0.079,0.2,0,medical,0
63600.0,53500.0,668.0,0.185,8.1,1,home_improvement,1
9900.0,5500.0,757.0,0.194,,0,debt_consolidation,1
180900.0,57400.0,748.0,0.284,7.3,0,education,0
71900.0,58900.0,624.0,0.075,0.2,1,debt_consolidation,1
40200.0,7900.0,642.0,0.4,3.8,0,home_improvement,0
142000.0,25300.0,611.0,0.092,5.4,0,debt_consolidation,0
45500.0,24000.0,634.0,0.267,2.9,2,business,1
57900.0,34700.0,582.0,0.248,0.1,0,home_improvement,1
42500.0,21600.0,670.0,0.363,7.5,0,debt_consolidation,0
123700.0,60000.0,724.0,0.315,1.9,1,home_improvement,0
51400.0,15900.0,625.0,0.399,8.5,0,debt_consolidation,0
58400.0,52100.0,674.0,0.244,8.6,0,business,0
98900.0,11400.0,665.0,0.234,1.8,0,debt_consolidation,1
72600.0,14100.0,754.0,0.321,3.1,1,debt_consolidation,0
52700.0,13100.0,637.0,0.383,12.3,0,medical,0
94400.0,15400.0,640.0,0.363,5.4,0,debt_consolidation,0
192800.0,60000.0,621.0,0.312,5.1,2,debt_consolidation,0
63500.0,50300.0,600.0,0.303,0.8,0,medical,0
57400.0,43400.0,717.0,0.276,3.5,0,education,0
59000.0,41100.0,671.0,0.321,9.3,1,debt_consolidation,1
104300.0,11000.0,684.0,0.483,0.9,0,home_improvement,0
40200.0,31900.0,769.0,0.256,1.3,0,home_improvement,0
47100.0,19700.0,773.0,0.244,,1,business,0
25100.0,17200.0,565.0,0.236,2.9,0,education,0
30000.0,20400.0,725.0,0.319,0.3,0,home_improvement,0
41800.0,10100.0,696.0,0.068,16.9,0,medical,0
52700.0,27000.0,648.0,0.266,1.2,1,debt_consolidation,0
131200.0,60000.0,703.0,0.368,5.0,1,home_improvement,0
70800.0,22000.0,559.0,0.227,4.5,0,education,1
34300.0,23100.0,782.0,0.299,4.6,0,home_improvement,0
37600.0,32600.0,716.0,0.491,15.2,0,home_improvement,1
107700.0,41800.0,619.0,0.313,21.2,0,debt_consolidation,0
95200.0,39000.0,639.0,0.056,6.5,0,education,0
54900.0,25400.0,561.0,0.139,,0,education,0
43400.0,32400.0,658.0,0.255,8.2,1,business,1
95100.0,42900.0,646.0,0.2,1.2,0,debt_consolidation,0
33000.0,16100.0,587.0,0.29,3.7,0,business,1
65900.0,18300.0,734.0,0.251,2.1,0,debt_consolidation,0
168800.0,60000.0,769.0,0.397,0.5,0,education,0
60000.0,48800.0,678.0,0.171,2.5,0,home_improvement,0
36800.0,21400.0,659.0,0.259,0.6,0,home_improvement,0
66500.0,57800.0,710.0,0.302,0.0,1,business,0
42800.0,27800.0,679.0,0.314,0.4,0,home_improvement,0
27000.0,23400.0,604.0,0.295,3.8,0,debt_consolidation,1
76900.0,17600.0,634.0,,2.5,0,home_improvement,1
94700.0,26600.0,659.0,0.288,1.2,0,home_improvement,1
46400.0,37500.0,697.0,0.265,12.0,1,education,0
44900.0,19600.0,681.0,0.366,0.3,0,debt_consolidation,1
33500.0,13300.0,695.0,0.352,,0,debt_consolidation,0
50300.0,35400.0,573.0,0.304,12.6,1,debt_consolidation,1
40900.0,24700.0,727.0,0.311,3.0,0,education,1
32700.0,12300.0,680.0,0.415,0.2,0,home_improvement,0
139500.0,58400.0,850.0,0.395,13.0,0,medical,0
68400.0,29200.0,653.0,,11.6,1,debt_consolidation,0
72100.0,14500.0,703.0,0.495,1.6,0,home_improvement,0
84300.0,23900.0,850.0,0.217,1.4,0,business,0
79700.0,42200.0,694.0,0.161,2.8,0,debt_consolidation,0
44100.0,32000.0,675.0,0.279,0.2,0,home_improvement,1
62100.0,27000.0,611.0,0.243,0.9,0,business,1
47400.0,19300.0,787.0,0.033,15.0,0,debt_consolidation,0
67500.0,41900.0,599.0,0.215,2.9,0,home_improvement,0
64300.0,14500.0,710.0,0.314,4.7,2,debt_consolidation,0
44700.0,18100.0,647.0,,2.9,0,debt_consolidation,1
27900.0,7400.0,667.0,0.202,0.4,2,medical,0
58300.0,36200.0,580.0,0.284,3.1,0,debt_consolidation,0
48900.0,9300.0,774.0,0.292,0.4,0,business,0
21100.0,9700.0,661.0,0.352,5.7,1,home_improvement,1
69800.0,40300.0,595.0,0.216,20.9,0,debt_consolidation,0
87800.0,60000.0,768.0,0.367,2.0,1,debt_consolidation,1
191800.0,60000.0,645.0,0.171,0.9,0,medical,0
44600.0,38100.0,703.0,0.23,4.5,1,debt_consolidation,0
41400.0,26700.0,739.0,0.45,12.4,0,debt_consolidation,1
31100.0,11800.0,713.0,0.178,2.2,0,debt_consolidation,0
60100.0,17200.0,526.0,0.214,,0,home_improvement,1
59900.0,8700.0,729.0,0.155,0.3,0,debt_consolidation,0
36100.0,11600.0,673.0,0.197,25.7,0,business,0
49600.0,10400.0,657.0,0.294,3.0,0,debt_consolidation,0
20100.0,7900.0,672.0,0.351,5.5,0,debt_consolidation,0
86100.0,57000.0,567.0,0.278,7.5,0,home_improvement,0
36900.0,24100.0,693.0,0.248,2.1,1,debt_consolidation,0
53200.0,18900.0,584.0,0.156,4.3,1,medical,1
26500.0,13400.0,660.0,0.207,6.8,0,business,0
40500.0,11100.0,691.0,0.125,4.2,0,education,0
47100.0,23700.0,755.0,0.354,5.8,1,business,0
53900.0,27400.0,623.0,0.361,2.6,0,medical,1
68900.0,23500.0,782.0,0.276,4.0,0,debt_consolidation,0
111300.0,34200.0,746.0,0.324,1.5,0,debt_consolidation,0
78100.0,60000.0,650.0,0.368,0.9,0,education,0
87600.0,46400.0,602.0,0.29,16.1,0,business,1
111600.0,60000.0,579.0,0.419,10.0,0,medical,0
72000.0,7600.0,699.0,0.178,16.4,3,education,1
53200.0,13100.0,628.0,0.245,0.3,0,debt_consolidation,1
89700.0,34600.0,764.0,0.233,19.9,0,medical,0
92600.0,60000.0,632.0,0.345,2.8,1,education,0
74900.0,18000.0,617.0,0.137,19.0,0,business,1
26200.0,9000.0,696.0,0.425,1.6,0,education,0
35600.0,31800.0,632.0,0.336,0.1,0,debt_consolidation,1
47200.0,22900.0,681.0,0.455,4.3,0,education,0
80000.0,28400.0,749.0,0.276,10.7,0,home_improvement,0
53600.0,32600.0,688.0,0.225,4.6,0,home_improvement,0
95600.0,47500.0,688.0,0.346,0.9,0,education,0
104600.0,60000.0,694.0,0.383,1.3,0,business,0
98700.0,16400.0,561.0,0.209,0.9,0,medical,0
99000.0,60000.0,707.0,0.08,9.4,3,debt_consolidation,1
32300.0,10400.0,691.0,0.097,4.5,0,debt_consolidation,0
69000.0,51400.0,743.0,0.306,0.1,0,debt_consolidation,0
40000.0,31100.0,722.0,0.434,2.3,0,education,0
23800.0,18500.0,666.0,0.15,,0,education,0
46900.0,37200.0,752.0,0.253,2.7,1,home_improvement,0
105100.0,60000.0,660.0,0.245,6.2,1,home_improvement,0
68200.0,14600.0,697.0,0.472,4.7,0,medical,0
148600.0,21000.0,658.0,0.506,1.9,1,debt_consolidation,0
59200.0,22100.0,712.0,0.322,1.1,0,home_improvement,0
184200.0,60000.0,654.0,,6.5,0,medical,0
59200.0,20300.0,795.0,0.367,6.8,0,debt_consolidation,0
54800.0,38000.0,821.0,0.152,23.8,0,debt_consolidation,0
28600.0,19400.0,741.0,0.35,1.8,1,education,0
94400.0,60000.0,788.0,0.178,20.9,1,debt_consolidation,0
42100.0,17700.0,572.0,0.263,2.2,1,home_improvement,0
39200.0,28600.0,581.0,0.394,5.0,1,business,1
102800.0,60000.0,657.0,0.288,0.1,1,debt_consolidation,1
96700.0,60000.0,683.0,0.39,16.2,0,business,0
95400.0,60000.0,666.0,0.41,0.4,0,debt_consolidation,1
45200.0,14800.0,565.0,0.104,0.9,3,home_improvement,0
52800.0,5900.0,761.0,0.062,5.3,0,debt_consolidation,0
52600.0,46000.0,831.0,0.396,5.4,0,education,0
80100.0,53900.0,770.0,0.4,9.5,1,business,0
117800.0,60000.0,756.0,0.306,3.4,0,debt_consolidation,0
65100.0,47800.0,696.0,0.319,3.9,1,business,0
145400.0,60000.0,621.0,0.369,27.8,0,education,0
84800.0,59500.0,685.0,0.367,3.3,1,business,0
48200.0,40700.0,827.0,,5.5,0,education,0
82000.0,60000.0,655.0,0.376,12.1,2,education,0
127100.0,51300.0,648.0,0.245,12.0,0,business,0
147100.0,18400.0,758.0,0.304,,0,education,0
98100.0,12800.0,762.0,0.3,4.6,0,medical,0
54900.0,25100.0,621.0,0.194,2.4,0,debt_consolidation,1
48600.0,37300.0,662.0,0.206,2.9,0,debt_consolidation,1
72300.0,56300.0,645.0,0.503,16.2,0,education,0
125100.0,53000.0,685.0,0.191,4.6,0,debt_consolidation,1
67300.0,23000.0,757.0,0.317,8.8,1,home_improvement,0
68000.0,34400.0,624.0,0.338,0.3,0,business,1
55600.0,42600.0,756.0,0.275,0.9,1,education,0
46000.0,28000.0,687.0,,1.5,1,business,0
50000.0,10600.0,843.0,0.313,3.1,1,debt_consolidation,0
58000.0,22600.0,702.0,0.193,0.5,1,debt_consolidation,0
127900.0,60000.0,673.0,0.334,0.6,0,debt_consolidation,0
48100.0,25500.0,720.0,0.226,4.2,0,business,0
55600.0,42500.0,656.0,0.454,4.9,1,home_improvement,0
35100.0,29700.0,554.0,0.323,7.7,0,business,1
77500.0,14000.0,663.0,0.21,14.8,0,debt_consolidation,1
107300.0,30000.0,662.0,0.314,4.8,0,debt_consolidation,0
122100.0,50500.0,569.0,0.188,6.9,0,medical,0
60000.0,20200.0,675.0,0.306,14.1,0,education,1
72200.0,30800.0,535.0,0.257,2.0,1,home_improvement,0
50200.0,6700.0,656.0,0.197,5.6,2,home_improvement,0
70500.0,10800.0,697.0,0.196,3.7,0,home_improvement,1
63400.0,48900.0,687.0,0.523,0.7,2,medical,1
55800.0,10200.0,651.0,0.289,1.1,0,debt_consolidation,0
58000.0,44000.0,674.0,0.237,1.5,0,debt_consolidation,0
67900.0,23400.0,625.0,0.22,1.1,0,debt_consolidation,0
46800.0,16300.0,681.0,0.327,17.0,0,home_improvement,0
48000.0,8700.0,684.0,0.216,1.1,0,medical,0
127200.0,14100.0,617.0,0.171,6.7,0,education,0
210100.0,60000.0,699.0,0.277,0.6,0,business,0
29700.0,22800.0,698.0,0.276,12.6,0,education,1
28900.0,24200.0,668.0,0.238,12.9,1,home_improvement,0
33600.0,5000.0,849.0,0.191,18.0,0,home_improvement,0
51400.0,6400.0,670.0,0.241,7.1,2,business,0
84800.0,19300.0,660.0,0.233,4.0,0,debt_consolidation,1
72800.0,51900.0,650.0,0.219,12.3,0,home_improvement,0
59000.0,15600.0,612.0,0.308,10.7,1,home_improvement,1
70600.0,20100.0,728.0,0.503,3.9,0,business,0
38300.0,31100.0,632.0,0.413,4.2,0,debt_consolidation,0
48000.0,38400.0,640.0,0.474,6.2,2,debt_consolidation,1
53600.0,34100.0,642.0,0.223,0.7,0,education,0
24500.0,5700.0,611.0,0.447,0.9,1,education,0
30300.0,12300.0,557.0,0.303,1.4,2,debt_consolidation,0
30900.0,8900.0,648.0,0.379,0.5,0,home_improvement,0
79400.0,50600.0,741.0,0.326,8.7,1,home_improvement,0
61200.0,44300.0,694.0,0.246,7.7,0,debt_consolidation,0
73500.0,15700.0,789.0,0.352,1.2,0,home_improvement,0
21600.0,17700.0,733.0,0.328,1.4,0,debt_consolidation,0
25800.0,12100.0,717.0,0.103,13.9,0,medical,0
75500.0,55600.0,812.0,0.268,6.4,1,debt_consolidation,0
13500.0,1900.0,673.0,,0.4,0,education,0
99900.0,38800.0,684.0,0.308,2.2,0,home_improvement,0
21800.0,2400.0,679.0,0.327,5.4,0,debt_consolidation,0
82600.0,55700.0,788.0,0.205,7.8,1,education,0
34700.0,5700.0,680.0,0.306,3.8,1,home_improvement,0
91500.0,33900.0,635.0,0.27,1.4,0,debt_consolidation,0
269400.0,60000.0,721.0,0.26,1.0,0,business,0
17400.0,12200.0,623.0,0.212,4.6,1,business,1
76700.0,47000.0,717.0,0.371,14.7,1,education,0
21900.0,14300.0,709.0,0.315,4.0,2,home_improvement,1
67100.0,41700.0,667.0,0.304,6.0,0,education,1
48900.0,30000.0,720.0,0.485,0.3,0,debt_consolidation,0
57800.0,21900.0,576.0,0.327,4.6,0,debt_consolidation,0
34300.0,4200.0,691.0,0.4,3.0,0,home_improvement,0
80000.0,36300.0,648.0,0.307,0.4,1,education,0
26300.0,3600.0,850.0,0.245,1.9,0,home_improvement,0
100800.0,47900.0,691.0,0.174,4.7,0,business,0
44200.0,20800.0,638.0,0.304,16.3,0,debt_consolidation,0
26900.0,6500.0,584.0,0.02,1.0,0,debt_consolidation,0
120300.0,60000.0,771.0,0.307,3.5,1,home_improvement,0
52400.0,34800.0,655.0,0.312,2.2,0,education,0
140600.0,60000.0,625.0,0.258,2.1,0,debt_consolidation,1
99800.0,60000.0,704.0,0.271,5.7,0,debt_consolidation,1
36300.0,12000.0,725.0,0.155,24.8,0,education,0
51900.0,16100.0,724.0,0.419,4.4,0,home_improvement,1
57600.0,14200.0,681.0,0.246,7.9,0,debt_consolidation,0
116200.0,60000.0,691.0,0.183,1.6,0,education,1
67400.0,17800.0,696.0,0.334,,1,business,1
59200.0,47100.0,704.0,0.291,0.4,1,home_improvement,1
49000.0,16800.0,710.0,0.244,2.3,0,education,0
52800.0,26000.0,757.0,0.234,28.1,0,debt_consolidation,0
104000.0,54500.0,684.0,0.279,10.7,0,home_improvement,0
54300.0,18800.0,623.0,0.415,6.3,1,debt_consolidation,0
44500.0,30700.0,670.0,0.327,0.8,0,business,1
40900.0,26700.0,733.0,0.277,3.7,1,debt_consolidation,0
41100.0,29100.0,555.0,0.365,8.1,0,business,1
26900.0,15700.0,555.0,0.283,3.8,1,home_improvement,0
37200.0,17400.0,744.0,0.32,2.3,1,home_improvement,0
114600.0,52600.0,786.0,0.295,8.0,2,home_improvement,0
48900.0,32900.0,591.0,0.339,10.0,1,debt_consolidation,1
77000.0,30900.0,687.0,0.236,4.0,1,debt_consolidation,0
15700.0,7100.0,652.0,0.166,0.9,0,debt_consolidation,0
72000.0,16600.0,662.0,0.371,9.8,0,education,0
50000.0,32200.0,701.0,0.43,2.9,0,education,0
42600.0,6900.0,589.0,0.171,6.5,0,business,0
59300.0,52900.0,602.0,0.298,8.6,0,debt_consolidation,1
42300.0,9100.0,659.0,0.235,1.8,0,medical,0
18700.0,7600.0,670.0,0.368,3.7,2,debt_consolidation,0
85900.0,24900.0,601.0,0.305,0.6,0,home_improvement,0
61200.0,20400.0,735.0,0.613,4.2,0,debt_consolidation,0
46300.0,16600.0,651.0,0.25,2.9,3,business,1
33400.0,22500.0,650.0,0.434,12.7,0,home_improvement,1
26000.0,6300.0,700.0,0.443,20.1,0,home_improvement,0
60600.0,18900.0,671.0,0.333,1.4,0,debt_consolidation,0
121400.0,22000.0,739.0,0.284,4.4,0,home_improvement,0
60000.0,21900.0,615.0,0.289,9.4,0,debt_consolidation,0
27100.0,23100.0,582.0,0.281,3.4,0,education,0
